Technique,AUC,Credibility,LagGlobal,MAP
ALLTRACED_MEDIAN_RAW_VSM_MAX.csv,0.7782366915019977,0.6757951190476189,2.2936507936507935,0.6795107654487806
