Technique,AUC,Credibility,LagGlobal,MAP
ALLTRACED_SUM_RAW_LSA_SUM.csv,0.9876295756397797,0.7820247574221771,0.5873015873015873,0.9753238772861293
