Technique,AUC,Credibility,LagGlobal,MAP
ALLTRACED_SUM_SINGLE_LSA_MAX.csv,0.9189072454378577,0.7527606462585034,1.0555555555555556,0.89364081227839
