Technique,AUC,Credibility,LagGlobal,MAP
ALLTRACED_SUM_MULTI_LSA_MEDIAN.csv,0.9876295756397797,0.7610268112244898,0.5873015873015873,0.9753238772861293
