Technique,AUC,Credibility,LagGlobal,MAP
ALLTRACED_MEDIAN_MULTI_LSA_SUM.csv,0.7782366915019977,0.6639700160703712,2.2936507936507935,0.6795107654487806
