Technique,AUC,Credibility,LagGlobal,MAP
DIRECT_NA_NA_LSA_SUM.csv,0.6654721412374474,0.5437802845382653,2.2182539682539684,0.5028251032539335
