Technique,AUC,Credibility,LagGlobal,MAP
DIRECT_NA_NA_LSA_MAX.csv,0.500728862973761,0.4623646743171743,2.25,0.308555231820347
