Technique,AUC,Credibility,LagGlobal,MAP
DIRECT_NA_NA_LSA_MEDIAN.csv,0.6654721412374474,0.5691672779029029,2.2182539682539684,0.5028251032539335
