Technique,AUC,Credibility,LagGlobal,MAP
LOWERTRACED_SUM_SINGLE_LSA_MAX.csv,0.7307526185077204,0.6281249753549237,2.2301587301587302,0.5825102197861276
