Technique,AUC,Credibility,LagGlobal,MAP
LOWERTRACED_RFSMOTE_SINGLE_VSM_MEDIAN.csv,0.9269281125148474,0.7779808928571429,2.0555555555555554,0.8994170579119479
