Technique,AUC,Credibility,LagGlobal,MAP
LOWERTRACED_RFSMOTE_MULTI_VSM_MEDIAN.csv,0.8872152035417341,0.7658439880952382,2.2261904761904763,0.8554814025975391
