Technique,AUC,Credibility,LagGlobal,MAP
LOWERTRACED_RFNONE_SINGLE_VSM_MAX.csv,0.9354483857034878,0.809759761904762,2.0198412698412698,0.9258383186347274
