Technique,AUC,Credibility,LagGlobal,MAP
LOWERTRACED_SUM_RAW_LSA_MAX.csv,0.7223234531908003,0.5922673430130762,2.3095238095238093,0.5542933084716177
