Technique,AUC,Credibility,LagGlobal,MAP
LOWERTRACED_MAX_SINGLE_VSM_MAX.csv,0.9829392074290034,0.7289534523809523,0.3412698412698413,0.9658712388741206
