Technique,AUC,Credibility,LagGlobal,MAP
LOWERTRACED_SUM_RAW_VSM_MEDIAN.csv,0.9202536173199438,0.6511631547619047,1.0396825396825398,0.8488990692685314
