Technique,AUC,Credibility,LagGlobal,MAP
LOWERTRACED_MAX_SINGLE_VSM_MEDIAN.csv,0.9773445092322642,0.7046070833333333,0.5992063492063492,0.956465825305962
