Technique,AUC,Credibility,LagGlobal,MAP
LOWERTRACED_RFNONE_MULTI_VSM_MAX.csv,0.8811480941582983,0.7571611904761905,2.2261904761904763,0.7463392898856064
