Technique,AUC,Credibility,LagGlobal,MAP
LOWERTRACED_RFNONE_MULTI_LSA_MAX.csv,0.7252659000107979,0.6531405812324931,2.2738095238095237,0.5217613862067465
