Technique,AUC,Credibility,LagGlobal,MAP
LOWERTRACED_RFSMOTE_RAW_LSA_SUM.csv,0.6887620127416045,0.6378852473292176,2.3095238095238093,0.5185023680735789
