Technique,AUC,Credibility,LagGlobal,MAP
LOWERTRACED_MAX_MULTI_LSA_MEDIAN.csv,0.7244020624122665,0.5711385653196818,2.3095238095238093,0.600770229437586
