Technique,AUC,Credibility,LagGlobal,MAP
LOWERTRACED_RFSMOTE_SINGLE_LSA_MAX.csv,0.681470008638376,0.6293088095238095,2.2738095238095237,0.42205386923801885
