Technique,AUC,Credibility,LagGlobal,MAP
LOWERTRACED_RFNONE_MULTI_LSA_MEDIAN.csv,0.729898904006047,0.673779912464986,2.257936507936508,0.5013384617348949
