Technique,AUC,Credibility,LagGlobal,MAP
LOWERTRACED_RFUNDER_SINGLE_LSA_MAX.csv,0.6842403628117913,0.639901388888889,2.3095238095238093,0.47407644404139776
