Technique,AUC,Credibility,LagGlobal,MAP
LOWERTRACED_RFUNDER_MULTI_VSM_MAX.csv,0.8876842403628118,0.8044877380952382,2.2261904761904763,0.7858596832626609
