Technique,AUC,Credibility,LagGlobal,MAP
LOWERTRACED_RFUNDER_RAW_LSA_MEDIAN.csv,0.7481407245437858,0.6663673799891113,2.3055555555555554,0.6159872992362903
