Technique,AUC,Credibility,LagGlobal,MAP
LOWERTRACED_MAX_SINGLE_LSA_MEDIAN.csv,0.7174171255803908,0.5869457156860488,2.257936507936508,0.5887456336826432
