Technique,AUC,Credibility,LagGlobal,MAP
LOWERTRACED_SUM_MULTI_VSM_SUM.csv,0.9269213637836087,0.7241023345449639,1.1746031746031746,0.8595196857991281
