Technique,AUC,Credibility,LagGlobal,MAP
LOWERTRACED_MAX_MULTI_LSA_SUM.csv,0.7244020624122665,0.5456606378179966,2.3095238095238093,0.600770229437586
