Technique,AUC,Credibility,LagGlobal,MAP
LOWERTRACED_RFNONE_SINGLE_LSA_MAX.csv,0.6707327772378793,0.6362264177489177,2.3095238095238093,0.44908638101451764
