Technique,AUC,Credibility,LagGlobal,MAP
LOWERTRACED_RFNONE_SINGLE_LSA_SUM.csv,0.6908136270381169,0.6542677276788185,2.261904761904762,0.47723885075393035
