Technique,AUC,Credibility,LagGlobal,MAP
LOWERTRACED_SUM_SINGLE_VSM_MEDIAN.csv,0.9518613000755858,0.4125235714285714,0.5555555555555556,0.88932322273393
