Technique,AUC,Credibility,LagGlobal,MAP
LOWERTRACED_SUM_SINGLE_VSM_MAX.csv,0.9523607061872369,-0.26994821428571425,0.4801587301587302,0.8891888239466296
