Technique,AUC,Credibility,LagGlobal,MAP
LOWERTRACED_MAX_MULTI_VSM_MEDIAN.csv,0.9441306284418529,0.6823345833333335,1.9642857142857142,0.9115888739383629
