Technique,AUC,Credibility,LagGlobal,MAP
LOWERTRACED_RFUNDER_SINGLE_LSA_SUM.csv,0.6824586977648202,0.6562941953693886,2.2261904761904763,0.4980111024481716
