Technique,AUC,Credibility,LagGlobal,MAP
LOWERTRACED_RFNONE_SINGLE_VSM_MEDIAN.csv,0.9345744250080984,0.7868077859120148,2.0238095238095237,0.9252975135728053
