Technique,AUC,Credibility,LagGlobal,MAP
LOWERTRACED_MAX_SINGLE_LSA_SUM.csv,0.7174171255803908,0.5582101877605722,2.257936507936508,0.5887456336826432
