Technique,AUC,Credibility,LagGlobal,MAP
LOWERTRACED_RFNONE_RAW_VSM_SUM.csv,0.7827549670661915,0.6854955720029919,2.2936507936507935,0.6387443423440328
