Technique,AUC,Credibility,LagGlobal,MAP
LOWERTRACED_RFNONE_RAW_VSM_MAX.csv,0.7773256127847965,0.673912619047619,2.2936507936507935,0.6352149868903512
