Technique,AUC,Credibility,LagGlobal,MAP
LOWERTRACED_RFSMOTE_RAW_LSA_MAX.csv,0.6670817136378361,0.6111776550075493,2.3095238095238093,0.43940733825619344
