Technique,AUC,Credibility,LagGlobal,MAP
LOWERTRACED_SUM_RAW_VSM_MAX.csv,0.9170378468847857,0.4329430952380952,0.7896825396825397,0.8403418016667935
