Technique,AUC,Credibility,LagGlobal,MAP
LOWERTRACED_RFSMOTE_RAW_VSM_MAX.csv,0.789200005398985,0.6708340476190475,2.2936507936507935,0.6176022657056399
