Technique,AUC,Credibility,LagGlobal,MAP
LOWERTRACED_RFUNDER_MULTI_LSA_MAX.csv,0.6966074128063924,0.6362311428047395,2.2698412698412698,0.45060748013590185
