Technique,AUC,Credibility,LagGlobal,MAP
LOWERTRACED_RFUNDER_SINGLE_VSM_SUM.csv,0.9321111381060361,0.8381182031167771,2.0238095238095237,0.9211125850069731
