Technique,AUC,Credibility,LagGlobal,MAP
LOWERTRACED_RFSMOTE_MULTI_VSM_MAX.csv,0.8840567973221034,0.7830520238095238,2.2182539682539684,0.8325237968089976
