Technique,AUC,Credibility,LagGlobal,MAP
LOWERTRACED_RFNONE_MULTI_VSM_MEDIAN.csv,0.8921991415613864,0.7563797023809524,2.2261904761904763,0.8169348488616339
