Technique,AUC,Credibility,LagGlobal,MAP
LOWERTRACED_RFUNDER_SINGLE_VSM_MEDIAN.csv,0.9321111381060361,0.8052887847201773,2.0238095238095237,0.9211125850069731
