Technique,AUC,Credibility,LagGlobal,MAP
LOWERTRACED_RFUNDER_RAW_LSA_MAX.csv,0.7294568621099233,0.6312196428571429,2.3055555555555554,0.4945278445933067
