Technique,AUC,Credibility,LagGlobal,MAP
LOWERTRACED_MAX_SINGLE_LSA_MAX.csv,0.6303045027534824,0.4961775627656799,2.253968253968254,0.3715966065514415
