Technique,AUC,Credibility,LagGlobal,MAP
LOWERTRACED_MAX_MULTI_VSM_MAX.csv,0.959608843537415,0.6863855952380954,1.6865079365079365,0.9389791219680462
