Technique,AUC,Credibility,LagGlobal,MAP
LOWERTRACED_RFSMOTE_SINGLE_VSM_MAX.csv,0.9001963880790411,0.800290238095238,2.2182539682539684,0.8275783743321107
