Technique,AUC,Credibility,LagGlobal,MAP
LOWERTRACED_SUM_MULTI_LSA_MAX.csv,0.7232750242954324,0.5922598722514859,2.3174603174603177,0.5551913363168429
