Technique,AUC,Credibility,LagGlobal,MAP
LOWERTRACED_MAX_RAW_VSM_MEDIAN.csv,0.9216775996112732,0.6798597023809523,2.1031746031746033,0.8709942128003436
