Technique,AUC,Credibility,LagGlobal,MAP
LOWERTRACED_SUM_SINGLE_LSA_SUM.csv,0.7767587193607601,0.6473507096185426,2.25,0.6545431094597172
