Technique,AUC,Credibility,LagGlobal,MAP
LOWERTRACED_MAX_RAW_LSA_MEDIAN.csv,0.7189693337652521,0.5773172688137755,2.3095238095238093,0.5878557224546714
