Technique,AUC,Credibility,LagGlobal,MAP
LOWERTRACED_RFSMOTE_MULTI_LSA_MAX.csv,0.6706990335816867,0.5998151190476191,2.1587301587301586,0.3879415644098894
