Technique,AUC,Credibility,LagGlobal,MAP
LOWERTRACED_SUM_SINGLE_VSM_SUM.csv,0.9518613000755858,0.7478358619263034,0.5555555555555556,0.8893264724414564
