Technique,AUC,Credibility,LagGlobal,MAP
LOWERTRACED_RFUNDER_RAW_VSM_MEDIAN.csv,0.7979261148904006,0.6914332738095238,2.2936507936507935,0.656751806377053
