Technique,AUC,Credibility,LagGlobal,MAP
LOWERTRACED_MAX_RAW_LSA_MAX.csv,0.6065489687938668,0.4782150403911565,2.261904761904762,0.39037602932889814
