Technique,AUC,Credibility,LagGlobal,MAP
LOWERTRACED_MAX_RAW_VSM_MAX.csv,0.9501369992441422,0.6771773809523809,1.8015873015873016,0.9213102953129739
