Technique,AUC,Credibility,LagGlobal,MAP
LOWERTRACED_RFNONE_RAW_LSA_SUM.csv,0.7370930515063168,0.6665081164631999,2.3095238095238093,0.5683707381452532
