Technique,AUC,Credibility,LagGlobal,MAP
LOWERTRACED_RFUNDER_RAW_VSM_SUM.csv,0.7979261148904006,0.6882264524806625,2.2936507936507935,0.656751806377053
