Technique,AUC,Credibility,LagGlobal,MAP
LOWERTRACED_RFUNDER_MULTI_VSM_SUM.csv,0.8985092052694095,0.8055992998840374,2.2261904761904763,0.8539877818624081
