Technique,AUC,Credibility,LagGlobal,MAP
LOWERTRACED_SUM_MULTI_LSA_MEDIAN.csv,0.7733911024727351,0.6338486894238731,2.3253968253968256,0.6403069732756834
