Technique,AUC,Credibility,LagGlobal,MAP
LOWERTRACED_RFUNDER_RAW_LSA_SUM.csv,0.7481407245437858,0.6595033015648065,2.3055555555555554,0.6159872992362901
