Technique,AUC,Credibility,LagGlobal,MAP
LOWERTRACED_RFSMOTE_MULTI_LSA_MEDIAN.csv,0.6963239660943743,0.6493797023809524,2.1944444444444446,0.43797925253342257
