Technique,AUC,Credibility,LagGlobal,MAP
LOWERTRACED_RFNONE_SINGLE_VSM_SUM.csv,0.9345744250080984,0.8243594647128256,2.0238095238095237,0.9252975135728053
