Technique,AUC,Credibility,LagGlobal,MAP
LOWERTRACED_SUM_RAW_VSM_SUM.csv,0.9202536173199438,0.7219325249325569,1.0396825396825398,0.8488990692685312
