Technique,AUC,Credibility,LagGlobal,MAP
LOWERTRACED_RFNONE_RAW_LSA_MAX.csv,0.7346398877011122,0.6448880966724039,2.2976190476190474,0.5150639757498019
