Technique,AUC,Credibility,LagGlobal,MAP
LOWERTRACED_MAX_SINGLE_VSM_SUM.csv,0.9773445092322642,0.7224021748720664,0.5992063492063492,0.956465825305962
