Technique,AUC,Credibility,LagGlobal,MAP
LOWERTRACED_RFUNDER_SINGLE_VSM_MAX.csv,0.9337274592376634,0.8496401190476189,2.0198412698412698,0.9236190777158477
