Technique,AUC,Credibility,LagGlobal,MAP
LOWERTRACED_MAX_RAW_VSM_SUM.csv,0.9216775996112732,0.697690684867363,2.1031746031746033,0.8709977303817784
