Technique,AUC,Credibility,LagGlobal,MAP
LOWERTRACED_RFUNDER_MULTI_LSA_SUM.csv,0.6946873987690315,0.6513264506547425,2.1746031746031744,0.47454659977746105
