Technique,AUC,Credibility,LagGlobal,MAP
LOWERTRACED_SUM_MULTI_VSM_MAX.csv,0.92792355037253,-0.13238142857142857,0.9325396825396826,0.8609532173098976
