Technique,AUC,Credibility,LagGlobal,MAP
LOWERTRACED_RFSMOTE_MULTI_VSM_SUM.csv,0.8872185779073534,0.7941656664054414,2.2261904761904763,0.8554814025975392
