Technique,AUC,Credibility,LagGlobal,MAP
LOWERTRACED_RFSMOTE_SINGLE_LSA_SUM.csv,0.6871861839974085,0.6482334896365617,2.2936507936507935,0.44976096156771184
