Technique,AUC,Credibility,LagGlobal,MAP
LOWERTRACED_SUM_MULTI_LSA_SUM.csv,0.7733911024727351,0.6432255982063566,2.3253968253968256,0.6403069732756834
