Technique,AUC,Credibility,LagGlobal,MAP
LOWERTRACED_RFSMOTE_SINGLE_VSM_SUM.csv,0.9269281125148474,0.8054490078579907,2.0555555555555554,0.8994170579119479
