Technique,AUC,Credibility,LagGlobal,MAP
LOWERTRACED_RFUNDER_RAW_VSM_MAX.csv,0.7853329823993089,0.6745901190476191,2.2936507936507935,0.6446526182937642
