Technique,AUC,Credibility,LagGlobal,MAP
LOWERTRACED_RFNONE_MULTI_LSA_SUM.csv,0.729898904006047,0.6586252451010249,2.257936507936508,0.5013384617348949
