Technique,AUC,Credibility,LagGlobal,MAP
LOWERTRACED_MAX_MULTI_VSM_SUM.csv,0.9441306284418529,0.7017722987845727,1.9642857142857142,0.911588873938363
