Technique,AUC,Credibility,LagGlobal,MAP
LOWERTRACED_SUM_RAW_LSA_MEDIAN.csv,0.7711842673577367,0.6336989974052619,2.3333333333333335,0.643674508319814
