Technique,AUC,Credibility,LagGlobal,MAP
LOWERTRACED_RFSMOTE_RAW_VSM_MEDIAN.csv,0.7983479105928086,0.6874749404761905,2.2936507936507935,0.629758227778305
