Technique,AUC,Credibility,LagGlobal,MAP
LOWERTRACED_RFUNDER_MULTI_LSA_MEDIAN.csv,0.6946873987690315,0.6665501738447139,2.1746031746031744,0.47454659977746105
