Technique,AUC,Credibility,LagGlobal,MAP
LOWERTRACED_RFSMOTE_RAW_LSA_MEDIAN.csv,0.6887653871072239,0.6504474584561556,2.3095238095238093,0.5185049373727152
