Technique,AUC,Credibility,LagGlobal,MAP
LOWERTRACED_RFNONE_SINGLE_LSA_MEDIAN.csv,0.6908136270381169,0.6660793777056278,2.261904761904762,0.47723885075393035
