Technique,AUC,Credibility,LagGlobal,MAP
LOWERTRACED_SUM_MULTI_VSM_MEDIAN.csv,0.9269213637836087,0.45401827380952386,1.1746031746031746,0.8595196857991281
