Technique,AUC,Credibility,LagGlobal,MAP
LOWERTRACED_MAX_RAW_LSA_SUM.csv,0.7189693337652521,0.5546160835057006,2.3095238095238093,0.5878557224546714
