Technique,AUC,Credibility,LagGlobal,MAP
LOWERTRACED_SUM_RAW_LSA_SUM.csv,0.7711842673577367,0.6413271814264889,2.3333333333333335,0.643674508319814
