Technique,AUC,Credibility,LagGlobal,MAP
LOWERTRACED_RFSMOTE_MULTI_LSA_SUM.csv,0.6963239660943743,0.6288008041825967,2.1944444444444446,0.43798534962503366
