Technique,AUC,Credibility,LagGlobal,MAP
LOWERTRACED_MAX_MULTI_LSA_MAX.csv,0.6045985854659324,0.4658552172947211,2.253968253968254,0.3899114351984773
