Technique,AUC,Credibility,LagGlobal,MAP
LOWERTRACED_RFNONE_MULTI_VSM_SUM.csv,0.8921991415613864,0.7810217379084125,2.2261904761904763,0.816938314426324
