Technique,AUC,Credibility,LagGlobal,MAP
NONETRACED_MEDIAN_RAW_VSM_MEDIAN.csv,0.7823601662887378,0.6837097023809525,2.3095238095238093,0.6736866711450513
