Technique,AUC,Credibility,LagGlobal,MAP
NONETRACED_SUM_MULTI_VSM_SUM.csv,0.7361144854767303,0.629513972914594,2.3253968253968256,0.5953478240859722
