Technique,AUC,Credibility,LagGlobal,MAP
NONETRACED_RFNONE_MULTI_VSM_SUM.csv,0.7842025699168557,0.6955284995680725,2.3134920634920637,0.6855562167944141
