Technique,AUC,Credibility,LagGlobal,MAP
NONETRACED_MAX_MULTI_LSA_MAX.csv,0.549876498218335,0.5272676977203492,2.3015873015873014,0.3623186812682171
