Technique,AUC,Credibility,LagGlobal,MAP
NONETRACED_MEDIAN_MULTI_LSA_SUM.csv,0.6440921606737933,0.5501811631130213,2.234126984126984,0.44103651412235756
