Technique,AUC,Credibility,LagGlobal,MAP
NONETRACED_RFNONE_RAW_VSM_MEDIAN.csv,0.786537630925386,0.6874689880952382,2.3015873015873014,0.6905482861324251
