Technique,AUC,Credibility,LagGlobal,MAP
NONETRACED_SUM_SINGLE_LSA_MAX.csv,0.49573142749163157,0.5438437503581457,2.3055555555555554,0.28284708279555737
