Technique,AUC,Credibility,LagGlobal,MAP
NONETRACED_RFUNDER_SINGLE_LSA_MAX.csv,0.7383516898823022,0.6587288836846213,2.3134920634920637,0.5881847638441162
