Technique,AUC,Credibility,LagGlobal,MAP
NONETRACED_MAX_MULTI_LSA_SUM.csv,0.6929529748407299,0.5751403198317012,2.257936507936508,0.517799644392406
