Technique,AUC,Credibility,LagGlobal,MAP
NONETRACED_RFSMOTE_SINGLE_VSM_SUM.csv,0.7947947035957239,0.6997879496182582,2.3214285714285716,0.6616974703926954
