Technique,AUC,Credibility,LagGlobal,MAP
NONETRACED_RFSMOTE_RAW_LSA_MAX.csv,0.7154802397149336,0.6525196305841925,2.3095238095238093,0.48204288178928956
