Technique,AUC,Credibility,LagGlobal,MAP
NONETRACED_RFUNDER_MULTI_VSM_MAX.csv,0.7805413832199546,0.6826496428571429,2.3095238095238093,0.6399425734016564
