Technique,AUC,Credibility,LagGlobal,MAP
NONETRACED_SUM_RAW_VSM_MEDIAN.csv,0.7604807796134327,0.608180119047619,2.3253968253968256,0.6292734653353496
