Technique,AUC,Credibility,LagGlobal,MAP
NONETRACED_SUM_MULTI_LSA_MAX.csv,0.5526603498542274,0.5252321289336948,2.2738095238095237,0.329451188486251
