Technique,AUC,Credibility,LagGlobal,MAP
NONETRACED_RFSMOTE_SINGLE_LSA_MEDIAN.csv,0.7266460155490768,0.6757774987335359,2.3293650793650795,0.526375504445511
