Technique,AUC,Credibility,LagGlobal,MAP
NONETRACED_RFUNDER_SINGLE_VSM_MEDIAN.csv,0.8203487744304072,0.7160166071428571,2.3015873015873014,0.7618641481372209
