Technique,AUC,Credibility,LagGlobal,MAP
NONETRACED_MEDIAN_SINGLE_VSM_SUM.csv,0.7920277237879279,0.6588533019738055,2.3134920634920637,0.652272171588137
