Technique,AUC,Credibility,LagGlobal,MAP
NONETRACED_RFSMOTE_MULTI_LSA_MAX.csv,0.7595157110463233,0.6653408102345415,2.2976190476190474,0.5623712867396762
