Technique,AUC,Credibility,LagGlobal,MAP
NONETRACED_RFNONE_SINGLE_VSM_MAX.csv,0.7936372961883165,0.6894795238095239,2.3015873015873014,0.7275517477175661
