Technique,AUC,Credibility,LagGlobal,MAP
NONETRACED_RFSMOTE_SINGLE_LSA_MAX.csv,0.7474827232480294,0.6640903799392098,2.3253968253968256,0.5836597957316364
