Technique,AUC,Credibility,LagGlobal,MAP
NONETRACED_RFUNDER_RAW_LSA_MEDIAN.csv,0.6610449735449736,0.6620407774170275,2.2896825396825395,0.4524162775176241
