Technique,AUC,Credibility,LagGlobal,MAP
NONETRACED_MAX_SINGLE_VSM_MEDIAN.csv,0.8988972573156246,0.6798893452380953,1.996031746031746,0.8366017986538508
