Technique,AUC,Credibility,LagGlobal,MAP
NONETRACED_RFNONE_SINGLE_LSA_MAX.csv,0.7219421498758233,0.6534717497753818,2.2976190476190474,0.5399929428435809
