Technique,AUC,Credibility,LagGlobal,MAP
NONETRACED_RFUNDER_RAW_LSA_SUM.csv,0.6610449735449736,0.645447457822439,2.2896825396825395,0.4524162775176241
