Technique,AUC,Credibility,LagGlobal,MAP
NONETRACED_MAX_RAW_LSA_MEDIAN.csv,0.6879589137242199,0.6014802823565323,2.2738095238095237,0.513808018507574
