Technique,AUC,Credibility,LagGlobal,MAP
NONETRACED_RFUNDER_MULTI_LSA_MAX.csv,0.6860254022243818,0.6291721044546851,2.3174603174603177,0.4338571093171058
