Technique,AUC,Credibility,LagGlobal,MAP
NONETRACED_MAX_RAW_VSM_SUM.csv,0.8086397257315626,0.6697409309037216,2.3055555555555554,0.7201034593717719
