Technique,AUC,Credibility,LagGlobal,MAP
NONETRACED_MAX_MULTI_VSM_MEDIAN.csv,0.8373387053233992,0.6699158333333333,2.2976190476190474,0.7518166795247297
