Technique,AUC,Credibility,LagGlobal,MAP
NONETRACED_RFUNDER_RAW_VSM_MAX.csv,0.7853194849368319,0.674457738095238,2.3015873015873014,0.6865268353850337
