Technique,AUC,Credibility,LagGlobal,MAP
NONETRACED_MEDIAN_RAW_LSA_SUM.csv,0.6432350718065003,0.5577457603898169,2.253968253968254,0.43602780016261405
