Technique,AUC,Credibility,LagGlobal,MAP
NONETRACED_SUM_SINGLE_VSM_MEDIAN.csv,0.824944660403844,0.046284761904761884,2.2261904761904763,0.694216582350987
