Technique,AUC,Credibility,LagGlobal,MAP
NONETRACED_SUM_MULTI_LSA_MEDIAN.csv,0.648492333441313,0.597629743353228,2.2738095238095237,0.4431159430644477
