Technique,AUC,Credibility,LagGlobal,MAP
NONETRACED_RFSMOTE_SINGLE_VSM_MEDIAN.csv,0.7947913292301048,0.697891607142857,2.3214285714285716,0.6616926448082585
