Technique,AUC,Credibility,LagGlobal,MAP
NONETRACED_MAX_MULTI_LSA_MEDIAN.csv,0.6929529748407299,0.6007061104005422,2.257936507936508,0.517799644392406
