Technique,AUC,Credibility,LagGlobal,MAP
NONETRACED_MEDIAN_RAW_VSM_SUM.csv,0.782363540654357,0.6559842043744196,2.3095238095238093,0.6736866711450514
