Technique,AUC,Credibility,LagGlobal,MAP
NONETRACED_RFUNDER_RAW_VSM_MEDIAN.csv,0.7866354875283447,0.6878975595238095,2.3015873015873014,0.6801416730805064
