Technique,AUC,Credibility,LagGlobal,MAP
NONETRACED_RFNONE_SINGLE_VSM_SUM.csv,0.8200282096965771,0.7241744323520024,2.3015873015873014,0.7672877746027398
