Technique,AUC,Credibility,LagGlobal,MAP
NONETRACED_SUM_SINGLE_LSA_SUM.csv,0.6272203325774754,0.5867437933224787,2.265873015873016,0.42197209671936703
