Technique,AUC,Credibility,LagGlobal,MAP
NONETRACED_RFUNDER_RAW_VSM_SUM.csv,0.7866354875283448,0.6762971711236492,2.3015873015873014,0.6801416730805064
