Technique,AUC,Credibility,LagGlobal,MAP
NONETRACED_RFNONE_MULTI_VSM_MAX.csv,0.7801837004643126,0.6825209523809525,2.3055555555555554,0.6882292945182887
