Technique,AUC,Credibility,LagGlobal,MAP
NONETRACED_RFNONE_RAW_LSA_MEDIAN.csv,0.7078103066623473,0.6729451785714285,2.2936507936507935,0.5090493775795746
