Technique,AUC,Credibility,LagGlobal,MAP
NONETRACED_MAX_RAW_VSM_MAX.csv,0.7791477702191988,0.6751269047619047,2.3174603174603177,0.6798833706507839
