Technique,AUC,Credibility,LagGlobal,MAP
NONETRACED_RFSMOTE_MULTI_VSM_MEDIAN.csv,0.682840001079797,0.6515344642857142,2.257936507936508,0.415676150749273
