Technique,AUC,Credibility,LagGlobal,MAP
NONETRACED_SUM_RAW_LSA_MAX.csv,0.5599186103012633,0.5350287932237504,2.2896825396825395,0.3322918927324312
