Technique,AUC,Credibility,LagGlobal,MAP
NONETRACED_SUM_RAW_VSM_MAX.csv,0.7118932890616565,0.5318307142857143,2.3293650793650795,0.5678982284306164
