Technique,AUC,Credibility,LagGlobal,MAP
NONETRACED_SUM_RAW_LSA_MEDIAN.csv,0.6474192851743871,0.602257701835474,2.2817460317460316,0.4392927743361901
