Technique,AUC,Credibility,LagGlobal,MAP
NONETRACED_RFUNDER_SINGLE_LSA_MEDIAN.csv,0.7280295054529748,0.6688987304839968,2.3174603174603177,0.5777227849415809
