Technique,AUC,Credibility,LagGlobal,MAP
NONETRACED_RFNONE_SINGLE_LSA_SUM.csv,0.6961721196415074,0.6487459451076908,2.3174603174603177,0.5208019506453548
