Technique,AUC,Credibility,LagGlobal,MAP
NONETRACED_MEDIAN_MULTI_LSA_MEDIAN.csv,0.6440921606737933,0.5947170920119236,2.234126984126984,0.44103651412235756
