Technique,AUC,Credibility,LagGlobal,MAP
NONETRACED_RFSMOTE_MULTI_LSA_SUM.csv,0.7437574236043624,0.6648012927038508,2.2182539682539684,0.517632678932885
