Technique,AUC,Credibility,LagGlobal,MAP
NONETRACED_MAX_RAW_VSM_MEDIAN.csv,0.808646474462801,0.6822655952380953,2.3055555555555554,0.7201283672849714
