Technique,AUC,Credibility,LagGlobal,MAP
NONETRACED_RFUNDER_MULTI_VSM_MEDIAN.csv,0.7852081308713962,0.6939392261904762,2.3174603174603177,0.6620310081870004
