Technique,AUC,Credibility,LagGlobal,MAP
NONETRACED_MEDIAN_RAW_LSA_MAX.csv,0.542439396393478,0.5267281468515776,2.246031746031746,0.3175675198937937
