Technique,AUC,Credibility,LagGlobal,MAP
NONETRACED_MEDIAN_MULTI_VSM_MEDIAN.csv,0.7781489579958969,0.6741604166666667,2.3174603174603177,0.6400115716617042
