Technique,AUC,Credibility,LagGlobal,MAP
NONETRACED_RFNONE_MULTI_VSM_MEDIAN.csv,0.7842025699168557,0.6952547023809524,2.3134920634920637,0.6855562167944141
