Technique,AUC,Credibility,LagGlobal,MAP
NONETRACED_MAX_MULTI_VSM_SUM.csv,0.8373387053233992,0.6763185731857319,2.2976190476190474,0.7518099003461716
