Technique,AUC,Credibility,LagGlobal,MAP
NONETRACED_RFNONE_RAW_LSA_SUM.csv,0.7078103066623476,0.6624329020530368,2.2936507936507935,0.5090493775795747
