Technique,AUC,Credibility,LagGlobal,MAP
NONETRACED_RFSMOTE_MULTI_VSM_MAX.csv,0.6693054205809308,0.6192103571428572,2.234126984126984,0.3866050530538233
