Technique,AUC,Credibility,LagGlobal,MAP
NONETRACED_RFNONE_MULTI_LSA_MAX.csv,0.6725110679192312,0.6245154971988796,2.261904761904762,0.396928964333634
