Technique,AUC,Credibility,LagGlobal,MAP
NONETRACED_RFNONE_RAW_LSA_MAX.csv,0.7428126012309686,0.6602246428571429,2.257936507936508,0.5204201901774534
