Technique,AUC,Credibility,LagGlobal,MAP
NONETRACED_MAX_SINGLE_VSM_SUM.csv,0.8988972573156246,0.7017318305997615,1.996031746031746,0.8366017986538508
