Technique,AUC,Credibility,LagGlobal,MAP
NONETRACED_RFNONE_RAW_VSM_SUM.csv,0.7865443796566245,0.6695754442228755,2.3015873015873014,0.6905541514165041
