Technique,AUC,Credibility,LagGlobal,MAP
NONETRACED_RFUNDER_MULTI_VSM_SUM.csv,0.7852115052370154,0.6946597554245034,2.3174603174603177,0.6620310081870004
