Technique,AUC,Credibility,LagGlobal,MAP
NONETRACED_SUM_SINGLE_VSM_MAX.csv,0.8170688910484829,-1.0051415476190475,2.1904761904761907,0.682502173831177
