Technique,AUC,Credibility,LagGlobal,MAP
NONETRACED_MAX_MULTI_VSM_MAX.csv,0.8450356333009394,0.6623109523809525,2.2936507936507935,0.7509559185237746
