Technique,AUC,Credibility,LagGlobal,MAP
NONETRACED_MEDIAN_SINGLE_VSM_MAX.csv,0.7843307958103877,0.673884880952381,2.3134920634920637,0.6843272619250117
