Technique,AUC,Credibility,LagGlobal,MAP
NONETRACED_MAX_SINGLE_LSA_MAX.csv,0.4908453460749379,0.4240670815153807,2.3015873015873014,0.28615309101320985
