Technique,AUC,Credibility,LagGlobal,MAP
NONETRACED_MEDIAN_SINGLE_LSA_SUM.csv,0.6002051614296513,0.5975248688386695,2.1746031746031744,0.39358975331254564
