Technique,AUC,Credibility,LagGlobal,MAP
NONETRACED_RFSMOTE_RAW_VSM_MEDIAN.csv,0.7365464042759962,0.6737844642857143,2.3134920634920637,0.5097420786995908
