Technique,AUC,Credibility,LagGlobal,MAP
NONETRACED_RFSMOTE_SINGLE_LSA_SUM.csv,0.7266460155490768,0.674066119609456,2.3293650793650795,0.526375504445511
