Technique,AUC,Credibility,LagGlobal,MAP
NONETRACED_MEDIAN_SINGLE_LSA_MAX.csv,0.5317764010366051,0.5685843621651028,2.257936507936508,0.29895743233423966
