Technique,AUC,Credibility,LagGlobal,MAP
NONETRACED_RFSMOTE_RAW_LSA_MEDIAN.csv,0.6820166558686966,0.6671685462690231,2.2936507936507935,0.44555010447236304
