Technique,AUC,Credibility,LagGlobal,MAP
NONETRACED_SUM_MULTI_VSM_MAX.csv,0.7202009772162834,-0.8061657142857144,2.3293650793650795,0.5766025354493128
