Technique,AUC,Credibility,LagGlobal,MAP
NONETRACED_MAX_RAW_LSA_MAX.csv,0.5495761796782205,0.5289083363858363,2.3015873015873014,0.36411440506165427
