Technique,AUC,Credibility,LagGlobal,MAP
NONETRACED_MAX_SINGLE_LSA_MEDIAN.csv,0.6126093294460642,0.5495381931085859,2.3333333333333335,0.4496638299806046
