Technique,AUC,Credibility,LagGlobal,MAP
NONETRACED_MEDIAN_MULTI_VSM_SUM.csv,0.7781320861678005,0.6442872187864123,2.3174603174603177,0.6399940931469785
