Technique,AUC,Credibility,LagGlobal,MAP
NONETRACED_RFSMOTE_MULTI_VSM_SUM.csv,0.682840001079797,0.6198111290382177,2.257936507936508,0.41567615074927294
