Technique,AUC,Credibility,LagGlobal,MAP
NONETRACED_SUM_MULTI_LSA_SUM.csv,0.648492333441313,0.551773026572383,2.2738095238095237,0.4431159430644477
