Technique,AUC,Credibility,LagGlobal,MAP
NONETRACED_MEDIAN_MULTI_VSM_MAX.csv,0.7790600367130979,0.6731130952380951,2.3253968253968256,0.6809201158035166
