Technique,AUC,Credibility,LagGlobal,MAP
NONETRACED_RFUNDER_SINGLE_VSM_MAX.csv,0.7974503293380845,0.6980709523809524,2.3015873015873014,0.7349504846521976
