Technique,AUC,Credibility,LagGlobal,MAP
NONETRACED_RFUNDER_SINGLE_VSM_SUM.csv,0.8203487744304071,0.728020586303261,2.3015873015873014,0.7618641481372209
