Technique,AUC,Credibility,LagGlobal,MAP
NONETRACED_MAX_SINGLE_VSM_MAX.csv,0.9152494331065759,0.6833019047619048,1.8373015873015872,0.8516781135352636
