Technique,AUC,Credibility,LagGlobal,MAP
NONETRACED_RFUNDER_MULTI_LSA_MEDIAN.csv,0.6822562358276644,0.6587884965437788,2.2976190476190474,0.44751456480030755
