Technique,AUC,Credibility,LagGlobal,MAP
NONETRACED_SUM_RAW_VSM_SUM.csv,0.7604774052478134,0.6301588696159071,2.3253968253968256,0.6292603233159043
