Technique,AUC,Credibility,LagGlobal,MAP
NONETRACED_RFNONE_SINGLE_LSA_MEDIAN.csv,0.6961721196415074,0.6651549719227313,2.3174603174603177,0.5208019506453548
