Technique,AUC,Credibility,LagGlobal,MAP
NONETRACED_MAX_SINGLE_LSA_SUM.csv,0.6126093294460642,0.5392960935944029,2.3333333333333335,0.4496638299806046
