Technique,AUC,Credibility,LagGlobal,MAP
NONETRACED_RFNONE_MULTI_LSA_MEDIAN.csv,0.6591384569700897,0.6535488200280113,2.2738095238095237,0.4143555948138193
