Technique,AUC,Credibility,LagGlobal,MAP
NONETRACED_RFSMOTE_RAW_LSA_SUM.csv,0.6820166558686966,0.6537252420015512,2.2936507936507935,0.44555010447236304
