Technique,AUC,Credibility,LagGlobal,MAP
NONETRACED_RFSMOTE_SINGLE_VSM_MAX.csv,0.7748015873015873,0.6818035714285715,2.3214285714285716,0.601958343743508
