Technique,AUC,Credibility,LagGlobal,MAP
NONETRACED_SUM_MULTI_VSM_MEDIAN.csv,0.7361144854767303,0.12678636904761903,2.3253968253968256,0.5953478240859722
