Technique,AUC,Credibility,LagGlobal,MAP
NONETRACED_RFSMOTE_MULTI_LSA_MEDIAN.csv,0.7437574236043624,0.6780805730277185,2.2182539682539684,0.517632678932885
