Technique,AUC,Credibility,LagGlobal,MAP
NONETRACED_SUM_SINGLE_VSM_SUM.csv,0.824944660403844,0.6826357647843662,2.2261904761904763,0.694216582350987
