Technique,AUC,Credibility,LagGlobal,MAP
NONETRACED_RFUNDER_RAW_LSA_MAX.csv,0.6905065597667638,0.6386804076479077,2.2817460317460316,0.44664720267492963
