Technique,AUC,Credibility,LagGlobal,MAP
NONETRACED_SUM_SINGLE_LSA_MEDIAN.csv,0.6272203325774754,0.6083996081170133,2.265873015873016,0.42197209671936703
