Technique,AUC,Credibility,LagGlobal,MAP
NONETRACED_MEDIAN_SINGLE_VSM_MEDIAN.csv,0.7920344725191664,0.6784495833333332,2.3134920634920637,0.6523024357370196
