Technique,AUC,Credibility,LagGlobal,MAP
NONETRACED_MEDIAN_MULTI_LSA_MAX.csv,0.5365646258503401,0.5188877773375594,2.253968253968254,0.3162116730301401
