Technique,AUC,Credibility,LagGlobal,MAP
NONETRACED_RFUNDER_SINGLE_LSA_SUM.csv,0.7280295054529748,0.6549029364098296,2.3174603174603177,0.5777227849415809
