Technique,AUC,Credibility,LagGlobal,MAP
NONETRACED_RFNONE_SINGLE_VSM_MEDIAN.csv,0.8200248353309578,0.710843988095238,2.3015873015873014,0.7672877746027398
