Technique,AUC,Credibility,LagGlobal,MAP
NONETRACED_RFNONE_RAW_VSM_MAX.csv,0.776768842457618,0.6739579761904763,2.2976190476190474,0.6759551004338706
