Technique,AUC,Credibility,LagGlobal,MAP
NONETRACED_RFSMOTE_RAW_VSM_MAX.csv,0.7470609275456215,0.657679880952381,2.3055555555555554,0.5035680831615179
