Technique,AUC,Credibility,LagGlobal,MAP
Random_MAX.csv,0.5359504913076342,0.5060498922902494,2.3214285714285716,0.3292957221849616
