Technique,AUC,Credibility,LagGlobal,MAP
Random_SUM.csv,0.5993548212935969,0.5586353252417218,2.3015873015873014,0.4365980194938386
