Technique,AUC,Credibility,LagGlobal,MAP
UPPERTRACED_RFNONE_SINGLE_VSM_MAX.csv,0.8453899416909622,0.6891213069371379,1.880952380952381,0.724063401345239
