Technique,AUC,Credibility,LagGlobal,MAP
UPPERTRACED_SUM_RAW_VSM_SUM.csv,0.9087301587301587,0.7100685977746014,2.0714285714285716,0.7919263076823415
