Technique,AUC,Credibility,LagGlobal,MAP
UPPERTRACED_RFNONE_RAW_VSM_MEDIAN.csv,0.6517216013389483,0.6293856547619048,2.246031746031746,0.5411336258466573
