Technique,AUC,Credibility,LagGlobal,MAP
UPPERTRACED_RFSMOTE_SINGLE_LSA_SUM.csv,0.6439234423928302,0.6333091187977181,2.3293650793650795,0.4230707140753776
