Technique,AUC,Credibility,LagGlobal,MAP
UPPERTRACED_SUM_SINGLE_VSM_MEDIAN.csv,0.943479375877335,0.4876313095238095,0.7380952380952381,0.856057806587191
