Technique,AUC,Credibility,LagGlobal,MAP
UPPERTRACED_RFSMOTE_SINGLE_VSM_MAX.csv,0.7709413130331497,0.6294792037997344,2.0396825396825395,0.624621870710975
