Technique,AUC,Credibility,LagGlobal,MAP
UPPERTRACED_RFUNDER_SINGLE_VSM_MEDIAN.csv,0.8669521379980564,0.6899094642857143,1.9285714285714286,0.6829629116535136
