Technique,AUC,Credibility,LagGlobal,MAP
UPPERTRACED_RFSMOTE_SINGLE_VSM_SUM.csv,0.7959149929813195,0.6591165002941275,1.992063492063492,0.7077829603859227
