Technique,AUC,Credibility,LagGlobal,MAP
UPPERTRACED_RFSMOTE_SINGLE_LSA_MEDIAN.csv,0.6439234423928302,0.6509332738095238,2.3293650793650795,0.4230707140753776
