Technique,AUC,Credibility,LagGlobal,MAP
UPPERTRACED_RFSMOTE_MULTI_LSA_MEDIAN.csv,0.6436804880682432,0.6453380357142857,2.238095238095238,0.4026133102760395
