Technique,AUC,Credibility,LagGlobal,MAP
UPPERTRACED_SUM_MULTI_LSA_MAX.csv,0.6598639455782312,0.5733589939107129,1.9801587301587302,0.4235315500757423
