Technique,AUC,Credibility,LagGlobal,MAP
UPPERTRACED_RFNONE_SINGLE_VSM_MEDIAN.csv,0.8739843159486016,0.7029622660089913,1.8888888888888888,0.7821841175346786
