Technique,AUC,Credibility,LagGlobal,MAP
UPPERTRACED_SUM_SINGLE_VSM_MAX.csv,0.9411510636000432,-0.07683547619047622,0.8611111111111112,0.8534525241735065
