Technique,AUC,Credibility,LagGlobal,MAP
UPPERTRACED_RFUNDER_MULTI_LSA_MEDIAN.csv,0.7168198628657813,0.6155310371572872,2.246031746031746,0.5468826971292302
