Technique,AUC,Credibility,LagGlobal,MAP
UPPERTRACED_MAX_SINGLE_VSM_SUM.csv,0.9776684483317136,0.7446333698534433,0.4880952380952381,0.9553008936366456
