Technique,AUC,Credibility,LagGlobal,MAP
UPPERTRACED_RFSMOTE_RAW_VSM_MAX.csv,0.6034614242522406,0.5585063095238095,2.2063492063492065,0.41913439725815627
