Technique,AUC,Credibility,LagGlobal,MAP
UPPERTRACED_MAX_SINGLE_LSA_SUM.csv,0.7414189882302127,0.5592796527781891,2.2182539682539684,0.6215894797619684
