Technique,AUC,Credibility,LagGlobal,MAP
UPPERTRACED_RFSMOTE_RAW_VSM_MEDIAN.csv,0.5969320267789656,0.6128082738095239,2.238095238095238,0.45299062643190047
