Technique,AUC,Credibility,LagGlobal,MAP
UPPERTRACED_RFUNDER_RAW_LSA_MEDIAN.csv,0.7563809253860274,0.5770312981256333,1.8055555555555556,0.6403897282036408
