Technique,AUC,Credibility,LagGlobal,MAP
UPPERTRACED_RFUNDER_MULTI_LSA_MAX.csv,0.6055029154518949,0.531089417989418,2.238095238095238,0.34094175058370835
