Technique,AUC,Credibility,LagGlobal,MAP
UPPERTRACED_RFUNDER_MULTI_VSM_MEDIAN.csv,0.578450626282259,0.5447606547619047,2.115079365079365,0.38794837850007524
