Technique,AUC,Credibility,LagGlobal,MAP
UPPERTRACED_RFNONE_SINGLE_LSA_MAX.csv,0.72374406111651,0.64557257518797,2.3095238095238093,0.46982943061570387
