Technique,AUC,Credibility,LagGlobal,MAP
UPPERTRACED_RFNONE_RAW_VSM_SUM.csv,0.6517216013389483,0.6061548385932622,2.246031746031746,0.5411336258466573
