Technique,AUC,Credibility,LagGlobal,MAP
UPPERTRACED_SUM_SINGLE_VSM_SUM.csv,0.943479375877335,0.7453058102512076,0.7380952380952381,0.856057806587191
