Technique,AUC,Credibility,LagGlobal,MAP
UPPERTRACED_MAX_SINGLE_LSA_MAX.csv,0.670115268329554,0.4852192978837079,2.2103174603174605,0.4465449884068254
