Technique,AUC,Credibility,LagGlobal,MAP
UPPERTRACED_MAX_MULTI_LSA_MEDIAN.csv,0.7847897095346075,0.5850422735379217,2.107142857142857,0.6441312652258236
