Technique,AUC,Credibility,LagGlobal,MAP
UPPERTRACED_RFNONE_MULTI_LSA_MEDIAN.csv,0.7548455890292625,0.6692908575837743,2.234126984126984,0.502495406512758
