Technique,AUC,Credibility,LagGlobal,MAP
UPPERTRACED_RFUNDER_RAW_VSM_SUM.csv,0.6164223625958319,0.5170539422604215,2.111111111111111,0.5024572343884393
