Technique,AUC,Credibility,LagGlobal,MAP
UPPERTRACED_SUM_SINGLE_LSA_SUM.csv,0.714690638160026,0.6206741238488553,2.0833333333333335,0.4986670400791457
