Technique,AUC,Credibility,LagGlobal,MAP
UPPERTRACED_RFSMOTE_MULTI_VSM_SUM.csv,0.35379886081416695,0.4652924755673496,2.3055555555555554,0.24083057036896
