Technique,AUC,Credibility,LagGlobal,MAP
UPPERTRACED_MAX_MULTI_VSM_SUM.csv,0.9527825018896448,0.7174406533446713,1.1349206349206349,0.9104940931819945
