Technique,AUC,Credibility,LagGlobal,MAP
UPPERTRACED_MAX_MULTI_VSM_MEDIAN.csv,0.9527791275240254,0.685940119047619,1.1349206349206349,0.9104940931819945
