Technique,AUC,Credibility,LagGlobal,MAP
UPPERTRACED_MAX_MULTI_VSM_MAX.csv,0.9633071482561277,0.6931371428571429,0.6071428571428571,0.9279075337387811
