Technique,AUC,Credibility,LagGlobal,MAP
UPPERTRACED_SUM_SINGLE_LSA_MEDIAN.csv,0.714690638160026,0.6318166219394905,2.0833333333333335,0.4986670400791457
