Technique,AUC,Credibility,LagGlobal,MAP
UPPERTRACED_RFNONE_MULTI_VSM_SUM.csv,0.6964218226973329,0.5939479648142176,2.1468253968253967,0.42092214817341
