Technique,AUC,Credibility,LagGlobal,MAP
UPPERTRACED_RFUNDER_MULTI_LSA_SUM.csv,0.7168198628657813,0.5894518694721741,2.246031746031746,0.5468826971292302
