Technique,AUC,Credibility,LagGlobal,MAP
UPPERTRACED_RFUNDER_SINGLE_LSA_MEDIAN.csv,0.7136648310117697,0.6638921345690175,2.3174603174603177,0.46618336851632425
