Technique,AUC,Credibility,LagGlobal,MAP
UPPERTRACED_SUM_MULTI_VSM_MEDIAN.csv,0.9070800939423389,0.4749279761904762,1.8373015873015872,0.788615839231478
