Technique,AUC,Credibility,LagGlobal,MAP
UPPERTRACED_RFNONE_SINGLE_VSM_SUM.csv,0.8739843159486016,0.7070529674867335,1.8888888888888888,0.7821841175346786
