Technique,AUC,Credibility,LagGlobal,MAP
UPPERTRACED_SUM_RAW_VSM_MAX.csv,0.8912239498974193,0.5434921428571429,1.7063492063492063,0.7695356094937444
