Technique,AUC,Credibility,LagGlobal,MAP
UPPERTRACED_SUM_MULTI_VSM_MAX.csv,0.89525294244682,-0.09554523809523807,1.7103174603174602,0.7759705138628438
