Technique,AUC,Credibility,LagGlobal,MAP
UPPERTRACED_RFSMOTE_MULTI_LSA_SUM.csv,0.6436804880682432,0.6260651673907488,2.238095238095238,0.4026133102760395
