Technique,AUC,Credibility,LagGlobal,MAP
UPPERTRACED_SUM_RAW_LSA_MEDIAN.csv,0.7406462585034013,0.6241663028119914,1.9246031746031746,0.5268020517047366
