Technique,AUC,Credibility,LagGlobal,MAP
UPPERTRACED_MAX_RAW_VSM_MEDIAN.csv,0.9296883435914047,0.6847566666666667,1.6071428571428572,0.8690067708474931
