Technique,AUC,Credibility,LagGlobal,MAP
UPPERTRACED_RFUNDER_MULTI_VSM_SUM.csv,0.5784573750134976,0.49075164291141055,2.115079365079365,0.38794837850007524
