Technique,AUC,Credibility,LagGlobal,MAP
UPPERTRACED_SUM_RAW_LSA_MAX.csv,0.6581227729186914,0.5706135264182726,1.992063492063492,0.42272879772720867
