Technique,AUC,Credibility,LagGlobal,MAP
UPPERTRACED_RFNONE_RAW_LSA_MAX.csv,0.7321158622179031,0.6531269841269841,2.25,0.5424929329729941
