Technique,AUC,Credibility,LagGlobal,MAP
UPPERTRACED_RFNONE_RAW_LSA_SUM.csv,0.7467268653493143,0.6571042856479548,2.1666666666666665,0.5298235074448443
