Technique,AUC,Credibility,LagGlobal,MAP
UPPERTRACED_RFSMOTE_RAW_VSM_SUM.csv,0.5969354011445849,0.5882185055344564,2.238095238095238,0.45299062643190047
