Technique,AUC,Credibility,LagGlobal,MAP
UPPERTRACED_MAX_RAW_LSA_SUM.csv,0.7847627146096534,0.5561570355914651,2.107142857142857,0.6440869406889997
