Technique,AUC,Credibility,LagGlobal,MAP
UPPERTRACED_RFNONE_RAW_LSA_MEDIAN.csv,0.7467268653493143,0.6691376388888889,2.1666666666666665,0.5298160941558192
