Technique,AUC,Credibility,LagGlobal,MAP
UPPERTRACED_RFUNDER_RAW_VSM_MAX.csv,0.48992414426087894,0.4296772619047619,2.0952380952380953,0.40136353643528894
