Technique,AUC,Credibility,LagGlobal,MAP
UPPERTRACED_RFSMOTE_RAW_LSA_MEDIAN.csv,0.7126660187884677,0.6751654166666667,2.2976190476190474,0.4721905363920321
