Technique,AUC,Credibility,LagGlobal,MAP
UPPERTRACED_MAX_RAW_LSA_MAX.csv,0.6851109491415615,0.49202831151787835,2.1507936507936507,0.4726664141930939
