Technique,AUC,Credibility,LagGlobal,MAP
UPPERTRACED_RFSMOTE_SINGLE_LSA_MAX.csv,0.6713502861462044,0.6227897619047619,2.3293650793650795,0.41822356441770825
