Technique,AUC,Credibility,LagGlobal,MAP
UPPERTRACED_MEDIAN_MULTI_VSM_MEDIAN.csv,0.7782366915019977,0.6878975595238095,2.2936507936507935,0.6795107654487806
