Technique,AUC,Credibility,LagGlobal,MAP
UPPERTRACED_SUM_RAW_LSA_SUM.csv,0.7406462585034013,0.6074472177206848,1.9246031746031746,0.5268020517047366
