Technique,AUC,Credibility,LagGlobal,MAP
UPPERTRACED_SUM_MULTI_LSA_MEDIAN.csv,0.7385406543569809,0.6258460903070412,1.9166666666666667,0.5231687407283986
