Technique,AUC,Credibility,LagGlobal,MAP
UPPERTRACED_RFSMOTE_RAW_LSA_MAX.csv,0.7237474354821294,0.6527688095238096,2.2976190476190474,0.4890779129586442
