Technique,AUC,Credibility,LagGlobal,MAP
UPPERTRACED_SUM_MULTI_LSA_SUM.csv,0.7385406543569809,0.6064214356956812,1.9166666666666667,0.5231687407283986
