Technique,AUC,Credibility,LagGlobal,MAP
UPPERTRACED_MAX_MULTI_LSA_MAX.csv,0.6851109491415615,0.49202149001446693,2.1507936507936507,0.4726664141930939
