Technique,AUC,Credibility,LagGlobal,MAP
UPPERTRACED_RFUNDER_MULTI_VSM_MAX.csv,0.41509421228808985,0.4065296428571429,2.0714285714285716,0.3089272198195952
