Technique,AUC,Credibility,LagGlobal,MAP
UPPERTRACED_MAX_RAW_VSM_MAX.csv,0.9476737123420798,0.6802830952380952,0.8928571428571429,0.8950448037138519
