Technique,AUC,Credibility,LagGlobal,MAP
UPPERTRACED_RFUNDER_SINGLE_LSA_MAX.csv,0.714731130547457,0.6457809116937914,2.2817460317460316,0.46597337015643847
