Technique,AUC,Credibility,LagGlobal,MAP
UPPERTRACED_MAX_RAW_VSM_SUM.csv,0.9296883435914047,0.70017082590612,1.6071428571428572,0.8690108323536425
