Technique,AUC,Credibility,LagGlobal,MAP
UPPERTRACED_RFUNDER_RAW_LSA_MAX.csv,0.5461613216715256,0.4644615526849038,1.9404761904761905,0.34276691604901194
