Technique,AUC,Credibility,LagGlobal,MAP
UPPERTRACED_MAX_SINGLE_LSA_MEDIAN.csv,0.7414189882302127,0.5812609577607275,2.2182539682539684,0.6215894797619684
