Technique,AUC,Credibility,LagGlobal,MAP
UPPERTRACED_MAX_SINGLE_VSM_MAX.csv,0.9822845804988661,0.7536785714285714,0.3888888888888889,0.9657013842322535
