Technique,AUC,Credibility,LagGlobal,MAP
UPPERTRACED_RFNONE_SINGLE_LSA_SUM.csv,0.7122408487204406,0.6512418179151531,2.2817460317460316,0.4541817041464945
