Technique,AUC,Credibility,LagGlobal,MAP
UPPERTRACED_RFUNDER_RAW_LSA_SUM.csv,0.7563809253860274,0.5329668147922699,1.8055555555555556,0.6403897282036408
