Technique,AUC,Credibility,LagGlobal,MAP
UPPERTRACED_RFSMOTE_SINGLE_VSM_MEDIAN.csv,0.7959149929813195,0.6648499780743897,1.992063492063492,0.7077829603859227
