Technique,AUC,Credibility,LagGlobal,MAP
UPPERTRACED_RFSMOTE_MULTI_VSM_MEDIAN.csv,0.35379886081416695,0.5387547023809524,2.3055555555555554,0.24083057036896
