Technique,AUC,Credibility,LagGlobal,MAP
UPPERTRACED_RFUNDER_RAW_VSM_MEDIAN.csv,0.6164189882302127,0.555826130952381,2.111111111111111,0.5024572343884393
