Technique,AUC,Credibility,LagGlobal,MAP
UPPERTRACED_SUM_RAW_VSM_MEDIAN.csv,0.9087301587301587,0.6680511904761904,2.0714285714285716,0.7919224478707002
