Technique,AUC,Credibility,LagGlobal,MAP
UPPERTRACED_RFUNDER_SINGLE_VSM_SUM.csv,0.8669555123636756,0.6891809238665526,1.9285714285714286,0.6829672951083214
