Technique,AUC,Credibility,LagGlobal,MAP
UPPERTRACED_RFNONE_MULTI_LSA_MAX.csv,0.7544642857142856,0.6416820370370371,2.257936507936508,0.49354110950455365
