Technique,AUC,Credibility,LagGlobal,MAP
UPPERTRACED_RFUNDER_SINGLE_LSA_SUM.csv,0.7136648310117697,0.6596498116584726,2.3174603174603177,0.46618336851632425
