Technique,AUC,Credibility,LagGlobal,MAP
UPPERTRACED_MAX_MULTI_LSA_SUM.csv,0.7847897095346075,0.5561479151026862,2.107142857142857,0.6441312652258236
