Technique,AUC,Credibility,LagGlobal,MAP
UPPERTRACED_RFUNDER_SINGLE_VSM_MAX.csv,0.8319430946981967,0.6717480952380952,1.9166666666666667,0.5624938662008936
