Technique,AUC,Credibility,LagGlobal,MAP
UPPERTRACED_RFSMOTE_MULTI_LSA_MAX.csv,0.6466769247381492,0.6075533333333333,2.2023809523809526,0.37825228475202954
