Technique,AUC,Credibility,LagGlobal,MAP
UPPERTRACED_RFNONE_RAW_VSM_MAX.csv,0.5392202515927006,0.5796127380952382,2.2103174603174605,0.4042469368318299
