Technique,AUC,Credibility,LagGlobal,MAP
UPPERTRACED_RFSMOTE_RAW_LSA_SUM.csv,0.7126660187884677,0.6684765384797312,2.2976190476190474,0.4721905363920321
