Technique,AUC,Credibility,LagGlobal,MAP
UPPERTRACED_RFSMOTE_MULTI_VSM_MAX.csv,0.39419001727675196,0.44187535714285714,2.3015873015873014,0.24526707821879382
