Technique,AUC,Credibility,LagGlobal,MAP
UPPERTRACED_SUM_MULTI_VSM_SUM.csv,0.9070800939423389,0.7164893683906095,1.8373015873015872,0.788615839231478
