Technique,AUC,Credibility,LagGlobal,MAP
UPPERTRACED_RFNONE_MULTI_VSM_MEDIAN.csv,0.6964218226973329,0.6290265277777777,2.1468253968253967,0.42092567663041586
