Technique,AUC,Credibility,LagGlobal,MAP
UPPERTRACED_SUM_SINGLE_LSA_MAX.csv,0.6599314328906165,0.5820877378123613,1.8849206349206349,0.4041533264156666
