Technique,AUC,Credibility,LagGlobal,MAP,Source
DIRECT_NA_NA_VSM_None,0.7782366915019977,0.6757951190476189,2.293650793650793,0.6795107654487806,Direct
LOWERTRACED_MAX_SINGLE_LSA_None,0.9829392074290032,0.7360352591740922,0.3412698412698413,0.9658712388741206,Indirect
LOWERTRACED_MAX.csv,0.9829392074290034,0.7312127182140462,0.3412698412698413,0.9658712388741206,Aggregated
