Technique,AUC,Credibility,LagGlobal,MAP,Source
DIRECT_NA_NA_VSM_None,0.7782366915019977,0.6757951190476189,2.293650793650793,0.6795107654487806,Direct
NONETRACED_MAX_SINGLE_LSA_None,0.9154991361624014,0.7206195327292928,1.825396825396825,0.8518149488599231,Indirect
NONETRACED_MEDIAN.csv,0.9145948061764388,0.7156814838896453,1.9404761904761905,0.8512902478544433,Aggregated
