Technique,AUC,Credibility,LagGlobal,MAP,Source
DIRECT_NA_NA_VSM_None,0.7782366915019977,0.6757951190476189,2.293650793650793,0.6795107654487806,Direct
UPPERTRACED_MAX_SINGLE_LSA_None,0.9822845804988664,0.7700382891069913,0.3888888888888889,0.9657013842322536,Indirect
UPPERTRACED_MEDIAN.csv,0.982284580498866,0.7593194674663759,0.3888888888888889,0.9657013842322536,Aggregated
