Technique,AUC,Credibility,LagGlobal,MAP,Source
DIRECT_NA_NA_VSM,0.7782366915019977,0.6757951190476189,2.293650793650793,0.6795107654487806,Direct
ALLTRACED_RFUNDER_RAW_LSA,1.0,1.0,0.0,1.0,All
UPPERTRACED_MAX_SINGLE_VSM,0.9822845804988664,0.761812619047619,0.3888888888888889,0.9657013842322536,Upper
LOWERTRACED_MAX_SINGLE_VSM,0.9829392074290032,0.7334190476190476,0.3412698412698413,0.9658712388741206,Lower
NONETRACED_MAX_SINGLE_VSM,0.9154991361624014,0.6839835714285715,1.8253968253968251,0.8518149488599231,None
