Technique,AUC,Credibility,LagGlobal,MAP
50Traced_NONETRACED_MAX_MULTI_LSA_79_MAX.csv,0.9779147770219199,0.7562039285714286,1.1904761904761905,0.9638841376926298
