Technique,AUC,Credibility,LagGlobal,MAP
50Traced_NONETRACED_RFNONE_RAW_LSA_75_MAX.csv,0.8575545297484073,0.7805554761904762,2.2936507936507935,0.8240271782652339
