Technique,AUC,Credibility,LagGlobal,MAP
50Traced_NONETRACED_MAX_RAW_LSA_27_MEDIAN.csv,0.951466499298132,0.8003155952380953,2.1706349206349205,0.9449475278894656
