Technique,AUC,Credibility,LagGlobal,MAP
50Traced_NONETRACED_MEDIAN_MULTI_LSA_29_SUM.csv,0.7850900280747221,0.6655549013712816,2.2936507936507935,0.690179108822384
