Technique,AUC,Credibility,LagGlobal,MAP
50Traced_NONETRACED_RFNONE_SINGLE_VSM_87_MAX.csv,0.8902892506208833,0.8208358333333333,2.2936507936507935,0.8755031877949083
