Technique,AUC,Credibility,LagGlobal,MAP
50Traced_NONETRACED_SUM_MULTI_VSM_40_SUM.csv,0.9441542490011877,0.7337188168017622,2.0873015873015874,0.9075934725951802
