Technique,AUC,Credibility,LagGlobal,MAP
50Traced_NONETRACED_RFSMOTE_MULTI_LSA_26_SUM.csv,0.8861927707590973,0.7820921863502576,2.0476190476190474,0.7800813220997024
