Technique,AUC,Credibility,LagGlobal,MAP
50Traced_NONETRACED_SUM_RAW_LSA_73_MAX.csv,0.9345845481049563,0.4453272619047619,1.6547619047619047,0.9029723764722049
