Technique,AUC,Credibility,LagGlobal,MAP
50Traced_NONETRACED_SUM_SINGLE_LSA_0_MEDIAN.csv,0.952580039952489,-0.3150965476190476,1.876984126984127,0.8997208614890929
