Technique,AUC,Credibility,LagGlobal,MAP
50Traced_NONETRACED_MEDIAN_MULTI_LSA_42_SUM.csv,0.7980745869776482,0.6668310877865805,2.2936507936507935,0.7039169309504182
