Technique,AUC,Credibility,LagGlobal,MAP
50Traced_NONETRACED_SUM_RAW_VSM_81_SUM.csv,0.961822427383652,0.7472513500147031,1.2222222222222223,0.9384792435755036
