Technique,AUC,Credibility,LagGlobal,MAP
50Traced_NONETRACED_RFNONE_MULTI_LSA_15_SUM.csv,0.8945173307418205,0.822597492611888,2.2936507936507935,0.8836019728756153
