Technique,AUC,Credibility,LagGlobal,MAP
50Traced_NONETRACED_RFUNDER_SINGLE_VSM_35_SUM.csv,0.9253657812331282,0.8446856624927642,2.2936507936507935,0.9187688640838086
