Technique,AUC,Credibility,LagGlobal,MAP
50Traced_NONETRACED_RFNONE_MULTI_LSA_8_MEDIAN.csv,0.888686426951733,0.8094101190476191,2.0476190476190474,0.794904072186579
