Technique,AUC,Credibility,LagGlobal,MAP
50Traced_NONETRACED_RFUNDER_SINGLE_LSA_50_MEDIAN.csv,0.9295061278479646,0.8539633333333333,2.123015873015873,0.9091718397712134
