Technique,AUC,Credibility,LagGlobal,MAP
50Traced_NONETRACED_RFNONE_RAW_LSA_44_SUM.csv,0.8894557823129252,0.7997476617006367,2.2936507936507935,0.8745339185413389
