Technique,AUC,Credibility,LagGlobal,MAP
50Traced_NONETRACED_RFUNDER_SINGLE_LSA_15_MEDIAN.csv,0.8738898337112624,0.7951344047619048,2.2182539682539684,0.8230733176845005
