Technique,AUC,Credibility,LagGlobal,MAP
50Traced_NONETRACED_RFUNDER_SINGLE_LSA_5_MEDIAN.csv,0.9118750674873124,0.8401870238095238,2.123015873015873,0.8818828887939737
