Technique,AUC,Credibility,LagGlobal,MAP
50Traced_NONETRACED_RFUNDER_MULTI_LSA_14_MEDIAN.csv,0.8783473706943095,0.7972884523809524,2.2936507936507935,0.716022502690094
