Technique,AUC,Credibility,LagGlobal,MAP
50Traced_NONETRACED_SUM_RAW_VSM_61_MEDIAN.csv,0.9608168664291112,0.4985835714285714,1.1865079365079365,0.9333249677308647
