Technique,AUC,Credibility,LagGlobal,MAP
50Traced_NONETRACED_MEDIAN_MULTI_VSM_33_MEDIAN.csv,0.7787698412698413,0.6758045238095238,2.2936507936507935,0.6798031007423366
