Technique,AUC,Credibility,LagGlobal,MAP
50Traced_NONETRACED_MEDIAN_MULTI_VSM_74_SUM.csv,0.7823669150199761,0.6658096125607139,2.2936507936507935,0.685681075009761
