Technique,AUC,Credibility,LagGlobal,MAP
50Traced_NONETRACED_SUM_MULTI_VSM_33_SUM.csv,0.9183504751106792,0.7269715099356635,2.1587301587301586,0.8627449533610688
