Technique,AUC,Credibility,LagGlobal,MAP
50Traced_NONETRACED_MEDIAN_MULTI_LSA_85_SUM.csv,0.784654734909837,0.6648714370295188,2.2936507936507935,0.6910126549300429
