Technique,AUC,Credibility,LagGlobal,MAP
50Traced_NONETRACED_RFSMOTE_MULTI_VSM_38_SUM.csv,0.8405072346398876,0.7472783465177602,2.2936507936507935,0.7542152597558277
