Technique,AUC,Credibility,LagGlobal,MAP
50Traced_NONETRACED_RFUNDER_RAW_LSA_72_MAX.csv,0.8743588705323398,0.8043160714285714,2.2182539682539684,0.8517096633623047
