Technique,AUC,Credibility,LagGlobal,MAP
50Traced_NONETRACED_RFSMOTE_SINGLE_LSA_61_SUM.csv,0.8521150523701546,0.7548096609085093,2.2936507936507935,0.7993331583480252
