Technique,AUC,Credibility,LagGlobal,MAP
50Traced_NONETRACED_MAX_MULTI_VSM_61_SUM.csv,0.973025321239607,0.7440585750805825,1.507936507936508,0.9564481182962061
