Technique,AUC,Credibility,LagGlobal,MAP
50Traced_NONETRACED_MAX_MULTI_VSM_86_MEDIAN.csv,0.9854699816434511,0.7602975,1.5476190476190477,0.9766604102057476
