Technique,AUC,Credibility,LagGlobal,MAP
50Traced_NONETRACED_MEDIAN_SINGLE_LSA_72_SUM.csv,0.7813242360436239,0.665839532238398,2.2936507936507935,0.6864402584625161
