Technique,AUC,Credibility,LagGlobal,MAP
50Traced_NONETRACED_RFUNDER_SINGLE_VSM_46_SUM.csv,0.919602364755426,0.8355457301282637,2.2182539682539684,0.9062145694936944
