Technique,AUC,Credibility,LagGlobal,MAP
50Traced_NONETRACED_RFUNDER_SINGLE_VSM_7_MAX.csv,0.8870329877982939,0.7964467857142857,2.2182539682539684,0.8358087145356453
