Technique,AUC,Credibility,LagGlobal,MAP
50Traced_NONETRACED_RFUNDER_SINGLE_VSM_85_MEDIAN.csv,0.9130223517978621,0.8460791666666667,2.2936507936507935,0.9039954767749017
