Technique,AUC,Credibility,LagGlobal,MAP
50Traced_NONETRACED_MAX_MULTI_LSA_8_SUM.csv,0.9768012363675629,0.7461708583943097,0.8174603174603174,0.9578727474297664
