Technique,AUC,Credibility,LagGlobal,MAP
50Traced_NONETRACED_MAX_MULTI_LSA_66_MEDIAN.csv,0.9551715527480833,0.7421330952380952,2.134920634920635,0.9328120040204846
