Technique,AUC,Credibility,LagGlobal,MAP
50Traced_NONETRACED_MEDIAN_SINGLE_VSM_31_MAX.csv,0.7789554313789008,0.6758340476190476,2.2936507936507935,0.6796904714532166
