Technique,AUC,Credibility,LagGlobal,MAP
50Traced_NONETRACED_MAX_MULTI_VSM_53_SUM.csv,0.9494992441421013,0.7347850445337447,1.7182539682539681,0.9309660827209147
