Technique,AUC,Credibility,LagGlobal,MAP
50Traced_NONETRACED_RFNONE_MULTI_VSM_29_SUM.csv,0.9325902980239714,0.8385923742497639,2.2182539682539684,0.9224460931684171
