Technique,AUC,Credibility,LagGlobal,MAP
50Traced_NONETRACED_RFNONE_SINGLE_LSA_93_SUM.csv,0.8920371720116619,0.8157425433385126,2.123015873015873,0.8728522781402895
