Technique,AUC,Credibility,LagGlobal,MAP
50Traced_NONETRACED_MAX_SINGLE_LSA_30_MEDIAN.csv,0.9833879980563655,0.7538010714285714,0.746031746031746,0.9701054303971988
