Technique,AUC,Credibility,LagGlobal,MAP
50Traced_NONETRACED_RFNONE_SINGLE_VSM_81_SUM.csv,0.861583522297808,0.7906077293361362,2.2182539682539684,0.8299592582823856
