Technique,AUC,Credibility,LagGlobal,MAP
50Traced_NONETRACED_RFNONE_SINGLE_LSA_84_MEDIAN.csv,0.8579223356009069,0.8013869047619048,2.2936507936507935,0.8236928675393967
