Technique,AUC,Credibility,LagGlobal,MAP
50Traced_NONETRACED_RFSMOTE_MULTI_VSM_77_SUM.csv,0.8287576935536118,0.7527072281681402,2.2182539682539684,0.772518865528886
