Technique,AUC,Credibility,LagGlobal,MAP
50Traced_NONETRACED_MAX_SINGLE_LSA_81_SUM.csv,0.9749993251268761,0.7361382964362851,0.9285714285714286,0.9536328826828023
