Technique,AUC,Credibility,LagGlobal,MAP
50Traced_NONETRACED_RFUNDER_SINGLE_VSM_34_SUM.csv,0.8970649767843646,0.8241208146726381,2.2182539682539684,0.87831944004715
