Technique,AUC,Credibility,LagGlobal,MAP
50Traced_NONETRACED_RFUNDER_RAW_VSM_44_MAX.csv,0.8825990713745815,0.7957957142857143,2.2936507936507935,0.8551288180674752
