Technique,AUC,Credibility,LagGlobal,MAP
50Traced_NONETRACED_SUM_MULTI_LSA_35_SUM.csv,0.9314160187884677,0.7281742247854883,1.2777777777777777,0.8703139208192793
