Technique,AUC,Credibility,LagGlobal,MAP
50Traced_NONETRACED_MAX_SINGLE_LSA_36_SUM.csv,0.9716519544325667,0.7328478643769265,1.873015873015873,0.9511284376222835
