Technique,AUC,Credibility,LagGlobal,MAP
50Traced_NONETRACED_MAX_RAW_LSA_71_MEDIAN.csv,0.9393390292624986,0.7873826190476191,2.3055555555555554,0.9147760805347038
