Technique,AUC,Credibility,LagGlobal,MAP
50Traced_NONETRACED_RFSMOTE_SINGLE_VSM_40_SUM.csv,0.8886256883705864,0.7997476617006367,2.2182539682539684,0.8420040563637792
