Technique,AUC,Credibility,LagGlobal,MAP
50Traced_NONETRACED_RFUNDER_MULTI_LSA_35_SUM.csv,0.8985699438505561,0.7867994241842611,2.0595238095238093,0.8041625989660331
