Technique,AUC,Credibility,LagGlobal,MAP
50Traced_NONETRACED_RFUNDER_SINGLE_LSA_20_MAX.csv,0.9093274214447683,0.8358338095238095,2.2182539682539684,0.9005705216971277
