Technique,AUC,Credibility,LagGlobal,MAP
50Traced_NONETRACED_RFSMOTE_MULTI_LSA_36_SUM.csv,0.8295877874959507,0.7415832029949561,2.2222222222222223,0.7406232844363803
