Technique,AUC,Credibility,LagGlobal,MAP
50Traced_NONETRACED_RFNONE_RAW_VSM_52_SUM.csv,0.8819714393693986,0.8069403103082619,2.2182539682539684,0.8646403746482944
