Technique,AUC,Credibility,LagGlobal,MAP
50Traced_NONETRACED_MAX_MULTI_VSM_64_SUM.csv,0.9631148094158297,0.7561048690985854,2.2063492063492065,0.9493987671245805
