Technique,AUC,Credibility,LagGlobal,MAP
50Traced_NONETRACED_RFSMOTE_RAW_VSM_43_MAX.csv,0.8828420256991686,0.8147555952380953,2.2976190476190474,0.8510936954447645
