Technique,AUC,Credibility,LagGlobal,MAP
50Traced_NONETRACED_RFUNDER_SINGLE_LSA_94_SUM.csv,0.8977432242738366,0.8294524418852633,2.2182539682539684,0.8785729564036803
