Technique,AUC,Credibility,LagGlobal,MAP
50Traced_NONETRACED_RFSMOTE_RAW_VSM_17_SUM.csv,0.852840540978296,0.786037763153886,2.2182539682539684,0.8110239511839101
