Technique,AUC,Credibility,LagGlobal,MAP
50Traced_NONETRACED_RFUNDER_MULTI_LSA_86_SUM.csv,0.9095838732318324,0.8195508484903878,2.2222222222222223,0.8413167136729978
