Technique,AUC,Credibility,LagGlobal,MAP
50Traced_NONETRACED_RFSMOTE_SINGLE_LSA_79_MEDIAN.csv,0.8202880358492602,0.7178453571428571,2.2936507936507935,0.7466383014308539
