Technique,AUC,Credibility,LagGlobal,MAP
50Traced_NONETRACED_RFNONE_RAW_VSM_52_MEDIAN.csv,0.8819714393693987,0.8101638095238095,2.2182539682539684,0.8646403746482946
