Technique,AUC,Credibility,LagGlobal,MAP
50Traced_NONETRACED_SUM_MULTI_VSM_60_SUM.csv,0.9302282420904869,0.7313435144988104,2.25,0.8977938016151138
