Technique,AUC,Credibility,LagGlobal,MAP
50Traced_NONETRACED_RFNONE_SINGLE_LSA_32_MAX.csv,0.918873501781665,0.8367603571428571,2.123015873015873,0.9054349577802215
