Technique,AUC,Credibility,LagGlobal,MAP
50Traced_NONETRACED_RFNONE_MULTI_LSA_20_SUM.csv,0.8973349260339056,0.8233591536422631,2.2182539682539684,0.8651439700343838
