Technique,AUC,Credibility,LagGlobal,MAP
50Traced_NONETRACED_RFSMOTE_SINGLE_LSA_83_MEDIAN.csv,0.8665809577799373,0.7850146428571428,2.2936507936507935,0.8111694983212594
