Technique,AUC,Credibility,LagGlobal,MAP
50Traced_NONETRACED_MAX_MULTI_LSA_11_MAX.csv,0.9604659324047079,0.746375119047619,1.3293650793650793,0.9443213217079898
