Technique,AUC,Credibility,LagGlobal,MAP
50Traced_NONETRACED_RFNONE_RAW_LSA_8_SUM.csv,0.8832975650577692,0.7951776955183865,2.2182539682539684,0.8601447722679145
