Technique,AUC,Credibility,LagGlobal,MAP
50Traced_NONETRACED_RFSMOTE_MULTI_LSA_92_MEDIAN.csv,0.8952563168124392,0.8172882142857143,2.2222222222222223,0.8476370161646058
