Technique,AUC,Credibility,LagGlobal,MAP
50Traced_NONETRACED_MEDIAN_MULTI_LSA_86_SUM.csv,0.7843071752510529,0.6653557797164668,2.2976190476190474,0.6894024470533877
