Technique,AUC,Credibility,LagGlobal,MAP
50Traced_NONETRACED_RFSMOTE_MULTI_VSM_64_SUM.csv,0.8921316542490012,0.7867863964181844,2.123015873015873,0.8386397273850084
