Technique,AUC,Credibility,LagGlobal,MAP
50Traced_NONETRACED_MEDIAN_MULTI_LSA_3_SUM.csv,0.7829473059064896,0.665816840057515,2.2936507936507935,0.6858367563071053
