Technique,AUC,Credibility,LagGlobal,MAP
50Traced_NONETRACED_RFUNDER_RAW_LSA_73_MEDIAN.csv,0.9124824532987799,0.8323561904761905,2.2182539682539684,0.8947278524573995
