Technique,AUC,Credibility,LagGlobal,MAP
50Traced_NONETRACED_SUM_MULTI_VSM_72_SUM.csv,0.9216303584926033,0.7222834750632674,1.8214285714285714,0.8594053880209761
