Technique,AUC,Credibility,LagGlobal,MAP
50Traced_NONETRACED_MEDIAN_SINGLE_LSA_48_SUM.csv,0.7794784580498866,0.6642434238348981,2.2936507936507935,0.6823282080905461
