Technique,AUC,Credibility,LagGlobal,MAP
50Traced_NONETRACED_RFUNDER_MULTI_LSA_67_MEDIAN.csv,0.8746828096317891,0.792187619047619,2.2182539682539684,0.6955727621674157
