Technique,AUC,Credibility,LagGlobal,MAP
50Traced_NONETRACED_RFUNDER_SINGLE_LSA_3_SUM.csv,0.90276765468092,0.8317374249763885,2.2182539682539684,0.8913459983642144
