Technique,AUC,Credibility,LagGlobal,MAP
50Traced_NONETRACED_SUM_RAW_LSA_8_MAX.csv,0.9310785822265415,0.4343714285714286,2.0992063492063493,0.9078161424968763
