Technique,AUC,Credibility,LagGlobal,MAP
50Traced_NONETRACED_RFSMOTE_SINGLE_VSM_2_MEDIAN.csv,0.8673199438505561,0.7752428571428571,2.2222222222222223,0.8098583436406815
