Technique,AUC,Credibility,LagGlobal,MAP
50Traced_NONETRACED_RFUNDER_SINGLE_VSM_70_SUM.csv,0.9054738959075692,0.8378307132193888,2.2182539682539684,0.8827356960859587
