Technique,AUC,Credibility,LagGlobal,MAP
50Traced_NONETRACED_SUM_SINGLE_VSM_46_MEDIAN.csv,0.9637930569053018,-0.29711392857142854,1.5277777777777777,0.9366248342071377
