Technique,AUC,Credibility,LagGlobal,MAP
50Traced_NONETRACED_SUM_SINGLE_LSA_50_MAX.csv,0.960276967930029,-0.22788892857142856,1.6031746031746033,0.918272942083759
