Technique,AUC,Credibility,LagGlobal,MAP
50Traced_NONETRACED_SUM_SINGLE_VSM_66_SUM.csv,0.9340244034121585,0.7363501699455145,1.2817460317460319,0.8511908648019076
