Technique,AUC,Credibility,LagGlobal,MAP
50Traced_NONETRACED_MEDIAN_SINGLE_LSA_42_SUM.csv,0.7805616294136701,0.6645400154019312,2.2936507936507935,0.6843595288511912
