Technique,AUC,Credibility,LagGlobal,MAP
50Traced_NONETRACED_RFUNDER_MULTI_LSA_92_MAX.csv,0.8969367508908325,0.8137647619047619,2.2182539682539684,0.7443444056953654
