Technique,AUC,Credibility,LagGlobal,MAP
50Traced_NONETRACED_SUM_RAW_VSM_33_MAX.csv,0.9645590379008747,0.42295297619047617,1.5992063492063493,0.9454647148223503
