Technique,AUC,Credibility,LagGlobal,MAP
50Traced_NONETRACED_RFNONE_MULTI_LSA_70_MEDIAN.csv,0.895495896771407,0.8231633333333334,2.2182539682539684,0.8608073082677915
