Technique,AUC,Credibility,LagGlobal,MAP
50Traced_NONETRACED_MEDIAN_RAW_LSA_35_SUM.csv,0.7827313465068567,0.6646553328258479,2.3015873015873014,0.6857976737729815
