Technique,AUC,Credibility,LagGlobal,MAP
50Traced_NONETRACED_MAX_RAW_LSA_48_MAX.csv,0.9726136486340569,0.7932185714285714,1.4166666666666667,0.954169072648897
