Technique,AUC,Credibility,LagGlobal,MAP
50Traced_NONETRACED_SUM_MULTI_VSM_62_MEDIAN.csv,0.9251498218334954,-0.13019916666666667,2.1666666666666665,0.8890116312122386
