Technique,AUC,Credibility,LagGlobal,MAP
50Traced_NONETRACED_SUM_RAW_LSA_86_MEDIAN.csv,0.9428146258503401,0.5142996428571428,1.5634920634920635,0.9027360536478406
