Technique,AUC,Credibility,LagGlobal,MAP
50Traced_NONETRACED_RFSMOTE_MULTI_LSA_50_MAX.csv,0.8710249973005075,0.757517380952381,2.2222222222222223,0.7691821424657388
