Technique,AUC,Credibility,LagGlobal,MAP
50Traced_NONETRACED_MAX_SINGLE_LSA_47_SUM.csv,0.982166477702192,0.7368333917558004,1.1666666666666667,0.9696604335748776
