Technique,AUC,Credibility,LagGlobal,MAP
50Traced_NONETRACED_MAX_MULTI_LSA_93_MAX.csv,0.9495836032825828,0.7435991666666667,1.3650793650793651,0.9272688356662028
