Technique,AUC,Credibility,LagGlobal,MAP
50Traced_NONETRACED_RFSMOTE_MULTI_LSA_89_SUM.csv,0.8564983533095777,0.7437806071668304,2.2182539682539684,0.7554213793800744
