Technique,AUC,Credibility,LagGlobal,MAP
50Traced_NONETRACED_RFUNDER_RAW_VSM_76_SUM.csv,0.882298752834467,0.8126958992170125,2.2182539682539684,0.8672250623840624
