Technique,AUC,Credibility,LagGlobal,MAP
50Traced_NONETRACED_RFUNDER_RAW_LSA_53_MEDIAN.csv,0.8740889212827988,0.8129980952380952,2.2182539682539684,0.8473923745594745
