Technique,AUC,Credibility,LagGlobal,MAP
50Traced_NONETRACED_SUM_MULTI_VSM_15_MAX.csv,0.9519389104848288,-0.1304420238095238,0.9642857142857143,0.8992473146989373
