Technique,AUC,Credibility,LagGlobal,MAP
50Traced_NONETRACED_RFNONE_RAW_VSM_28_MAX.csv,0.8558504751106792,0.7772377380952381,2.2182539682539684,0.8227211668170528
