Technique,AUC,Credibility,LagGlobal,MAP
50Traced_NONETRACED_SUM_MULTI_LSA_55_MAX.csv,0.9273499082172552,-0.255185,2.0238095238095237,0.8764166296053575
