Technique,AUC,Credibility,LagGlobal,MAP
50Traced_NONETRACED_RFSMOTE_RAW_LSA_85_MEDIAN.csv,0.8869317568297161,0.7890467857142857,2.2182539682539684,0.8436129675555123
