Technique,AUC,Credibility,LagGlobal,MAP
50Traced_NONETRACED_RFSMOTE_SINGLE_VSM_42_SUM.csv,0.8791673415397905,0.7658573319938732,2.2182539682539684,0.8377471686780602
