Technique,AUC,Credibility,LagGlobal,MAP
50Traced_NONETRACED_MEDIAN_MULTI_VSM_77_SUM.csv,0.7836997894395854,0.6699778132000689,2.2936507936507935,0.684765832285917
