Technique,AUC,Credibility,LagGlobal,MAP
50Traced_NONETRACED_RFSMOTE_RAW_VSM_19_MAX.csv,0.8684031152143397,0.7863988095238095,2.2182539682539684,0.7981465576925728
