Technique,AUC,Credibility,LagGlobal,MAP
50Traced_NONETRACED_RFUNDER_RAW_LSA_14_SUM.csv,0.8783507450599286,0.8187891874600128,2.2182539682539684,0.8537468366140728
