Technique,AUC,Credibility,LagGlobal,MAP
50Traced_NONETRACED_RFSMOTE_SINGLE_VSM_6_SUM.csv,0.8631188586545729,0.7595045199516094,2.2261904761904763,0.8122822413827939
