Technique,AUC,Credibility,LagGlobal,MAP
50Traced_NONETRACED_RFUNDER_MULTI_VSM_42_MEDIAN.csv,0.9011378360868156,0.8302823809523809,2.2182539682539684,0.8161828672865096
