Technique,AUC,Credibility,LagGlobal,MAP
50Traced_NONETRACED_RFUNDER_MULTI_LSA_50_MAX.csv,0.9235166288737717,0.830119880952381,2.126984126984127,0.7874104299926108
