Technique,AUC,Credibility,LagGlobal,MAP
50Traced_NONETRACED_MAX_MULTI_LSA_62_SUM.csv,0.9332617967822049,0.7442556626380156,2.2857142857142856,0.9160090666708177
