Technique,AUC,Credibility,LagGlobal,MAP
50Traced_NONETRACED_RFUNDER_SINGLE_VSM_66_MEDIAN.csv,0.9088887539142643,0.8436596428571429,2.2182539682539684,0.8907020361758878
