Technique,AUC,Credibility,LagGlobal,MAP
50Traced_NONETRACED_RFUNDER_MULTI_LSA_58_SUM.csv,0.8942777507828529,0.8050792889132621,2.2936507936507935,0.809412986116094
