Technique,AUC,Credibility,LagGlobal,MAP
50Traced_NONETRACED_SUM_SINGLE_LSA_21_SUM.csv,0.9516115970197603,0.7375990464822157,1.746031746031746,0.8980690602031842
