Technique,AUC,Credibility,LagGlobal,MAP
50Traced_NONETRACED_RFSMOTE_SINGLE_LSA_20_MAX.csv,0.8762485152791276,0.8048697619047619,2.2182539682539684,0.8550426755235312
