Technique,AUC,Credibility,LagGlobal,MAP
50Traced_NONETRACED_RFSMOTE_MULTI_LSA_16_SUM.csv,0.8167618237771299,0.714120784337233,2.2936507936507935,0.6872611184238451
