Technique,AUC,Credibility,LagGlobal,MAP
50Traced_NONETRACED_RFUNDER_MULTI_LSA_13_SUM.csv,0.9102654950869237,0.8157425433385126,2.0476190476190474,0.8434113634680851
