Technique,AUC,Credibility,LagGlobal,MAP
50Traced_NONETRACED_RFSMOTE_RAW_LSA_24_SUM.csv,0.8757221142425224,0.7654729153337598,2.123015873015873,0.8099188925912831
