Technique,AUC,Credibility,LagGlobal,MAP
50Traced_NONETRACED_SUM_MULTI_VSM_91_SUM.csv,0.9421363783608682,0.7328356304570296,1.4007936507936507,0.8760396499314284
