Technique,AUC,Credibility,LagGlobal,MAP
50Traced_NONETRACED_SUM_SINGLE_LSA_14_SUM.csv,0.9696037145016737,0.7506083671748205,0.8095238095238095,0.937581885744848
