Technique,AUC,Credibility,LagGlobal,MAP
50Traced_NONETRACED_MEDIAN_MULTI_LSA_24_SUM.csv,0.7845231346506856,0.6645870337477797,2.2936507936507935,0.6908269808942986
