Technique,AUC,Credibility,LagGlobal,MAP
50Traced_NONETRACED_RFNONE_RAW_LSA_46_MEDIAN.csv,0.8782225191663966,0.8045205952380953,2.2182539682539684,0.8543487034850843
