Technique,AUC,Credibility,LagGlobal,MAP
50Traced_NONETRACED_MEDIAN_SINGLE_LSA_83_SUM.csv,0.7801128387863082,0.6647667681637486,2.2936507936507935,0.684384726601411
