Technique,AUC,Credibility,LagGlobal,MAP
50Traced_NONETRACED_RFSMOTE_SINGLE_VSM_88_MAX.csv,0.8472222222222222,0.7355439285714286,2.2182539682539684,0.7178296438894611
