Technique,AUC,Credibility,LagGlobal,MAP
50Traced_NONETRACED_SUM_MULTI_LSA_20_MEDIAN.csv,0.9487163913184321,-0.21739714285714284,1.4285714285714286,0.907539118837427
