Technique,AUC,Credibility,LagGlobal,MAP
50Traced_NONETRACED_SUM_MULTI_VSM_22_MEDIAN.csv,0.9029971115430299,-0.24982928571428573,1.6111111111111112,0.8393893951407067
