Technique,AUC,Credibility,LagGlobal,MAP
50Traced_NONETRACED_RFNONE_SINGLE_VSM_20_SUM.csv,0.9065030774214448,0.8302141029156385,2.2182539682539684,0.8921022624488802
