Technique,AUC,Credibility,LagGlobal,MAP
50Traced_NONETRACED_RFNONE_MULTI_VSM_14_SUM.csv,0.8894490335816867,0.8108160629794307,2.2182539682539684,0.8692053125043991
