Technique,AUC,Credibility,LagGlobal,MAP
50Traced_NONETRACED_SUM_MULTI_VSM_51_MAX.csv,0.9486691501997625,-0.2011234523809524,1.4841269841269842,0.8795595005053004
