Technique,AUC,Credibility,LagGlobal,MAP
50Traced_NONETRACED_MAX_MULTI_LSA_60_SUM.csv,0.9614849908217256,0.7351990249778476,1.5476190476190477,0.9439550516153241
