Technique,AUC,Credibility,LagGlobal,MAP
50Traced_NONETRACED_MAX_MULTI_VSM_40_MEDIAN.csv,0.9509569700896232,0.7378213095238095,2.0238095238095237,0.9356472127083124
