Technique,AUC,Credibility,LagGlobal,MAP
50Traced_NONETRACED_MAX_SINGLE_LSA_6_SUM.csv,0.9773715041572184,0.7439953364908517,1.257936507936508,0.9603042916921184
