Technique,AUC,Credibility,LagGlobal,MAP
50Traced_NONETRACED_SUM_MULTI_VSM_43_SUM.csv,0.9261857520786092,0.727962486852869,1.630952380952381,0.8881812438765754
