Technique,AUC,Credibility,LagGlobal,MAP
50Traced_NONETRACED_RFSMOTE_MULTI_LSA_75_MEDIAN.csv,0.8162354227405247,0.7394919047619047,2.2222222222222223,0.725498585185297
