Technique,AUC,Credibility,LagGlobal,MAP
50Traced_NONETRACED_RFSMOTE_MULTI_VSM_57_MEDIAN.csv,0.8582260285066408,0.7947794047619048,2.2182539682539684,0.7975906016850752
