Technique,AUC,Credibility,LagGlobal,MAP
50Traced_NONETRACED_MEDIAN_MULTI_VSM_11_SUM.csv,0.780507639563762,0.6642286221771124,2.2936507936507935,0.6828011209629307
