Technique,AUC,Credibility,LagGlobal,MAP
50Traced_NONETRACED_MEDIAN_MULTI_VSM_94_MEDIAN.csv,0.778202947845805,0.6757726190476191,2.2936507936507935,0.6795028130177516
