Technique,AUC,Credibility,LagGlobal,MAP
50Traced_NONETRACED_MAX_MULTI_VSM_11_SUM.csv,0.9321921228808985,0.7324521258853768,2.234126984126984,0.9093908319564883
