Technique,AUC,Credibility,LagGlobal,MAP
50Traced_NONETRACED_RFNONE_SINGLE_VSM_68_MEDIAN.csv,0.8623427545621423,0.7934069047619048,2.1785714285714284,0.8341732301260141
