Technique,AUC,Credibility,LagGlobal,MAP
50Traced_NONETRACED_RFNONE_MULTI_LSA_64_SUM.csv,0.8882275132275133,0.8233591536422631,2.2936507936507935,0.8648219742207828
