Technique,AUC,Credibility,LagGlobal,MAP
50Traced_NONETRACED_RFNONE_SINGLE_VSM_56_MEDIAN.csv,0.8644787279991362,0.8096246428571429,2.2182539682539684,0.837491266276272
