Technique,AUC,Credibility,LagGlobal,MAP
50Traced_NONETRACED_RFSMOTE_RAW_LSA_39_SUM.csv,0.8757254886081417,0.7967010175791366,2.2222222222222223,0.8318569911582702
