Technique,AUC,Credibility,LagGlobal,MAP
50Traced_NONETRACED_RFNONE_SINGLE_LSA_85_SUM.csv,0.8724321077637405,0.7999639555001581,2.2182539682539684,0.8507557939262524
