Technique,AUC,Credibility,LagGlobal,MAP
50Traced_NONETRACED_SUM_MULTI_VSM_61_MEDIAN.csv,0.9369162347478674,-0.2601836904761905,1.5396825396825398,0.8850605181500605
