Technique,AUC,Credibility,LagGlobal,MAP
50Traced_NONETRACED_RFSMOTE_MULTI_LSA_30_MEDIAN.csv,0.9224469549724652,0.8289147619047619,2.0277777777777777,0.8580460617751767
