Technique,AUC,Credibility,LagGlobal,MAP
50Traced_NONETRACED_MAX_RAW_LSA_45_SUM.csv,0.9536260932944606,0.785435403452302,2.2063492063492065,0.9373972923583123
