Technique,AUC,Credibility,LagGlobal,MAP
50Traced_NONETRACED_SUM_MULTI_LSA_36_MAX.csv,0.9279505452974841,-0.1920920238095238,2.0833333333333335,0.8622464731282853
