Technique,AUC,Credibility,LagGlobal,MAP
50Traced_NONETRACED_MAX_SINGLE_LSA_87_SUM.csv,0.979861785984235,0.7422502255299954,0.8611111111111112,0.9638861477510874
