Technique,AUC,Credibility,LagGlobal,MAP
50Traced_NONETRACED_RFSMOTE_SINGLE_LSA_86_SUM.csv,0.9013133030990174,0.8066026109740121,2.2936507936507935,0.8832941655942579
