Technique,AUC,Credibility,LagGlobal,MAP
50Traced_NONETRACED_RFNONE_MULTI_VSM_2_SUM.csv,0.9005540708346831,0.8279291198245133,2.2182539682539684,0.8862233775771498
