Technique,AUC,Credibility,LagGlobal,MAP
50Traced_NONETRACED_MEDIAN_SINGLE_VSM_86_SUM.csv,0.7827077259475219,0.6647029095830161,2.2936507936507935,0.6867276889508965
