Technique,AUC,Credibility,LagGlobal,MAP
50Traced_NONETRACED_MAX_MULTI_LSA_56_MEDIAN.csv,0.9605030504265197,0.7412495238095238,1.5198412698412698,0.9383519637790876
