Technique,AUC,Credibility,LagGlobal,MAP
50Traced_NONETRACED_RFUNDER_SINGLE_VSM_37_MEDIAN.csv,0.9195719954648527,0.8414120238095238,2.123015873015873,0.8864293294294037
