Technique,AUC,Credibility,LagGlobal,MAP
50Traced_NONETRACED_MEDIAN_RAW_VSM_38_SUM.csv,0.7807910862757803,0.6640719360568383,2.2936507936507935,0.6853709677493338
