Technique,AUC,Credibility,LagGlobal,MAP
50Traced_NONETRACED_RFSMOTE_RAW_VSM_24_SUM.csv,0.8719630709426628,0.786037763153886,2.2182539682539684,0.8351280740866778
