Technique,AUC,Credibility,LagGlobal,MAP
50Traced_NONETRACED_RFUNDER_SINGLE_VSM_1_SUM.csv,0.8949087571536551,0.8302141029156385,2.2936507936507935,0.8842003249329995
