Technique,AUC,Credibility,LagGlobal,MAP
50Traced_NONETRACED_SUM_RAW_VSM_78_MEDIAN.csv,0.9305960479429867,0.4860964285714286,2.2857142857142856,0.902991718946971
