Technique,AUC,Credibility,LagGlobal,MAP
50Traced_NONETRACED_RFSMOTE_RAW_VSM_28_MEDIAN.csv,0.9284533257747543,0.8049692857142857,2.1785714285714284,0.8915421566853879
