Technique,AUC,Credibility,LagGlobal,MAP
50Traced_NONETRACED_MAX_RAW_VSM_64_SUM.csv,0.9408507450599288,0.7606618411457121,2.0198412698412698,0.9132045108753741
