Technique,AUC,Credibility,LagGlobal,MAP
50Traced_NONETRACED_SUM_SINGLE_VSM_84_MEDIAN.csv,0.9674913616240146,-0.33258940476190474,1.0912698412698412,0.937837235221299
