Technique,AUC,Credibility,LagGlobal,MAP
50Traced_NONETRACED_SUM_RAW_LSA_68_SUM.csv,0.9520468901846454,0.7433832186583366,1.5436507936507937,0.9240825232363055
