Technique,AUC,Credibility,LagGlobal,MAP
50Traced_NONETRACED_MAX_MULTI_LSA_19_SUM.csv,0.9593692635784472,0.731468705647928,1.8174603174603174,0.9409665809365931
