Technique,AUC,Credibility,LagGlobal,MAP
50Traced_NONETRACED_RFUNDER_MULTI_LSA_60_MEDIAN.csv,0.9187992657380413,0.8269785714285715,2.0515873015873014,0.7739899467234366
