Technique,AUC,Credibility,LagGlobal,MAP
50Traced_NONETRACED_MAX_SINGLE_LSA_7_MAX.csv,0.9809550804448763,0.7439705952380953,1.3888888888888888,0.9681296731421629
