Technique,AUC,Credibility,LagGlobal,MAP
50Traced_NONETRACED_RFNONE_RAW_VSM_73_SUM.csv,0.8560124446604038,0.7921310513968863,2.2936507936507935,0.8348776899200583
