Technique,AUC,Credibility,LagGlobal,MAP
50Traced_NONETRACED_RFSMOTE_RAW_LSA_62_SUM.csv,0.8766804340783934,0.7921310513968863,2.2182539682539684,0.8400667625908599
