Technique,AUC,Credibility,LagGlobal,MAP
50Traced_NONETRACED_SUM_MULTI_VSM_98_SUM.csv,0.931598234531908,0.7365973255366671,1.5198412698412698,0.8767401813605448
