Technique,AUC,Credibility,LagGlobal,MAP
50Traced_NONETRACED_MAX_RAW_VSM_25_SUM.csv,0.9500121477162294,0.7726024366843953,2.0476190476190474,0.9332423716822292
