Technique,AUC,Credibility,LagGlobal,MAP
50Traced_NONETRACED_RFSMOTE_SINGLE_VSM_29_MEDIAN.csv,0.8722566407515387,0.7801134523809524,2.130952380952381,0.7969007637192339
