Technique,AUC,Credibility,LagGlobal,MAP
50Traced_NONETRACED_RFNONE_SINGLE_VSM_24_MAX.csv,0.8840331767627686,0.7675694047619047,2.2182539682539684,0.8415909965538142
