Technique,AUC,Credibility,LagGlobal,MAP
50Traced_NONETRACED_MAX_MULTI_VSM_46_SUM.csv,0.9591026886945255,0.7449057472378368,2.2817460317460316,0.9352239110203941
