Technique,AUC,Credibility,LagGlobal,MAP
50Traced_NONETRACED_RFUNDER_SINGLE_LSA_57_SUM.csv,0.9205978026131086,0.8385923742497639,2.2182539682539684,0.9119624482900616
