Technique,AUC,Credibility,LagGlobal,MAP
50Traced_NONETRACED_RFUNDER_MULTI_LSA_1_SUM.csv,0.947960533419717,0.8477323066142644,2.2182539682539684,0.9070443424624599
