Technique,AUC,Credibility,LagGlobal,MAP
50Traced_NONETRACED_SUM_RAW_VSM_71_MAX.csv,0.930842376633193,0.4223677380952381,2.3015873015873014,0.9094931998602532
