Technique,AUC,Credibility,LagGlobal,MAP
50Traced_NONETRACED_RFUNDER_SINGLE_VSM_31_SUM.csv,0.9028081470683512,0.8294524418852633,2.2182539682539684,0.8877178880103987
