Technique,AUC,Credibility,LagGlobal,MAP
50Traced_NONETRACED_RFSMOTE_RAW_VSM_58_SUM.csv,0.8619175844941152,0.7738511866678853,2.1587301587301586,0.8234875646547151
