Technique,AUC,Credibility,LagGlobal,MAP
50Traced_NONETRACED_RFUNDER_RAW_VSM_51_MEDIAN.csv,0.8598490983695066,0.7908745238095238,2.2936507936507935,0.8305936873193338
