Technique,AUC,Credibility,LagGlobal,MAP
50Traced_NONETRACED_MAX_SINGLE_LSA_84_SUM.csv,0.970555285606306,0.7481604178288428,1.0396825396825398,0.9486251271078866
