Technique,AUC,Credibility,LagGlobal,MAP
50Traced_NONETRACED_RFUNDER_SINGLE_VSM_11_MAX.csv,0.9128333873231832,0.8472403571428572,2.2182539682539684,0.8923804348183969
