Technique,AUC,Credibility,LagGlobal,MAP
50Traced_NONETRACED_SUM_SINGLE_VSM_19_SUM.csv,0.9609619641507396,0.7555400389817322,1.7619047619047619,0.926579292654665
