Technique,AUC,Credibility,LagGlobal,MAP
50Traced_NONETRACED_RFUNDER_RAW_VSM_49_MAX.csv,0.8622145286686103,0.8097573809523809,2.2936507936507935,0.8450489948028966
