Technique,AUC,Credibility,LagGlobal,MAP
50Traced_NONETRACED_SUM_RAW_VSM_56_MAX.csv,0.9316151063600043,0.46594440476190474,1.5,0.8900034008136767
