Technique,AUC,Credibility,LagGlobal,MAP
50Traced_NONETRACED_MAX_SINGLE_LSA_72_SUM.csv,0.9774761094914156,0.7491265201270516,1.2738095238095237,0.9657843462194511
