Technique,AUC,Credibility,LagGlobal,MAP
50Traced_NONETRACED_SUM_RAW_LSA_70_MEDIAN.csv,0.9563998218334954,0.47883166666666666,1.7698412698412698,0.9279924509426164
