Technique,AUC,Credibility,LagGlobal,MAP
50Traced_NONETRACED_RFNONE_RAW_LSA_90_MAX.csv,0.8649173955296405,0.7946317857142857,2.2936507936507935,0.8418264134846768
