Technique,AUC,Credibility,LagGlobal,MAP
50Traced_NONETRACED_MEDIAN_SINGLE_LSA_37_SUM.csv,0.7804705215419502,0.6639017169923032,2.2936507936507935,0.6837240498213801
