Technique,AUC,Credibility,LagGlobal,MAP
50Traced_NONETRACED_MAX_SINGLE_LSA_20_MAX.csv,0.9729814544865565,0.7383107142857143,1.1865079365079365,0.9550981867321335
