Technique,AUC,Credibility,LagGlobal,MAP
50Traced_NONETRACED_RFSMOTE_SINGLE_VSM_54_SUM.csv,0.8848396501457726,0.7868316271133861,2.2182539682539684,0.8522667670577712
