Technique,AUC,Credibility,LagGlobal,MAP
50Traced_NONETRACED_SUM_MULTI_VSM_86_MEDIAN.csv,0.9241746301695282,-0.20667119047619048,2.0515873015873014,0.8653722963955184
