Technique,AUC,Credibility,LagGlobal,MAP
50Traced_NONETRACED_RFSMOTE_RAW_LSA_14_SUM.csv,0.8915951301155384,0.7989860006702617,2.2976190476190474,0.8643923402821465
