Technique,AUC,Credibility,LagGlobal,MAP
50Traced_NONETRACED_SUM_RAW_LSA_59_SUM.csv,0.9737069430946982,0.7471554091003109,1.8253968253968254,0.9569435397760745
