Technique,AUC,Credibility,LagGlobal,MAP
50Traced_NONETRACED_RFNONE_RAW_VSM_86_MAX.csv,0.8897324802937048,0.8081771428571428,2.2182539682539684,0.8705711183883004
