Technique,AUC,Credibility,LagGlobal,MAP
50Traced_NONETRACED_MAX_MULTI_VSM_51_MEDIAN.csv,0.9506127847964583,0.7477696428571429,2.238095238095238,0.9347409401668444
