Technique,AUC,Credibility,LagGlobal,MAP
50Traced_NONETRACED_RFSMOTE_RAW_VSM_25_MEDIAN.csv,0.8661355415181946,0.7754653571428571,2.2182539682539684,0.8171757012661404
