Technique,AUC,Credibility,LagGlobal,MAP
50Traced_NONETRACED_SUM_SINGLE_VSM_28_SUM.csv,0.9669615862217904,0.7564201331907034,1.1626984126984128,0.9293782221709108
