Technique,AUC,Credibility,LagGlobal,MAP
50Traced_NONETRACED_RFSMOTE_MULTI_VSM_45_MAX.csv,0.8493143289061655,0.7665458333333334,2.2222222222222223,0.7321852518479018
