Technique,AUC,Credibility,LagGlobal,MAP
50Traced_NONETRACED_SUM_MULTI_LSA_58_SUM.csv,0.9239519220386567,0.7257997777137768,2.2698412698412698,0.8892396446077656
