Technique,AUC,Credibility,LagGlobal,MAP
50Traced_NONETRACED_SUM_SINGLE_VSM_45_MEDIAN.csv,0.9576078447251917,-0.25176642857142856,0.9761904761904762,0.9127982479950548
