Technique,AUC,Credibility,LagGlobal,MAP
50Traced_NONETRACED_RFSMOTE_SINGLE_VSM_32_SUM.csv,0.8855718874851528,0.7706008084193764,2.2222222222222223,0.8287596620280587
