Technique,AUC,Credibility,LagGlobal,MAP
50Traced_NONETRACED_SUM_RAW_VSM_3_SUM.csv,0.9548948547673037,0.7388930085454642,1.9603174603174602,0.928555690448378
