Technique,AUC,Credibility,LagGlobal,MAP
50Traced_NONETRACED_RFNONE_SINGLE_LSA_78_SUM.csv,0.8706875607385812,0.803555966852512,2.2182539682539684,0.8489132149496688
