Technique,AUC,Credibility,LagGlobal,MAP
50Traced_NONETRACED_RFUNDER_SINGLE_LSA_22_SUM.csv,0.9171492009502215,0.8446856624927642,2.2182539682539684,0.9150058814073485
