Technique,AUC,Credibility,LagGlobal,MAP
50Traced_NONETRACED_RFSMOTE_MULTI_LSA_40_MAX.csv,0.8919089461181298,0.8235709523809523,2.2182539682539684,0.8435110302807713
