Technique,AUC,Credibility,LagGlobal,MAP
50Traced_NONETRACED_SUM_RAW_VSM_16_MEDIAN.csv,0.9459831551668285,0.5308521428571429,1.7936507936507937,0.9142646001729323
