Technique,AUC,Credibility,LagGlobal,MAP
50Traced_NONETRACED_RFSMOTE_MULTI_VSM_51_SUM.csv,0.9052039466580283,0.802794305822137,2.1547619047619047,0.8708089745925611
