Technique,AUC,Credibility,LagGlobal,MAP
50Traced_NONETRACED_RFUNDER_RAW_LSA_49_SUM.csv,0.8888753914264119,0.8005093227310118,2.2936507936507935,0.8599465651027989
