Technique,AUC,Credibility,LagGlobal,MAP
50Traced_NONETRACED_MAX_RAW_LSA_3_SUM.csv,0.953963529856387,0.7848681733481385,1.9444444444444444,0.9396019330221539
