Technique,AUC,Credibility,LagGlobal,MAP
50Traced_NONETRACED_RFSMOTE_RAW_VSM_85_SUM.csv,0.9183504751106792,0.8165042043688877,2.2936507936507935,0.8933246375552812
