Technique,AUC,Credibility,LagGlobal,MAP
50Traced_NONETRACED_RFSMOTE_RAW_VSM_2_SUM.csv,0.8652683295540439,0.7700428815160101,2.2182539682539684,0.8194632549761615
