Technique,AUC,Credibility,LagGlobal,MAP
50Traced_NONETRACED_SUM_RAW_LSA_39_MAX.csv,0.9609855847100746,0.4799784523809524,1.3055555555555556,0.9333709302889
