Technique,AUC,Credibility,LagGlobal,MAP
50Traced_NONETRACED_RFSMOTE_RAW_LSA_23_MAX.csv,0.9046640481589462,0.8111079761904761,2.2182539682539684,0.861021449969676
