Technique,AUC,Credibility,LagGlobal,MAP
50Traced_NONETRACED_MEDIAN_RAW_LSA_36_SUM.csv,0.7795290735341756,0.6642688758671785,2.2936507936507935,0.6821946443409223
