Technique,AUC,Credibility,LagGlobal,MAP
50Traced_NONETRACED_RFNONE_RAW_VSM_98_MEDIAN.csv,0.8717504859086491,0.7953138095238095,2.1785714285714284,0.8458404002633216
