Technique,AUC,Credibility,LagGlobal,MAP
50Traced_NONETRACED_SUM_SINGLE_VSM_45_SUM.csv,0.9559442824748947,0.7510162237431982,1.0198412698412698,0.9098411286078251
