Technique,AUC,Credibility,LagGlobal,MAP
50Traced_NONETRACED_RFUNDER_SINGLE_LSA_99_SUM.csv,0.9334575099881223,0.840877357340889,2.2182539682539684,0.9185536004026004
