Technique,AUC,Credibility,LagGlobal,MAP
50Traced_NONETRACED_RFSMOTE_RAW_VSM_93_SUM.csv,0.8780301803260987,0.7799444749108857,2.2936507936507935,0.8400656972685105
