Technique,AUC,Credibility,LagGlobal,MAP
50Traced_NONETRACED_RFNONE_SINGLE_VSM_10_MEDIAN.csv,0.8878833279343484,0.8240529761904762,2.2182539682539684,0.8734202515478836
