Technique,AUC,Credibility,LagGlobal,MAP
50Traced_NONETRACED_RFSMOTE_RAW_LSA_3_SUM.csv,0.8510386297376094,0.766234576364135,2.2182539682539684,0.8117010681059048
