Technique,AUC,Credibility,LagGlobal,MAP
50Traced_NONETRACED_RFNONE_MULTI_LSA_92_SUM.csv,0.902409971925278,0.8126958992170125,2.2182539682539684,0.8737719257366268
