Technique,AUC,Credibility,LagGlobal,MAP
50Traced_NONETRACED_MEDIAN_RAW_LSA_32_SUM.csv,0.7815132005183025,0.6643375841303578,2.2936507936507935,0.6839137171837886
