Technique,AUC,Credibility,LagGlobal,MAP
50Traced_NONETRACED_SUM_RAW_VSM_7_SUM.csv,0.9420520192203866,0.747765076949708,2.111111111111111,0.9121169509911335
