Technique,AUC,Credibility,LagGlobal,MAP
50Traced_NONETRACED_MAX_RAW_VSM_22_MEDIAN.csv,0.93552937047835,0.7884372619047619,2.0357142857142856,0.9222368818332245
