Technique,AUC,Credibility,LagGlobal,MAP
50Traced_NONETRACED_MAX_SINGLE_LSA_59_MAX.csv,0.9690773134650686,0.7395238095238095,1.0396825396825398,0.948145312069279
