Technique,AUC,Credibility,LagGlobal,MAP
50Traced_NONETRACED_RFNONE_SINGLE_LSA_99_SUM.csv,0.8369742738365188,0.7540479998781342,2.2182539682539684,0.7918802698134302
