Technique,AUC,Credibility,LagGlobal,MAP
50Traced_NONETRACED_RFUNDER_MULTI_LSA_76_SUM.csv,0.9075558794946552,0.8165042043688877,2.2222222222222223,0.8357879458585575
