Technique,AUC,Credibility,LagGlobal,MAP
50Traced_NONETRACED_MAX_RAW_LSA_62_SUM.csv,0.9594637458157868,0.7699335332888988,2.3134920634920637,0.9421202447099787
