Technique,AUC,Credibility,LagGlobal,MAP
50Traced_NONETRACED_RFSMOTE_SINGLE_VSM_99_MAX.csv,0.8589515171147823,0.7590409523809524,2.2222222222222223,0.7856942694721705
