Technique,AUC,Credibility,LagGlobal,MAP
50Traced_NONETRACED_MEDIAN_RAW_LSA_44_SUM.csv,0.78157056473383,0.6646498350672418,2.3015873015873014,0.6850187163721424
