Technique,AUC,Credibility,LagGlobal,MAP
50Traced_NONETRACED_MAX_SINGLE_LSA_61_MEDIAN.csv,0.9757585573912104,0.7436410714285714,0.9523809523809523,0.9581133965915354
