Technique,AUC,Credibility,LagGlobal,MAP
50Traced_NONETRACED_MEDIAN_RAW_LSA_53_SUM.csv,0.7819889860706187,0.6644510699484056,2.2936507936507935,0.6871190281398822
