Technique,AUC,Credibility,LagGlobal,MAP
50Traced_NONETRACED_MAX_MULTI_LSA_4_MAX.csv,0.9674407461397257,0.7490557142857143,1.5634920634920635,0.9539070461270833
