Technique,AUC,Credibility,LagGlobal,MAP
50Traced_NONETRACED_MAX_RAW_LSA_21_MAX.csv,0.9361502537522945,0.7881403571428571,2.2857142857142856,0.9218287603831332
