Technique,AUC,Credibility,LagGlobal,MAP
50Traced_NONETRACED_RFUNDER_SINGLE_VSM_84_MAX.csv,0.8994304070834683,0.8360609523809523,2.2182539682539684,0.8828844459879222
