Technique,AUC,Credibility,LagGlobal,MAP
50Traced_NONETRACED_RFUNDER_RAW_VSM_78_MAX.csv,0.8745883273944499,0.8075866666666667,2.2182539682539684,0.8395095200819527
