Technique,AUC,Credibility,LagGlobal,MAP
50Traced_NONETRACED_MEDIAN_SINGLE_VSM_81_SUM.csv,0.7800048590864916,0.6645682144971665,2.2936507936507935,0.6833560637728633
