Technique,AUC,Credibility,LagGlobal,MAP
50Traced_NONETRACED_MEDIAN_MULTI_VSM_33_SUM.csv,0.7882855523161646,0.6655810707942147,2.2976190476190474,0.6994933054279624
