Technique,AUC,Credibility,LagGlobal,MAP
50Traced_NONETRACED_SUM_RAW_LSA_69_SUM.csv,0.9596493359248461,0.7396533139882681,2.1984126984126986,0.9422359829955009
