Technique,AUC,Credibility,LagGlobal,MAP
50Traced_NONETRACED_RFUNDER_MULTI_VSM_11_SUM.csv,0.9227034067595292,0.8157425433385126,2.2182539682539684,0.8610248334722732
