Technique,AUC,Credibility,LagGlobal,MAP
50Traced_NONETRACED_SUM_SINGLE_LSA_85_MAX.csv,0.9687061332469494,-0.28369333333333335,1.130952380952381,0.9362292543930922
