Technique,AUC,Credibility,LagGlobal,MAP
50Traced_NONETRACED_MAX_SINGLE_LSA_34_MAX.csv,0.9693675089083252,0.7315121428571428,1.1626984126984128,0.9502732873574462
