Technique,AUC,Credibility,LagGlobal,MAP
50Traced_NONETRACED_RFUNDER_MULTI_LSA_68_SUM.csv,0.8951550858438614,0.8203125095207628,2.2182539682539684,0.8406731728648518
