Technique,AUC,Credibility,LagGlobal,MAP
50Traced_NONETRACED_RFNONE_MULTI_VSM_66_SUM.csv,0.900975866537091,0.8241208146726381,2.2182539682539684,0.8801960075433352
