Technique,AUC,Credibility,LagGlobal,MAP
50Traced_NONETRACED_SUM_RAW_VSM_8_SUM.csv,0.9515238635136595,0.7461922067985572,2.2936507936507935,0.9382668628033846
