Technique,AUC,Credibility,LagGlobal,MAP
50Traced_NONETRACED_RFSMOTE_MULTI_LSA_24_MAX.csv,0.8115551776266061,0.7338348809523809,2.2936507936507935,0.7029219121184274
