Technique,AUC,Credibility,LagGlobal,MAP
50Traced_NONETRACED_SUM_MULTI_LSA_78_MEDIAN.csv,0.944886486340568,-0.1596786904761905,1.6904761904761905,0.9048647324867312
