Technique,AUC,Credibility,LagGlobal,MAP
50Traced_NONETRACED_SUM_MULTI_LSA_68_SUM.csv,0.9363358438613542,0.7260217662241716,1.5793650793650793,0.891791824097612
