Technique,AUC,Credibility,LagGlobal,MAP
50Traced_NONETRACED_RFUNDER_MULTI_VSM_3_SUM.csv,0.9084332145556635,0.8096492550955123,2.2182539682539684,0.8258019708671969
