Technique,AUC,Credibility,LagGlobal,MAP
50Traced_NONETRACED_RFNONE_MULTI_LSA_76_MAX.csv,0.8876302505129037,0.8274815476190476,2.2182539682539684,0.850421138316168
