Technique,AUC,Credibility,LagGlobal,MAP
50Traced_NONETRACED_MAX_SINGLE_VSM_27_SUM.csv,0.9667962423064463,0.7444169850017982,1.007936507936508,0.9423544618436093
