Technique,AUC,Credibility,LagGlobal,MAP
50Traced_NONETRACED_RFNONE_RAW_VSM_18_MAX.csv,0.883861084116186,0.8076032142857142,2.2182539682539684,0.8572141168160139
