Technique,AUC,Credibility,LagGlobal,MAP
50Traced_NONETRACED_MAX_MULTI_LSA_73_SUM.csv,0.971503482345319,0.7564308526002075,1.3333333333333333,0.9541638115605675
