Technique,AUC,Credibility,LagGlobal,MAP
50Traced_NONETRACED_RFSMOTE_RAW_LSA_90_MEDIAN.csv,0.8886830525861138,0.8126840476190477,2.2182539682539684,0.8685297632457333
