Technique,AUC,Credibility,LagGlobal,MAP
50Traced_NONETRACED_RFUNDER_SINGLE_VSM_68_SUM.csv,0.9085648148148148,0.8317374249763885,2.2182539682539684,0.8932968474519328
