Technique,AUC,Credibility,LagGlobal,MAP
50Traced_NONETRACED_MAX_RAW_LSA_35_SUM.csv,0.9462362325882734,0.7706068730387478,1.8015873015873016,0.9254179686760966
