Technique,AUC,Credibility,LagGlobal,MAP
50Traced_NONETRACED_RFSMOTE_MULTI_VSM_92_SUM.csv,0.814905922686535,0.7340761600902895,2.2936507936507935,0.7329846576295862
