Technique,AUC,Credibility,LagGlobal,MAP
50Traced_NONETRACED_SUM_SINGLE_VSM_29_SUM.csv,0.9740646258503401,0.7601586799764166,0.8928571428571429,0.9440488853494997
