Technique,AUC,Credibility,LagGlobal,MAP
50Traced_NONETRACED_RFSMOTE_SINGLE_VSM_5_SUM.csv,0.8818904545945362,0.7700428815160101,2.2936507936507935,0.8225997571395656
