Technique,AUC,Credibility,LagGlobal,MAP
50Traced_NONETRACED_RFSMOTE_MULTI_LSA_73_MEDIAN.csv,0.8924859626390238,0.8245561904761904,2.2182539682539684,0.852717630415623
