Technique,AUC,Credibility,LagGlobal,MAP
50Traced_NONETRACED_MAX_MULTI_VSM_19_MAX.csv,0.971196415073966,0.7535765476190476,1.4047619047619047,0.9560187920301386
