Technique,AUC,Credibility,LagGlobal,MAP
50Traced_NONETRACED_MAX_RAW_LSA_7_SUM.csv,0.9355766115970199,0.7711331478826661,2.3015873015873014,0.9090330852546215
