Technique,AUC,Credibility,LagGlobal,MAP
50Traced_NONETRACED_MAX_MULTI_LSA_88_SUM.csv,0.9566394017924631,0.7354377144377809,1.619047619047619,0.9315643036561965
