Technique,AUC,Credibility,LagGlobal,MAP
50Traced_NONETRACED_RFSMOTE_RAW_VSM_79_SUM.csv,0.8784114836410755,0.7929876006920544,2.2936507936507935,0.8571464207456722
