Technique,AUC,Credibility,LagGlobal,MAP
50Traced_NONETRACED_RFUNDER_MULTI_LSA_21_SUM.csv,0.8963091188856496,0.7967010175791366,2.2936507936507935,0.8146871374739292
