Technique,AUC,Credibility,LagGlobal,MAP
50Traced_NONETRACED_RFNONE_MULTI_LSA_89_SUM.csv,0.8950167368534716,0.8309757639460135,2.2182539682539684,0.8886419240185279
