Technique,AUC,Credibility,LagGlobal,MAP
50Traced_NONETRACED_RFSMOTE_RAW_VSM_53_SUM.csv,0.8670027534823453,0.7867994241842611,2.2222222222222223,0.8230351402691919
