Technique,AUC,Credibility,LagGlobal,MAP
50Traced_NONETRACED_RFNONE_MULTI_VSM_45_MAX.csv,0.8740990443796566,0.8074358333333334,2.2936507936507935,0.7928868051023041
