Technique,AUC,Credibility,LagGlobal,MAP
50Traced_NONETRACED_MAX_SINGLE_VSM_37_SUM.csv,0.9625951571104632,0.7418603555754794,1.1944444444444444,0.9384186116628533
