Technique,AUC,Credibility,LagGlobal,MAP
50Traced_NONETRACED_RFUNDER_MULTI_LSA_24_SUM.csv,0.8861995194903358,0.785276102123511,2.2936507936507935,0.8137831342029114
