Technique,AUC,Credibility,LagGlobal,MAP
50Traced_NONETRACED_SUM_SINGLE_VSM_52_MEDIAN.csv,0.9717126930137134,-0.2950570238095238,0.8888888888888888,0.9448781860463896
