Technique,AUC,Credibility,LagGlobal,MAP
50Traced_NONETRACED_RFUNDER_SINGLE_LSA_62_SUM.csv,0.9058045837382571,0.8317374249763885,2.2182539682539684,0.8916496285053753
