Technique,AUC,Credibility,LagGlobal,MAP
50Traced_NONETRACED_MAX_RAW_VSM_21_SUM.csv,0.9396697170931865,0.7665232954932526,2.0515873015873014,0.9209648945773897
