Technique,AUC,Credibility,LagGlobal,MAP
50Traced_NONETRACED_MEDIAN_SINGLE_VSM_72_SUM.csv,0.7840912158514199,0.6662270964119839,2.2976190476190474,0.6849029212049047
