Technique,AUC,Credibility,LagGlobal,MAP
50Traced_NONETRACED_RFNONE_MULTI_LSA_50_MAX.csv,0.8893984180973977,0.8212936904761905,2.2182539682539684,0.8638131645182109
