Technique,AUC,Credibility,LagGlobal,MAP
50Traced_NONETRACED_RFNONE_RAW_VSM_9_MEDIAN.csv,0.910795270489148,0.8287221428571429,2.2936507936507935,0.9018658011158679
