Technique,AUC,Credibility,LagGlobal,MAP
50Traced_NONETRACED_RFNONE_SINGLE_VSM_98_SUM.csv,0.8708292840945903,0.8126958992170125,2.2936507936507935,0.8532746118297828
