Technique,AUC,Credibility,LagGlobal,MAP
50Traced_NONETRACED_MEDIAN_SINGLE_LSA_1_SUM.csv,0.780200572292409,0.6641988074092869,2.2936507936507935,0.6813986456177693
