Technique,AUC,Credibility,LagGlobal,MAP
50Traced_NONETRACED_MAX_SINGLE_LSA_24_MEDIAN.csv,0.9823925601986827,0.7419115476190477,1.253968253968254,0.9696486540685539
