Technique,AUC,Credibility,LagGlobal,MAP
50Traced_NONETRACED_SUM_RAW_VSM_22_MAX.csv,0.9541727405247814,0.47709380952380953,1.5952380952380953,0.921974610080075
