Technique,AUC,Credibility,LagGlobal,MAP
50Traced_NONETRACED_SUM_RAW_LSA_60_MAX.csv,0.9555494816974409,0.43781619047619047,2.0515873015873014,0.930556824609308
