Technique,AUC,Credibility,LagGlobal,MAP
50Traced_NONETRACED_RFUNDER_MULTI_VSM_14_MEDIAN.csv,0.9253590325018897,0.846787261904762,2.123015873015873,0.8644937482374122
