Technique,AUC,Credibility,LagGlobal,MAP
50Traced_NONETRACED_MAX_SINGLE_VSM_82_MEDIAN.csv,0.9792510258071483,0.7401360714285714,1.3214285714285714,0.9686502730349122
