Technique,AUC,Credibility,LagGlobal,MAP
50Traced_NONETRACED_MAX_SINGLE_VSM_39_MAX.csv,0.9735854659324047,0.7375179761904762,0.8809523809523809,0.9531376376388794
