Technique,AUC,Credibility,LagGlobal,MAP
50Traced_NONETRACED_MAX_RAW_VSM_22_SUM.csv,0.9320099071374581,0.7632865992826866,2.0238095238095237,0.9115131443223459
