Technique,AUC,Credibility,LagGlobal,MAP
50Traced_NONETRACED_RFSMOTE_MULTI_LSA_14_SUM.csv,0.8811784634488715,0.8111725771562623,2.2222222222222223,0.8483757162354135
