Technique,AUC,Credibility,LagGlobal,MAP
50Traced_NONETRACED_RFSMOTE_MULTI_VSM_2_SUM.csv,0.8744870964258719,0.7898460683057612,2.2182539682539684,0.8176209347826213
