Technique,AUC,Credibility,LagGlobal,MAP
50Traced_NONETRACED_RFNONE_SINGLE_LSA_23_MAX.csv,0.901360544217687,0.8048166666666666,2.123015873015873,0.8786398411864558
