Technique,AUC,Credibility,LagGlobal,MAP
50Traced_NONETRACED_RFSMOTE_RAW_LSA_83_SUM.csv,0.8948378954756506,0.7799444749108857,2.2222222222222223,0.8464046587978872
