Technique,AUC,Credibility,LagGlobal,MAP
50Traced_NONETRACED_RFSMOTE_SINGLE_VSM_83_SUM.csv,0.8464494924954109,0.7464871207527679,2.2182539682539684,0.7726867633643502
