Technique,AUC,Credibility,LagGlobal,MAP
50Traced_NONETRACED_SUM_RAW_VSM_69_MAX.csv,0.9480955080444877,0.4278770238095238,2.0952380952380953,0.9292933763751768
