Technique,AUC,Credibility,LagGlobal,MAP
50Traced_NONETRACED_RFUNDER_RAW_VSM_69_SUM.csv,0.8896177518626498,0.8088875940651372,2.2936507936507935,0.8482866173159029
