Technique,AUC,Credibility,LagGlobal,MAP
50Traced_NONETRACED_RFNONE_MULTI_LSA_23_MAX.csv,0.9070935914048159,0.8318097619047619,2.2182539682539684,0.8434827916726451
