Technique,AUC,Credibility,LagGlobal,MAP
50Traced_NONETRACED_MEDIAN_RAW_LSA_16_SUM.csv,0.7807539682539684,0.6637911274634187,2.2936507936507935,0.6810376403118161
