Technique,AUC,Credibility,LagGlobal,MAP
50Traced_NONETRACED_RFNONE_MULTI_VSM_54_MAX.csv,0.8939943040708347,0.8296735714285715,2.2182539682539684,0.8677992612136847
