Technique,AUC,Credibility,LagGlobal,MAP
50Traced_NONETRACED_MAX_MULTI_VSM_7_MEDIAN.csv,0.9640360112298888,0.7419972619047619,1.9761904761904763,0.9510850049357372
