Technique,AUC,Credibility,LagGlobal,MAP
50Traced_NONETRACED_SUM_SINGLE_LSA_60_SUM.csv,0.9667557499190153,0.7515026407410249,1.242063492063492,0.9276581856701278
