Technique,AUC,Credibility,LagGlobal,MAP
50Traced_NONETRACED_RFUNDER_MULTI_LSA_42_MEDIAN.csv,0.908426465824425,0.8234311904761905,2.123015873015873,0.7743803180227314
