Technique,AUC,Credibility,LagGlobal,MAP
50Traced_NONETRACED_MAX_RAW_LSA_38_SUM.csv,0.9608944768383545,0.774828795958462,1.6785714285714286,0.9425185626525443
