Technique,AUC,Credibility,LagGlobal,MAP
50Traced_NONETRACED_MAX_RAW_VSM_70_MEDIAN.csv,0.9576955782312926,0.7929098809523809,2.0952380952380953,0.9408493631999982
