Technique,AUC,Credibility,LagGlobal,MAP
50Traced_NONETRACED_RFUNDER_MULTI_LSA_39_MAX.csv,0.8871915829823993,0.8212576190476191,2.2182539682539684,0.7949877988548923
