Technique,AUC,Credibility,LagGlobal,MAP
50Traced_NONETRACED_MAX_MULTI_VSM_21_SUM.csv,0.9576348396501457,0.7359491842959881,1.4761904761904763,0.9336323752060004
