Technique,AUC,Credibility,LagGlobal,MAP
50Traced_NONETRACED_SUM_RAW_VSM_68_MAX.csv,0.9377632005183025,0.45323,1.7341269841269842,0.9014604461254117
