Technique,AUC,Credibility,LagGlobal,MAP
50Traced_NONETRACED_MEDIAN_MULTI_LSA_12_SUM.csv,0.792581119749487,0.6730330256541743,2.2936507936507935,0.7030370121007958
