Technique,AUC,Credibility,LagGlobal,MAP
50Traced_NONETRACED_RFNONE_MULTI_LSA_95_MEDIAN.csv,0.8851872098045568,0.8112240476190477,2.2182539682539684,0.8017592264336756
