Technique,AUC,Credibility,LagGlobal,MAP
50Traced_NONETRACED_SUM_SINGLE_LSA_43_MEDIAN.csv,0.9520401414534067,-0.2657609523809524,1.7142857142857142,0.9066132841596392
