Technique,AUC,Credibility,LagGlobal,MAP
50Traced_NONETRACED_RFNONE_MULTI_LSA_11_SUM.csv,0.9047450329338085,0.8241208146726381,2.2182539682539684,0.8831226879624838
