Technique,AUC,Credibility,LagGlobal,MAP
50Traced_NONETRACED_RFUNDER_MULTI_VSM_98_SUM.csv,0.902409971925278,0.7982243396398867,2.0238095238095237,0.8111722872294541
