Technique,AUC,Credibility,LagGlobal,MAP
50Traced_NONETRACED_RFSMOTE_SINGLE_VSM_90_MAX.csv,0.9095804988662132,0.7696046428571428,2.123015873015873,0.8449325346156221
