Technique,AUC,Credibility,LagGlobal,MAP
50Traced_NONETRACED_SUM_SINGLE_LSA_8_SUM.csv,0.9415053719900658,0.7405495096660711,1.1706349206349207,0.8880664429434455
