Technique,AUC,Credibility,LagGlobal,MAP
50Traced_NONETRACED_MAX_RAW_LSA_75_MAX.csv,0.9630540708346831,0.783685,1.4603174603174602,0.9454191883627107
