Technique,AUC,Credibility,LagGlobal,MAP
50Traced_NONETRACED_SUM_SINGLE_LSA_99_SUM.csv,0.9545236745491849,0.7506391705721772,0.9365079365079365,0.910000470683572
