Technique,AUC,Credibility,LagGlobal,MAP
50Traced_NONETRACED_RFNONE_MULTI_LSA_72_SUM.csv,0.9096108681567865,0.8195508484903878,2.2182539682539684,0.8765611314735713
