Technique,AUC,Credibility,LagGlobal,MAP
50Traced_NONETRACED_RFUNDER_MULTI_LSA_54_SUM.csv,0.8935488878090919,0.7654729153337598,2.2936507936507935,0.7917004191945392
