Technique,AUC,Credibility,LagGlobal,MAP
50Traced_NONETRACED_RFUNDER_SINGLE_VSM_80_SUM.csv,0.9202671147824208,0.8431623404320141,2.2182539682539684,0.9029657227040258
