Technique,AUC,Credibility,LagGlobal,MAP
50Traced_NONETRACED_RFUNDER_RAW_VSM_16_MEDIAN.csv,0.9089798617859843,0.8301085714285714,2.2182539682539684,0.8892461294317994
