Technique,AUC,Credibility,LagGlobal,MAP
50Traced_NONETRACED_MEDIAN_MULTI_VSM_45_SUM.csv,0.7841587031638052,0.667323494952413,2.2976190476190474,0.6913556630112625
