Technique,AUC,Credibility,LagGlobal,MAP
50Traced_NONETRACED_SUM_SINGLE_VSM_98_SUM.csv,0.9478525537199007,0.7454402462977069,1.257936507936508,0.8902349512818614
