Technique,AUC,Credibility,LagGlobal,MAP
50Traced_NONETRACED_MAX_RAW_VSM_30_MAX.csv,0.9570510743980131,0.791925,1.9484126984126984,0.9368770068202381
