Technique,AUC,Credibility,LagGlobal,MAP
50Traced_NONETRACED_RFNONE_SINGLE_LSA_94_MAX.csv,0.9194032771838895,0.8468270238095238,2.2182539682539684,0.9117804807941676
