Technique,AUC,Credibility,LagGlobal,MAP
50Traced_NONETRACED_RFUNDER_SINGLE_VSM_54_SUM.csv,0.8964575909728971,0.8294524418852633,2.2182539682539684,0.8815468481356007
