Technique,AUC,Credibility,LagGlobal,MAP
50Traced_NONETRACED_RFNONE_RAW_VSM_39_SUM.csv,0.8660511823777131,0.7883227462450111,2.2182539682539684,0.8381750664901586
