Technique,AUC,Credibility,LagGlobal,MAP
50Traced_NONETRACED_SUM_RAW_LSA_24_MEDIAN.csv,0.9543515819026024,0.47565785714285713,1.6706349206349207,0.9299089962170898
