Technique,AUC,Credibility,LagGlobal,MAP
50Traced_NONETRACED_MAX_MULTI_LSA_14_SUM.csv,0.9450349584278155,0.7430681755869726,2.142857142857143,0.9195941695591671
