Technique,AUC,Credibility,LagGlobal,MAP
50Traced_NONETRACED_MAX_RAW_LSA_16_MAX.csv,0.9569464690638159,0.7898727380952381,1.9523809523809523,0.9385709284322398
