Technique,AUC,Credibility,LagGlobal,MAP
50Traced_NONETRACED_MAX_MULTI_LSA_43_MEDIAN.csv,0.967251781665047,0.7401845238095238,1.503968253968254,0.9436533322580346
