Technique,AUC,Credibility,LagGlobal,MAP
50Traced_NONETRACED_RFSMOTE_SINGLE_VSM_78_MAX.csv,0.8768592754562141,0.7687817857142857,2.2182539682539684,0.8102604379014586
