Technique,AUC,Credibility,LagGlobal,MAP
50Traced_NONETRACED_SUM_MULTI_LSA_59_SUM.csv,0.9351851851851851,0.7280730328510643,1.9523809523809523,0.8894515319181117
