Technique,AUC,Credibility,LagGlobal,MAP
50Traced_NONETRACED_MEDIAN_RAW_VSM_0_SUM.csv,0.782619992441421,0.6645546129374337,2.2936507936507935,0.6857104144878989
