Technique,AUC,Credibility,LagGlobal,MAP
50Traced_NONETRACED_RFSMOTE_SINGLE_VSM_86_MAX.csv,0.9034627739984884,0.8177041666666667,2.2182539682539684,0.8483459161760081
