Technique,AUC,Credibility,LagGlobal,MAP
50Traced_NONETRACED_RFSMOTE_MULTI_VSM_43_SUM.csv,0.8839825612784796,0.7784211528501356,2.2182539682539684,0.8249310765145358
