Technique,AUC,Credibility,LagGlobal,MAP
50Traced_NONETRACED_RFNONE_MULTI_VSM_39_MAX.csv,0.8893241820537741,0.8070184523809524,2.2182539682539684,0.8422506731696093
