Technique,AUC,Credibility,LagGlobal,MAP
50Traced_NONETRACED_SUM_MULTI_LSA_54_SUM.csv,0.9433680218118994,0.7272435016341366,2.1587301587301586,0.9149073633641746
