Technique,AUC,Credibility,LagGlobal,MAP
50Traced_NONETRACED_SUM_MULTI_LSA_83_MEDIAN.csv,0.9486961451247166,-0.15110642857142856,1.4365079365079365,0.9094669246169442
