Technique,AUC,Credibility,LagGlobal,MAP
50Traced_NONETRACED_RFUNDER_MULTI_VSM_22_MAX.csv,0.8938593294460642,0.8229248809523809,2.2182539682539684,0.7955551808784888
