Technique,AUC,Credibility,LagGlobal,MAP
50Traced_NONETRACED_SUM_RAW_VSM_91_SUM.csv,0.9610362001943634,0.7368836985915974,1.3333333333333333,0.9333391375665107
