Technique,AUC,Credibility,LagGlobal,MAP
50Traced_NONETRACED_SUM_RAW_VSM_5_MEDIAN.csv,0.967764685239175,0.45454964285714283,1.630952380952381,0.9465405103074801
