Technique,AUC,Credibility,LagGlobal,MAP
50Traced_NONETRACED_RFSMOTE_RAW_LSA_22_SUM.csv,0.8431122448979591,0.7738511866678853,2.2936507936507935,0.8078347345707454
