Technique,AUC,Credibility,LagGlobal,MAP
50Traced_NONETRACED_RFUNDER_SINGLE_VSM_81_MEDIAN.csv,0.9092599341323832,0.8471914285714286,2.2936507936507935,0.9003327667477315
