Technique,AUC,Credibility,LagGlobal,MAP
50Traced_NONETRACED_RFNONE_RAW_VSM_14_MEDIAN.csv,0.9519625310441637,0.843470119047619,1.8333333333333333,0.9321978499225658
