Technique,AUC,Credibility,LagGlobal,MAP
50Traced_NONETRACED_SUM_MULTI_VSM_63_SUM.csv,0.9579520300183565,0.7375385828801978,1.8452380952380953,0.920444662632839
