Technique,AUC,Credibility,LagGlobal,MAP
50Traced_NONETRACED_RFSMOTE_RAW_VSM_22_MEDIAN.csv,0.8676135136594321,0.7706627380952381,2.2936507936507935,0.8260418094956866
