Technique,AUC,Credibility,LagGlobal,MAP
50Traced_NONETRACED_RFUNDER_SINGLE_LSA_1_SUM.csv,0.8893478026131088,0.8271674587941382,2.2936507936507935,0.8783359409611458
