Technique,AUC,Credibility,LagGlobal,MAP
50Traced_NONETRACED_MEDIAN_MULTI_LSA_87_MEDIAN.csv,0.7782873069862866,0.6757533333333333,2.2936507936507935,0.6795372678275778
