Technique,AUC,Credibility,LagGlobal,MAP
50Traced_NONETRACED_SUM_MULTI_VSM_11_SUM.csv,0.9282272432782638,0.7258209353130929,2.1785714285714284,0.8707706695269424
