Technique,AUC,Credibility,LagGlobal,MAP
50Traced_NONETRACED_RFUNDER_SINGLE_VSM_39_SUM.csv,0.9198858114674442,0.8347840690978887,2.123015873015873,0.908431710223589
