Technique,AUC,Credibility,LagGlobal,MAP
50Traced_NONETRACED_RFNONE_SINGLE_VSM_58_MEDIAN.csv,0.8980199222546161,0.8214433333333333,2.0476190476190474,0.8795048855544083
