Technique,AUC,Credibility,LagGlobal,MAP
50Traced_NONETRACED_RFSMOTE_MULTI_LSA_63_SUM.csv,0.8898809523809524,0.8142192212777626,2.2182539682539684,0.8692073382468632
