Technique,AUC,Credibility,LagGlobal,MAP
50Traced_NONETRACED_MEDIAN_RAW_VSM_84_SUM.csv,0.7808754454162617,0.6643647974287405,2.2976190476190474,0.6839355800313625
