Technique,AUC,Credibility,LagGlobal,MAP
50Traced_NONETRACED_RFNONE_RAW_LSA_9_SUM.csv,0.8990086113810604,0.8038397081713269,2.2182539682539684,0.8791768534298456
