Technique,AUC,Credibility,LagGlobal,MAP
50Traced_NONETRACED_MEDIAN_RAW_VSM_86_SUM.csv,0.7800284796458266,0.6643202697008007,2.2936507936507935,0.6818640701390118
