Technique,AUC,Credibility,LagGlobal,MAP
50Traced_NONETRACED_MAX_SINGLE_LSA_40_SUM.csv,0.9717531854011446,0.7427078623219777,1.1071428571428572,0.9505958466316886
