Technique,AUC,Credibility,LagGlobal,MAP
50Traced_NONETRACED_RFUNDER_SINGLE_VSM_34_MAX.csv,0.8966634272756722,0.830744880952381,2.2182539682539684,0.8726176804232898
