Technique,AUC,Credibility,LagGlobal,MAP
50Traced_NONETRACED_RFUNDER_SINGLE_LSA_16_MEDIAN.csv,0.887518896447468,0.8259916666666667,2.2182539682539684,0.8425487559474305
