Technique,AUC,Credibility,LagGlobal,MAP
50Traced_NONETRACED_RFUNDER_SINGLE_LSA_34_SUM.csv,0.9246875337436562,0.8424006794016391,2.123015873015873,0.9088663370129964
