Technique,AUC,Credibility,LagGlobal,MAP
50Traced_NONETRACED_RFSMOTE_MULTI_VSM_48_MAX.csv,0.8768289061656409,0.7948436904761905,2.2222222222222223,0.7318577341282052
