Technique,AUC,Credibility,LagGlobal,MAP
50Traced_NONETRACED_RFUNDER_RAW_LSA_23_SUM.csv,0.8763598693445633,0.8020413659461938,2.2936507936507935,0.8592888817343219
