Technique,AUC,Credibility,LagGlobal,MAP
50Traced_NONETRACED_RFUNDER_RAW_VSM_75_MEDIAN.csv,0.9101203973652954,0.8242611904761905,2.123015873015873,0.8852124715175379
