Technique,AUC,Credibility,LagGlobal,MAP
50Traced_NONETRACED_SUM_SINGLE_VSM_41_MAX.csv,0.9517128279883382,-0.24108119047619048,1.9325396825396826,0.9043867997873946
