Technique,AUC,Credibility,LagGlobal,MAP
50Traced_NONETRACED_MAX_MULTI_LSA_50_SUM.csv,0.9396089785120397,0.7371267014832373,2.2896825396825395,0.9184967631100323
