Technique,AUC,Credibility,LagGlobal,MAP
50Traced_NONETRACED_RFUNDER_MULTI_LSA_6_MAX.csv,0.8720204351581902,0.8174597619047619,2.2182539682539684,0.7788535607132099
