Technique,AUC,Credibility,LagGlobal,MAP
50Traced_NONETRACED_RFNONE_RAW_LSA_14_MAX.csv,0.8828892668178382,0.7897665476190476,2.1785714285714284,0.8584015251849719
