Technique,AUC,Credibility,LagGlobal,MAP
50Traced_NONETRACED_MAX_MULTI_VSM_20_SUM.csv,0.9780666234747868,0.7548035286642881,1.1428571428571428,0.9637235309877143
