Technique,AUC,Credibility,LagGlobal,MAP
50Traced_NONETRACED_MAX_SINGLE_LSA_26_SUM.csv,0.970683511499838,0.73848613128063,0.9285714285714286,0.9512235665914548
