Technique,AUC,Credibility,LagGlobal,MAP
50Traced_NONETRACED_MEDIAN_SINGLE_LSA_90_MEDIAN.csv,0.779572940287226,0.675872380952381,2.2936507936507935,0.6801821019095272
