Technique,AUC,Credibility,LagGlobal,MAP
50Traced_NONETRACED_RFUNDER_MULTI_VSM_54_SUM.csv,0.9220926465824425,0.8241208146726381,2.123015873015873,0.8692233626149114
