Technique,AUC,Credibility,LagGlobal,MAP
50Traced_NONETRACED_SUM_MULTI_LSA_38_SUM.csv,0.9325498056365403,0.7254150951826311,2.2301587301587302,0.8817952477473391
