Technique,AUC,Credibility,LagGlobal,MAP
50Traced_NONETRACED_RFUNDER_RAW_VSM_22_SUM.csv,0.8816744951949034,0.8096492550955123,2.1785714285714284,0.8583388382427468
