Technique,AUC,Credibility,LagGlobal,MAP
50Traced_NONETRACED_RFUNDER_MULTI_LSA_38_MEDIAN.csv,0.9051432080768815,0.8122220238095238,2.2182539682539684,0.7384889996240437
