Technique,AUC,Credibility,LagGlobal,MAP
50Traced_NONETRACED_MEDIAN_RAW_VSM_83_SUM.csv,0.7830316650469713,0.6647608475006344,2.2936507936507935,0.6859419999008284
