Technique,AUC,Credibility,LagGlobal,MAP
50Traced_NONETRACED_MEDIAN_RAW_VSM_24_SUM.csv,0.7807708400820645,0.6643366742789478,2.2976190476190474,0.6853600779085134
