Technique,AUC,Credibility,LagGlobal,MAP
50Traced_NONETRACED_MAX_MULTI_LSA_5_MEDIAN.csv,0.9778742846344889,0.7526785714285714,1.7103174603174602,0.9651189969618145
