Technique,AUC,Credibility,LagGlobal,MAP
50Traced_NONETRACED_RFSMOTE_MULTI_LSA_30_SUM.csv,0.9257909513011553,0.821074170551138,2.0277777777777777,0.887961880059882
