Technique,AUC,Credibility,LagGlobal,MAP
50Traced_NONETRACED_MEDIAN_SINGLE_VSM_48_MAX.csv,0.7790667854443365,0.6758380952380952,2.2936507936507935,0.6797604128152384
