Technique,AUC,Credibility,LagGlobal,MAP
50Traced_NONETRACED_MAX_MULTI_VSM_68_MAX.csv,0.9660032663859195,0.7460316666666666,1.6547619047619047,0.946101915249026
