Technique,AUC,Credibility,LagGlobal,MAP
50Traced_NONETRACED_SUM_SINGLE_LSA_25_SUM.csv,0.9493035309361839,0.7383006209109472,1.0833333333333333,0.9002835353843173
