Technique,AUC,Credibility,LagGlobal,MAP
50Traced_NONETRACED_RFNONE_SINGLE_LSA_68_SUM.csv,0.9112508098477486,0.8241208146726381,2.2936507936507935,0.9036716640168239
