Technique,AUC,Credibility,LagGlobal,MAP
50Traced_NONETRACED_SUM_MULTI_LSA_34_MEDIAN.csv,0.9555022405787711,-0.2027459523809524,2.0436507936507935,0.9328394267499274
