Technique,AUC,Credibility,LagGlobal,MAP
50Traced_NONETRACED_RFUNDER_MULTI_VSM_47_MEDIAN.csv,0.9207024079473058,0.8405298809523809,2.1825396825396823,0.8441026678142552
