Technique,AUC,Credibility,LagGlobal,MAP
50Traced_NONETRACED_RFSMOTE_MULTI_LSA_60_MEDIAN.csv,0.8811649659863945,0.7886660714285715,2.2182539682539684,0.7726868285506273
