Technique,AUC,Credibility,LagGlobal,MAP
50Traced_NONETRACED_RFUNDER_RAW_LSA_59_MAX.csv,0.8696381330309901,0.7851317857142858,2.2182539682539684,0.8407910341067414
