Technique,AUC,Credibility,LagGlobal,MAP
50Traced_NONETRACED_RFNONE_MULTI_VSM_71_SUM.csv,0.8951955782312926,0.8233591536422631,2.2936507936507935,0.8678648648948672
