Technique,AUC,Credibility,LagGlobal,MAP
50Traced_NONETRACED_RFNONE_RAW_LSA_14_SUM.csv,0.8828892668178383,0.7860112458839507,2.1785714285714284,0.8584015251849717
