Technique,AUC,Credibility,LagGlobal,MAP
50Traced_NONETRACED_RFSMOTE_MULTI_VSM_43_MEDIAN.csv,0.8797578555231617,0.7804360714285714,2.2182539682539684,0.7824042205080285
