Technique,AUC,Credibility,LagGlobal,MAP
50Traced_NONETRACED_SUM_MULTI_LSA_84_MEDIAN.csv,0.9313721520354172,-0.21271190476190477,1.626984126984127,0.8840396173760039
