Technique,AUC,Credibility,LagGlobal,MAP
50Traced_NONETRACED_RFNONE_RAW_VSM_95_SUM.csv,0.8971155922686533,0.8172658653992627,2.2182539682539684,0.8868879040337014
