Technique,AUC,Credibility,LagGlobal,MAP
50Traced_NONETRACED_RFUNDER_RAW_LSA_77_SUM.csv,0.8987994007126661,0.8180275264296377,2.2936507936507935,0.8728383125339977
