Technique,AUC,Credibility,LagGlobal,MAP
50Traced_NONETRACED_RFNONE_SINGLE_VSM_12_SUM.csv,0.9021197764820214,0.8247687725956381,2.011904761904762,0.8840757657837891
