Technique,AUC,Credibility,LagGlobal,MAP
50Traced_NONETRACED_MEDIAN_RAW_VSM_25_SUM.csv,0.7851136486340569,0.6648050410217373,2.2936507936507935,0.6862791642752127
