Technique,AUC,Credibility,LagGlobal,MAP
50Traced_NONETRACED_SUM_RAW_LSA_71_SUM.csv,0.9582017330741821,0.7473129907440409,1.0396825396825398,0.9291457806518763
