Technique,AUC,Credibility,LagGlobal,MAP
50Traced_NONETRACED_RFNONE_MULTI_VSM_16_SUM.csv,0.9024707105064248,0.8286907808548883,2.2182539682539684,0.8919758926890023
