Technique,AUC,Credibility,LagGlobal,MAP
50Traced_NONETRACED_RFNONE_MULTI_LSA_93_SUM.csv,0.9145036983047188,0.8332607470371386,2.2182539682539684,0.8947120047152165
