Technique,AUC,Credibility,LagGlobal,MAP
50Traced_NONETRACED_RFSMOTE_SINGLE_LSA_45_MAX.csv,0.8181453136810279,0.7128775,2.2936507936507935,0.7207784020139505
