Technique,AUC,Credibility,LagGlobal,MAP
50Traced_NONETRACED_RFNONE_MULTI_LSA_31_MAX.csv,0.9087740254832092,0.844860119047619,2.2936507936507935,0.8872468494868664
