Technique,AUC,Credibility,LagGlobal,MAP
50Traced_NONETRACED_RFSMOTE_MULTI_VSM_58_MEDIAN.csv,0.8451166180758017,0.7532085714285714,2.2182539682539684,0.7655457181850442
