Technique,AUC,Credibility,LagGlobal,MAP
50Traced_NONETRACED_MAX_MULTI_VSM_22_SUM.csv,0.979234153979052,0.755779409981351,0.9880952380952381,0.9659261746922958
