Technique,AUC,Credibility,LagGlobal,MAP
50Traced_NONETRACED_RFUNDER_MULTI_VSM_45_SUM.csv,0.922841755749919,0.8355457301282637,2.2182539682539684,0.903028623521921
