Technique,AUC,Credibility,LagGlobal,MAP
50Traced_NONETRACED_RFSMOTE_MULTI_VSM_42_MEDIAN.csv,0.8442190368210776,0.7550489285714286,2.2182539682539684,0.7653929363179429
