Technique,AUC,Credibility,LagGlobal,MAP
50Traced_NONETRACED_MEDIAN_SINGLE_LSA_35_MEDIAN.csv,0.778675359032502,0.6758202380952381,2.2936507936507935,0.679685081812383
