Technique,AUC,Credibility,LagGlobal,MAP
50Traced_NONETRACED_SUM_RAW_LSA_89_MEDIAN.csv,0.9406584062196308,0.4610759523809524,2.107142857142857,0.9172519723186537
