Technique,AUC,Credibility,LagGlobal,MAP
50Traced_NONETRACED_RFSMOTE_RAW_LSA_17_MAX.csv,0.891156462585034,0.8028321428571429,2.2936507936507935,0.8096809835469485
