Technique,AUC,Credibility,LagGlobal,MAP
50Traced_NONETRACED_RFSMOTE_MULTI_LSA_45_SUM.csv,0.8292739714933591,0.7256529479375353,2.2261904761904763,0.7297509890264801
