Technique,AUC,Credibility,LagGlobal,MAP
50Traced_NONETRACED_MAX_MULTI_VSM_38_MEDIAN.csv,0.973025321239607,0.7506710714285715,1.1944444444444444,0.9575230096993003
