Technique,AUC,Credibility,LagGlobal,MAP
50Traced_NONETRACED_RFUNDER_SINGLE_LSA_78_MEDIAN.csv,0.9172538062844185,0.8459584523809524,2.2936507936507935,0.8978206229232462
