Technique,AUC,Credibility,LagGlobal,MAP
50Traced_NONETRACED_SUM_RAW_LSA_31_SUM.csv,0.952401198574668,0.7483062387280031,2.3293650793650795,0.9365407412150965
