Technique,AUC,Credibility,LagGlobal,MAP
50Traced_NONETRACED_SUM_SINGLE_LSA_49_MAX.csv,0.9653857574775943,-0.25265,1.1944444444444444,0.9344782415203402
