Technique,AUC,Credibility,LagGlobal,MAP
50Traced_NONETRACED_RFNONE_RAW_LSA_25_SUM.csv,0.8586613216715258,0.7936543734576365,2.2182539682539684,0.8355694078067605
