Technique,AUC,Credibility,LagGlobal,MAP
50Traced_NONETRACED_RFUNDER_SINGLE_LSA_80_SUM.csv,0.9037630925386028,0.821835831581513,2.2182539682539684,0.8770608064618606
