Technique,AUC,Credibility,LagGlobal,MAP
50Traced_NONETRACED_RFNONE_MULTI_VSM_58_SUM.csv,0.9117873339812116,0.8332607470371386,2.2182539682539684,0.8962660212120093
