Technique,AUC,Credibility,LagGlobal,MAP
50Traced_NONETRACED_MAX_MULTI_LSA_59_MEDIAN.csv,0.9542031098153547,0.7421073809523809,2.1626984126984126,0.9388411810177063
