Technique,AUC,Credibility,LagGlobal,MAP
50Traced_NONETRACED_RFSMOTE_RAW_LSA_94_SUM.csv,0.85942055393586,0.7837527800627608,2.2936507936507935,0.8323598220369094
