Technique,AUC,Credibility,LagGlobal,MAP
50Traced_NONETRACED_SUM_SINGLE_VSM_97_SUM.csv,0.9587787495950761,0.7499636407708157,1.1071428571428572,0.9174638342295779
