Technique,AUC,Credibility,LagGlobal,MAP
50Traced_NONETRACED_RFNONE_RAW_VSM_34_SUM.csv,0.8897358546593241,0.8012709837613868,2.2936507936507935,0.8722302993065768
