Technique,AUC,Credibility,LagGlobal,MAP
50Traced_NONETRACED_RFSMOTE_RAW_VSM_74_MAX.csv,0.8345953460749378,0.7415267857142858,2.1825396825396823,0.7153994985351513
