Technique,AUC,Credibility,LagGlobal,MAP
50Traced_NONETRACED_SUM_RAW_VSM_87_SUM.csv,0.9591195605226217,0.7370915481556529,1.5158730158730158,0.9321286903237296
