Technique,AUC,Credibility,LagGlobal,MAP
50Traced_NONETRACED_RFSMOTE_MULTI_LSA_61_SUM.csv,0.8378178652413346,0.7525246778173842,2.2936507936507935,0.7560662814418885
