Technique,AUC,Credibility,LagGlobal,MAP
50Traced_NONETRACED_MAX_MULTI_VSM_48_SUM.csv,0.9530220818486126,0.7305517631546956,2.2023809523809526,0.9377818659137013
