Technique,AUC,Credibility,LagGlobal,MAP
50Traced_NONETRACED_RFSMOTE_SINGLE_VSM_34_SUM.csv,0.8531577313465069,0.7392687109203312,2.123015873015873,0.7719174797334157
