Technique,AUC,Credibility,LagGlobal,MAP
50Traced_NONETRACED_RFUNDER_SINGLE_VSM_17_SUM.csv,0.9279944120505346,0.8378307132193888,2.1547619047619047,0.9134821009904299
