Technique,AUC,Credibility,LagGlobal,MAP
50Traced_NONETRACED_SUM_RAW_LSA_27_SUM.csv,0.9449877173091459,0.7403617483755431,2.0476190476190474,0.9231073607974344
