Technique,AUC,Credibility,LagGlobal,MAP
50Traced_NONETRACED_RFSMOTE_SINGLE_VSM_59_SUM.csv,0.8689733830039952,0.7636204992378175,2.2182539682539684,0.8232242443833323
