Technique,AUC,Credibility,LagGlobal,MAP
50Traced_NONETRACED_RFUNDER_RAW_VSM_96_SUM.csv,0.8787219252780478,0.8126958992170125,2.2936507936507935,0.8647505126947094
