Technique,AUC,Credibility,LagGlobal,MAP
50Traced_NONETRACED_SUM_SINGLE_LSA_32_MEDIAN.csv,0.9708454810495626,-0.20756440476190477,0.8412698412698413,0.9429733955024573
