Technique,AUC,Credibility,LagGlobal,MAP
50Traced_NONETRACED_RFSMOTE_RAW_LSA_83_MEDIAN.csv,0.8922531314112946,0.7832878571428571,2.2222222222222223,0.8191387365648655
