Technique,AUC,Credibility,LagGlobal,MAP
50Traced_NONETRACED_SUM_RAW_VSM_94_MAX.csv,0.9771184267357736,0.465442619047619,0.9007936507936508,0.9580814947289134
