Technique,AUC,Credibility,LagGlobal,MAP
50Traced_NONETRACED_MEDIAN_SINGLE_VSM_79_SUM.csv,0.7886094914156139,0.6663260170853421,2.2936507936507935,0.6928695896949275
