Technique,AUC,Credibility,LagGlobal,MAP
50Traced_NONETRACED_RFUNDER_MULTI_LSA_49_SUM.csv,0.8876538710722385,0.7426230844225086,2.0476190476190474,0.7829763505285701
