Technique,AUC,Credibility,LagGlobal,MAP
50Traced_NONETRACED_MEDIAN_RAW_LSA_88_SUM.csv,0.7792894935752079,0.6636953395923201,2.2976190476190474,0.6810514119352414
