Technique,AUC,Credibility,LagGlobal,MAP
50Traced_NONETRACED_SUM_RAW_LSA_43_SUM.csv,0.9430069646906382,0.7503238857732147,2.111111111111111,0.9099690898746806
