Technique,AUC,Credibility,LagGlobal,MAP
50Traced_NONETRACED_MAX_MULTI_VSM_66_MEDIAN.csv,0.9615153601122988,0.7493483333333333,1.4722222222222223,0.9444403870597239
