Technique,AUC,Credibility,LagGlobal,MAP
50Traced_NONETRACED_RFSMOTE_MULTI_VSM_36_MAX.csv,0.879558767951625,0.7984578571428571,2.2182539682539684,0.8255376461200213
