Technique,AUC,Credibility,LagGlobal,MAP
50Traced_NONETRACED_SUM_MULTI_VSM_39_MEDIAN.csv,0.9489694687398769,-0.1759554761904762,1.6944444444444444,0.8995347081867787
