Technique,AUC,Credibility,LagGlobal,MAP
50Traced_NONETRACED_RFSMOTE_MULTI_VSM_24_SUM.csv,0.8065779883381924,0.7128012082013968,2.2936507936507935,0.6773054131024054
