Technique,AUC,Credibility,LagGlobal,MAP
50Traced_NONETRACED_RFNONE_MULTI_VSM_62_SUM.csv,0.8992009502213583,0.8077154608424956,2.2182539682539684,0.8701630189606282
