Technique,AUC,Credibility,LagGlobal,MAP
50Traced_NONETRACED_MEDIAN_SINGLE_VSM_10_SUM.csv,0.7817527804772703,0.6656316067653277,2.2976190476190474,0.6890018550990682
