Technique,AUC,Credibility,LagGlobal,MAP
50Traced_NONETRACED_MAX_MULTI_LSA_95_SUM.csv,0.9582253536335168,0.7328430266625305,2.261904761904762,0.9386886728261578
