Technique,AUC,Credibility,LagGlobal,MAP
50Traced_NONETRACED_RFSMOTE_SINGLE_VSM_93_MAX.csv,0.8625654626930137,0.7645504761904762,2.2182539682539684,0.8085801415105114
