Technique,AUC,Credibility,LagGlobal,MAP
50Traced_NONETRACED_MEDIAN_MULTI_LSA_71_SUM.csv,0.7792692473814924,0.6635978601031887,2.2936507936507935,0.686036104269885
