Technique,AUC,Credibility,LagGlobal,MAP
50Traced_NONETRACED_RFSMOTE_RAW_VSM_65_MEDIAN.csv,0.8631660997732425,0.7737504761904762,2.2936507936507935,0.8232018426851198
