Technique,AUC,Credibility,LagGlobal,MAP
50Traced_NONETRACED_MAX_RAW_VSM_10_SUM.csv,0.9539972735125797,0.7591449692408437,1.6904761904761905,0.925733737403207
