Technique,AUC,Credibility,LagGlobal,MAP
50Traced_NONETRACED_MAX_RAW_LSA_92_SUM.csv,0.9492967822049454,0.7650973848171062,2.115079365079365,0.9302409284793159
