Technique,AUC,Credibility,LagGlobal,MAP
50Traced_NONETRACED_RFUNDER_SINGLE_VSM_33_SUM.csv,0.9221297646042543,0.8355457301282637,2.2182539682539684,0.9048474691695592
