Technique,AUC,Credibility,LagGlobal,MAP
50Traced_NONETRACED_RFNONE_SINGLE_LSA_36_MEDIAN.csv,0.8946725515603067,0.8231130952380953,2.1785714285714284,0.8675456286628355
