Technique,AUC,Credibility,LagGlobal,MAP
50Traced_NONETRACED_RFSMOTE_RAW_VSM_26_MAX.csv,0.8739674441205053,0.7944613095238096,2.2182539682539684,0.814942422560432
