Technique,AUC,Credibility,LagGlobal,MAP
50Traced_NONETRACED_MAX_MULTI_LSA_23_MAX.csv,0.9868669690098261,0.7573408333333334,0.8690476190476191,0.975293792977971
