Technique,AUC,Credibility,LagGlobal,MAP
50Traced_NONETRACED_RFNONE_MULTI_VSM_4_MEDIAN.csv,0.9306534121585143,0.8532197619047619,2.1547619047619047,0.9005449814699829
