Technique,AUC,Credibility,LagGlobal,MAP
50Traced_NONETRACED_MAX_SINGLE_LSA_83_MEDIAN.csv,0.9905382788035849,0.7539910714285715,0.5238095238095238,0.9818348649037867
