Technique,AUC,Credibility,LagGlobal,MAP
50Traced_NONETRACED_SUM_MULTI_LSA_17_SUM.csv,0.9393592754562142,0.7244575384361911,1.0793650793650793,0.8780849847057041
