Technique,AUC,Credibility,LagGlobal,MAP
50Traced_NONETRACED_MAX_RAW_LSA_33_MEDIAN.csv,0.9578103066623475,0.7949622619047619,1.9126984126984128,0.9380969993671187
