Technique,AUC,Credibility,LagGlobal,MAP
50Traced_NONETRACED_RFUNDER_SINGLE_VSM_97_SUM.csv,0.9041747651441528,0.8294524418852633,2.2936507936507935,0.8903161290694048
