Technique,AUC,Credibility,LagGlobal,MAP
50Traced_NONETRACED_RFSMOTE_MULTI_VSM_73_MAX.csv,0.8746018248569268,0.8048445238095238,2.2182539682539684,0.7655628053570919
