Technique,AUC,Credibility,LagGlobal,MAP
50Traced_NONETRACED_RFSMOTE_RAW_LSA_6_MEDIAN.csv,0.83930596047943,0.7658710714285715,2.2936507936507935,0.7696785552921289
