Technique,AUC,Credibility,LagGlobal,MAP
50Traced_NONETRACED_RFNONE_MULTI_VSM_35_MAX.csv,0.8924859626390238,0.8200238095238095,2.2182539682539684,0.8188929640949622
