Technique,AUC,Credibility,LagGlobal,MAP
50Traced_NONETRACED_SUM_SINGLE_LSA_20_SUM.csv,0.9574728701004211,0.7550853091897868,0.9642857142857143,0.906214930819617
