Technique,AUC,Credibility,LagGlobal,MAP
50Traced_NONETRACED_RFNONE_RAW_LSA_98_MAX.csv,0.8946320591728755,0.8124585714285715,2.2936507936507935,0.8811722967674834
