Technique,AUC,Credibility,LagGlobal,MAP
50Traced_NONETRACED_RFSMOTE_MULTI_VSM_42_SUM.csv,0.8453561980347694,0.757330676117302,2.2182539682539684,0.7846737141305045
