Technique,AUC,Credibility,LagGlobal,MAP
50Traced_NONETRACED_RFNONE_SINGLE_VSM_63_SUM.csv,0.8688147878198897,0.7976385038974569,2.2182539682539684,0.8448708514683516
