Technique,AUC,Credibility,LagGlobal,MAP
50Traced_NONETRACED_MAX_SINGLE_VSM_8_SUM.csv,0.9712267843645395,0.7273072991822992,1.376984126984127,0.9514135562696019
