Technique,AUC,Credibility,LagGlobal,MAP
50Traced_NONETRACED_RFUNDER_RAW_LSA_11_SUM.csv,0.90180596047943,0.822597492611888,2.2182539682539684,0.8857867953169843
