Technique,AUC,Credibility,LagGlobal,MAP
50Traced_NONETRACED_SUM_RAW_VSM_77_MAX.csv,0.9396730914588057,0.3880182142857143,1.7817460317460319,0.9091267654963474
