Technique,AUC,Credibility,LagGlobal,MAP
50Traced_NONETRACED_SUM_MULTI_LSA_37_MEDIAN.csv,0.9440766385919448,-0.22287607142857144,1.630952380952381,0.9116956436270044
