Technique,AUC,Credibility,LagGlobal,MAP
50Traced_NONETRACED_MAX_MULTI_VSM_3_MEDIAN.csv,0.9602735935644098,0.7433155952380952,1.9642857142857142,0.9443816920319913
