Technique,AUC,Credibility,LagGlobal,MAP
50Traced_NONETRACED_RFSMOTE_MULTI_LSA_55_SUM.csv,0.9014921444768385,0.821835831581513,2.2222222222222223,0.874387583143336
