Technique,AUC,Credibility,LagGlobal,MAP
50Traced_NONETRACED_RFNONE_MULTI_VSM_68_SUM.csv,0.906584062196307,0.8256441367333882,2.2182539682539684,0.8742410202560292
