Technique,AUC,Credibility,LagGlobal,MAP
50Traced_NONETRACED_MEDIAN_SINGLE_VSM_34_SUM.csv,0.7792287549940612,0.6641398122303984,2.2936507936507935,0.6799077326861673
