Technique,AUC,Credibility,LagGlobal,MAP
50Traced_NONETRACED_RFNONE_MULTI_LSA_79_SUM.csv,0.9025145772594753,0.8233591536422631,2.0476190476190474,0.8810227942796903
