Technique,AUC,Credibility,LagGlobal,MAP
50Traced_NONETRACED_RFSMOTE_SINGLE_LSA_85_MAX.csv,0.8865673253428357,0.7856890476190476,2.1785714285714284,0.8340206901231239
