Technique,AUC,Credibility,LagGlobal,MAP
50Traced_NONETRACED_MEDIAN_SINGLE_VSM_7_SUM.csv,0.7803591674765145,0.6641782392715394,2.2936507936507935,0.6810317211368615
