Technique,AUC,Credibility,LagGlobal,MAP
50Traced_NONETRACED_MAX_SINGLE_LSA_14_MAX.csv,0.976149983803045,0.742430119047619,0.8095238095238095,0.9581652456939855
