Technique,AUC,Credibility,LagGlobal,MAP
50Traced_NONETRACED_MAX_SINGLE_LSA_43_MAX.csv,0.9864013065543678,0.753025119047619,0.7976190476190477,0.9751140729512517
