Technique,AUC,Credibility,LagGlobal,MAP
50Traced_NONETRACED_RFUNDER_SINGLE_LSA_82_MAX.csv,0.9167375283446713,0.8507873809523809,2.1547619047619047,0.906482496839287
