Technique,AUC,Credibility,LagGlobal,MAP
50Traced_NONETRACED_RFSMOTE_MULTI_LSA_41_MEDIAN.csv,0.8835810117697872,0.8007278571428571,2.2182539682539684,0.7892553492922376
