Technique,AUC,Credibility,LagGlobal,MAP
50Traced_NONETRACED_RFSMOTE_RAW_LSA_88_SUM.csv,0.8731339758125474,0.8020326447917618,2.2936507936507935,0.8546907617310349
