Technique,AUC,Credibility,LagGlobal,MAP
50Traced_NONETRACED_MEDIAN_RAW_VSM_29_SUM.csv,0.78189112946766,0.6651772704185713,2.2936507936507935,0.6852253980760352
