Technique,AUC,Credibility,LagGlobal,MAP
50Traced_NONETRACED_MAX_SINGLE_LSA_51_SUM.csv,0.9785795270489148,0.7306453414644124,0.7103174603174603,0.960539120403363
