Technique,AUC,Credibility,LagGlobal,MAP
50Traced_NONETRACED_SUM_RAW_VSM_28_MEDIAN.csv,0.9633003995248894,0.4346104761904762,1.2380952380952381,0.9383734305554038
