Technique,AUC,Credibility,LagGlobal,MAP
50Traced_NONETRACED_RFUNDER_RAW_VSM_86_SUM.csv,0.8835742630385487,0.8126958992170125,2.2936507936507935,0.8702486118554149
