Technique,AUC,Credibility,LagGlobal,MAP
50Traced_NONETRACED_RFNONE_SINGLE_VSM_91_SUM.csv,0.9077684645286686,0.8058409499436371,2.0238095238095237,0.8842620532292962
