Technique,AUC,Credibility,LagGlobal,MAP
50Traced_NONETRACED_MAX_RAW_LSA_66_MAX.csv,0.9522830957779936,0.7893575,2.0873015873015874,0.9334452990875379
