Technique,AUC,Credibility,LagGlobal,MAP
50Traced_NONETRACED_RFSMOTE_RAW_LSA_87_SUM.csv,0.8335830363891588,0.7526797729118995,2.2936507936507935,0.7738962974278096
