Technique,AUC,Credibility,LagGlobal,MAP
50Traced_NONETRACED_MEDIAN_RAW_LSA_26_SUM.csv,0.779124149659864,0.6633307959062844,2.2976190476190474,0.6818327615953588
