Technique,AUC,Credibility,LagGlobal,MAP
50Traced_NONETRACED_RFUNDER_RAW_VSM_93_MAX.csv,0.8686426951733075,0.7959471428571429,2.1785714285714284,0.838558079999973
