Technique,AUC,Credibility,LagGlobal,MAP
50Traced_NONETRACED_SUM_MULTI_LSA_30_SUM.csv,0.959328771191016,0.7293604947956261,1.0158730158730158,0.9161828428817693
