Technique,AUC,Credibility,LagGlobal,MAP
50Traced_NONETRACED_RFSMOTE_MULTI_VSM_78_SUM.csv,0.872118291761149,0.7890844072753862,2.2182539682539684,0.824237596780063
