Technique,AUC,Credibility,LagGlobal,MAP
50Traced_NONETRACED_MEDIAN_MULTI_LSA_67_SUM.csv,0.7796809199870425,0.663487994207584,2.2936507936507935,0.6812203372017824
