Technique,AUC,Credibility,LagGlobal,MAP
50Traced_NONETRACED_RFSMOTE_RAW_VSM_98_MAX.csv,0.8525300993413237,0.7806607142857143,2.2976190476190474,0.7675251177722734
