Technique,AUC,Credibility,LagGlobal,MAP
50Traced_NONETRACED_MEDIAN_MULTI_VSM_5_SUM.csv,0.7796168070402765,0.6664620757270068,2.2976190476190474,0.6782240672803246
