Technique,AUC,Credibility,LagGlobal,MAP
50Traced_NONETRACED_RFUNDER_RAW_LSA_41_SUM.csv,0.9008577637404167,0.821835831581513,2.2182539682539684,0.8813391744282073
