Technique,AUC,Credibility,LagGlobal,MAP
50Traced_NONETRACED_RFSMOTE_MULTI_VSM_69_SUM.csv,0.8266352175790951,0.7348964237291903,2.2222222222222223,0.7342119971247176
