Technique,AUC,Credibility,LagGlobal,MAP
50Traced_NONETRACED_MEDIAN_SINGLE_LSA_67_SUM.csv,0.7815233236151603,0.6659566194262012,2.2936507936507935,0.6844931854406197
