Technique,AUC,Credibility,LagGlobal,MAP
50Traced_NONETRACED_RFNONE_RAW_LSA_41_SUM.csv,0.8809861246085735,0.802794305822137,2.2936507936507935,0.865757216016972
