Technique,AUC,Credibility,LagGlobal,MAP
50Traced_NONETRACED_MEDIAN_SINGLE_LSA_38_SUM.csv,0.780649362919771,0.6654883466020538,2.2936507936507935,0.6823715928399054
