Technique,AUC,Credibility,LagGlobal,MAP
50Traced_NONETRACED_MAX_MULTI_LSA_25_SUM.csv,0.9614951139185832,0.7408639011309764,1.6944444444444444,0.945223566380435
