Technique,AUC,Credibility,LagGlobal,MAP
50Traced_NONETRACED_RFNONE_MULTI_LSA_33_MEDIAN.csv,0.9078528236691501,0.8257761904761904,2.2182539682539684,0.8927779942539574
