Technique,AUC,Credibility,LagGlobal,MAP
50Traced_NONETRACED_SUM_RAW_LSA_17_SUM.csv,0.9413332793434834,0.7310750925246378,1.5277777777777777,0.9001377619359259
