Technique,AUC,Credibility,LagGlobal,MAP
50Traced_NONETRACED_RFNONE_SINGLE_VSM_26_MEDIAN.csv,0.8916659917935428,0.7871955952380952,2.2182539682539684,0.8552434709352059
