Technique,AUC,Credibility,LagGlobal,MAP
50Traced_NONETRACED_RFSMOTE_SINGLE_VSM_28_SUM.csv,0.8525503455350394,0.7502396947262591,2.2936507936507935,0.7859547194060111
