Technique,AUC,Credibility,LagGlobal,MAP
50Traced_NONETRACED_RFUNDER_MULTI_LSA_39_SUM.csv,0.8921451517114782,0.8165042043688877,2.2182539682539684,0.839944972498861
