Technique,AUC,Credibility,LagGlobal,MAP
50Traced_NONETRACED_MAX_RAW_VSM_52_MEDIAN.csv,0.9473531476082497,0.7813330952380952,1.873015873015873,0.9231432610595605
