Technique,AUC,Credibility,LagGlobal,MAP
50Traced_NONETRACED_RFNONE_MULTI_VSM_13_MAX.csv,0.8972876849152359,0.8281905952380952,2.2182539682539684,0.8182318856264118
