Technique,AUC,Credibility,LagGlobal,MAP
50Traced_NONETRACED_MAX_MULTI_LSA_68_MEDIAN.csv,0.9551378090918906,0.7423796428571429,1.3174603174603174,0.9314004294785229
