Technique,AUC,Credibility,LagGlobal,MAP
50Traced_NONETRACED_RFUNDER_MULTI_VSM_33_MAX.csv,0.8936028776590001,0.8051433333333333,2.1547619047619047,0.7416917266453946
