Technique,AUC,Credibility,LagGlobal,MAP
50Traced_NONETRACED_RFUNDER_RAW_LSA_97_MEDIAN.csv,0.8714839110247274,0.8046635714285715,2.2182539682539684,0.8519061327089836
