Technique,AUC,Credibility,LagGlobal,MAP
50Traced_NONETRACED_RFNONE_SINGLE_VSM_75_SUM.csv,0.8995350124176655,0.8264057977637632,2.2936507936507935,0.8887449634495207
