Technique,AUC,Credibility,LagGlobal,MAP
50Traced_NONETRACED_SUM_MULTI_VSM_86_SUM.csv,0.92444120505345,0.7258499690185619,2.130952380952381,0.8685220764970256
