Technique,AUC,Credibility,LagGlobal,MAP
50Traced_NONETRACED_MAX_RAW_VSM_29_MEDIAN.csv,0.9458583036389159,0.7928588095238095,2.003968253968254,0.9205332038634892
