Technique,AUC,Credibility,LagGlobal,MAP
50Traced_NONETRACED_RFUNDER_RAW_LSA_60_MEDIAN.csv,0.8994911456646151,0.8264952380952381,2.123015873015873,0.8754206570618994
