Technique,AUC,Credibility,LagGlobal,MAP
50Traced_NONETRACED_SUM_RAW_VSM_86_SUM.csv,0.9458076881546269,0.7449780711411927,2.0714285714285716,0.9166650204488211
