Technique,AUC,Credibility,LagGlobal,MAP
50Traced_NONETRACED_RFSMOTE_MULTI_LSA_78_SUM.csv,0.8479173415397905,0.743938715837212,2.2261904761904763,0.7420094248829484
