Technique,AUC,Credibility,LagGlobal,MAP
50Traced_NONETRACED_RFSMOTE_RAW_VSM_70_MAX.csv,0.886982372314005,0.7874983333333333,2.2976190476190474,0.8369620488408815
