Technique,AUC,Credibility,LagGlobal,MAP
50Traced_NONETRACED_RFUNDER_SINGLE_LSA_43_SUM.csv,0.9138693175682971,0.8332607470371386,2.1547619047619047,0.8980225930477157
