Technique,AUC,Credibility,LagGlobal,MAP
50Traced_NONETRACED_RFSMOTE_MULTI_VSM_76_MEDIAN.csv,0.8915951301155384,0.8199784523809523,2.2936507936507935,0.7966201136783793
