Technique,AUC,Credibility,LagGlobal,MAP
50Traced_NONETRACED_MEDIAN_SINGLE_VSM_60_SUM.csv,0.779559442824749,0.6645390340861034,2.2936507936507935,0.6840394680416291
