Technique,AUC,Credibility,LagGlobal,MAP
50Traced_NONETRACED_RFSMOTE_SINGLE_LSA_18_MEDIAN.csv,0.7960567163373284,0.7097157142857143,2.2182539682539684,0.7037827006300432
