Technique,AUC,Credibility,LagGlobal,MAP
50Traced_NONETRACED_RFUNDER_MULTI_VSM_31_MAX.csv,0.9069957348018571,0.8300302380952381,2.0476190476190474,0.841803202358243
