Technique,AUC,Credibility,LagGlobal,MAP
50Traced_NONETRACED_RFSMOTE_SINGLE_VSM_9_SUM.csv,0.8522938937479754,0.7685195594552601,2.2936507936507935,0.7884587848469434
