Technique,AUC,Credibility,LagGlobal,MAP
50Traced_NONETRACED_MEDIAN_SINGLE_VSM_15_SUM.csv,0.7801330849800236,0.6642880402605091,2.2936507936507935,0.6824286823260621
