Technique,AUC,Credibility,LagGlobal,MAP
50Traced_NONETRACED_RFNONE_SINGLE_VSM_5_MEDIAN.csv,0.8800244304070834,0.8041394047619047,2.2182539682539684,0.8585873593395331
