Technique,AUC,Credibility,LagGlobal,MAP
50Traced_NONETRACED_RFUNDER_RAW_VSM_92_SUM.csv,0.8826294406651549,0.8126958992170125,2.2936507936507935,0.8571286304275838
