Technique,AUC,Credibility,LagGlobal,MAP
50Traced_NONETRACED_RFSMOTE_RAW_VSM_2_MEDIAN.csv,0.8629467660079906,0.7715669047619048,2.2182539682539684,0.7931079008431954
