Technique,AUC,Credibility,LagGlobal,MAP
50Traced_NONETRACED_SUM_SINGLE_LSA_90_SUM.csv,0.9561332469495735,0.7500214857132336,1.6626984126984128,0.9098659927068586
