Technique,AUC,Credibility,LagGlobal,MAP
50Traced_NONETRACED_SUM_SINGLE_LSA_43_SUM.csv,0.9491280639239822,0.7506091649933208,1.8531746031746033,0.9033584505675127
