Technique,AUC,Credibility,LagGlobal,MAP
50Traced_NONETRACED_RFUNDER_MULTI_LSA_46_SUM.csv,0.9032265684051397,0.8104109161258873,2.123015873015873,0.8328480920725327
