Technique,AUC,Credibility,LagGlobal,MAP
50Traced_NONETRACED_RFSMOTE_SINGLE_VSM_11_MAX.csv,0.8731542220062628,0.768885,2.2182539682539684,0.7914551176485493
