Technique,AUC,Credibility,LagGlobal,MAP
50Traced_NONETRACED_MAX_SINGLE_VSM_46_MEDIAN.csv,0.9859896339488176,0.7478786904761905,1.0833333333333333,0.975999001584976
