Technique,AUC,Credibility,LagGlobal,MAP
50Traced_NONETRACED_SUM_RAW_LSA_92_MEDIAN.csv,0.9272756721736314,0.5009982142857143,1.8531746031746033,0.8863620715322811
