Technique,AUC,Credibility,LagGlobal,MAP
50Traced_NONETRACED_MAX_SINGLE_VSM_94_SUM.csv,0.9689727081308714,0.7311455410516042,1.257936507936508,0.9489097731160311
