Technique,AUC,Credibility,LagGlobal,MAP
50Traced_NONETRACED_SUM_SINGLE_VSM_1_SUM.csv,0.9640495086923658,0.7441131831066147,1.8174603174603174,0.9278062082736063
