Technique,AUC,Credibility,LagGlobal,MAP
50Traced_NONETRACED_MAX_SINGLE_LSA_69_MAX.csv,0.9702043515819025,0.7379488095238095,1.0873015873015872,0.949794747503542
