Technique,AUC,Credibility,LagGlobal,MAP
50Traced_NONETRACED_MEDIAN_SINGLE_LSA_69_SUM.csv,0.7818641345427059,0.6648985029180411,2.2936507936507935,0.6863059476102511
