Technique,AUC,Credibility,LagGlobal,MAP
50Traced_NONETRACED_MEDIAN_MULTI_VSM_26_MAX.csv,0.7782366915019976,0.6757827380952381,2.2936507936507935,0.6795107654487806
