Technique,AUC,Credibility,LagGlobal,MAP
50Traced_NONETRACED_SUM_MULTI_VSM_79_MAX.csv,0.9437324532987797,-0.20478130952380952,1.3571428571428572,0.8805162766194512
