Technique,AUC,Credibility,LagGlobal,MAP
50Traced_NONETRACED_MAX_SINGLE_VSM_7_MEDIAN.csv,0.9749014685239175,0.7519540476190476,0.9761904761904762,0.9560891923545566
