Technique,AUC,Credibility,LagGlobal,MAP
50Traced_NONETRACED_SUM_SINGLE_VSM_64_SUM.csv,0.9450990713745815,0.7476714573305483,1.8571428571428572,0.9034730879794827
