Technique,AUC,Credibility,LagGlobal,MAP
50Traced_NONETRACED_MAX_SINGLE_LSA_94_MEDIAN.csv,0.9787178760393045,0.7421519047619047,0.9642857142857143,0.9641014382359648
