Technique,AUC,Credibility,LagGlobal,MAP
50Traced_NONETRACED_MAX_RAW_VSM_16_SUM.csv,0.9457806932296728,0.774626235049402,2.115079365079365,0.9264922104285742
