Technique,AUC,Credibility,LagGlobal,MAP
50Traced_NONETRACED_MAX_RAW_VSM_58_MEDIAN.csv,0.9449978404060035,0.7860591666666666,2.107142857142857,0.9252657154133154
