Technique,AUC,Credibility,LagGlobal,MAP
50Traced_NONETRACED_RFSMOTE_SINGLE_LSA_61_MEDIAN.csv,0.8515076665586869,0.7543029761904761,2.2936507936507935,0.7888110659267855
