Technique,AUC,Credibility,LagGlobal,MAP
50Traced_NONETRACED_RFNONE_SINGLE_LSA_58_SUM.csv,0.8916659917935428,0.8108160629794307,2.2182539682539684,0.8714597248434535
