Technique,AUC,Credibility,LagGlobal,MAP
50Traced_NONETRACED_MAX_RAW_VSM_77_MEDIAN.csv,0.9663002105604147,0.8074644047619047,1.6428571428571428,0.9504430796771659
