Technique,AUC,Credibility,LagGlobal,MAP
50Traced_NONETRACED_RFSMOTE_RAW_LSA_51_MAX.csv,0.8771663427275672,0.781085,2.2182539682539684,0.8374360809728777
