Technique,AUC,Credibility,LagGlobal,MAP
50Traced_NONETRACED_RFSMOTE_MULTI_VSM_59_SUM.csv,0.9139266817838246,0.8023427175430433,2.2182539682539684,0.8705138154203089
