Technique,AUC,Credibility,LagGlobal,MAP
50Traced_NONETRACED_MEDIAN_MULTI_VSM_55_SUM.csv,0.7845062628225894,0.6670863493111389,2.3015873015873014,0.6903422756883868
