Technique,AUC,Credibility,LagGlobal,MAP
50Traced_NONETRACED_RFNONE_MULTI_VSM_96_SUM.csv,0.8873737987258395,0.8264057977637632,2.2936507936507935,0.8707097328533699
