Technique,AUC,Credibility,LagGlobal,MAP
50Traced_NONETRACED_MAX_MULTI_LSA_86_MEDIAN.csv,0.9686318972033258,0.7445967857142857,1.3333333333333333,0.9489902992814612
