Technique,AUC,Credibility,LagGlobal,MAP
50Traced_NONETRACED_RFUNDER_MULTI_LSA_30_MAX.csv,0.900655301803261,0.8269070238095239,2.2936507936507935,0.7935864479734184
