Technique,AUC,Credibility,LagGlobal,MAP
50Traced_NONETRACED_RFUNDER_MULTI_VSM_18_SUM.csv,0.8846473113054745,0.8012709837613868,2.2182539682539684,0.7996573673580373
