Technique,AUC,Credibility,LagGlobal,MAP
50Traced_NONETRACED_RFNONE_SINGLE_LSA_90_MAX.csv,0.9131843213475866,0.8387917857142857,2.2936507936507935,0.904170971169012
