Technique,AUC,Credibility,LagGlobal,MAP
50Traced_NONETRACED_RFUNDER_MULTI_LSA_99_SUM.csv,0.9213334143181082,0.8286907808548883,2.2182539682539684,0.885132460524631
