Technique,AUC,Credibility,LagGlobal,MAP
50Traced_NONETRACED_MAX_RAW_LSA_25_SUM.csv,0.971196415073966,0.7871605433885364,1.0873015873015872,0.9512117025661557
