Technique,AUC,Credibility,LagGlobal,MAP
50Traced_NONETRACED_RFUNDER_MULTI_VSM_6_SUM.csv,0.8988331443688586,0.8165042043688877,2.2182539682539684,0.8561499506259781
