Technique,AUC,Credibility,LagGlobal,MAP
50Traced_NONETRACED_SUM_RAW_VSM_67_MEDIAN.csv,0.9774018734477918,0.38066464285714285,0.8452380952380952,0.9601616911406483
