Technique,AUC,Credibility,LagGlobal,MAP
50Traced_NONETRACED_RFSMOTE_MULTI_VSM_77_MAX.csv,0.8274113216715258,0.748395119047619,2.2182539682539684,0.7518334535991467
