Technique,AUC,Credibility,LagGlobal,MAP
50Traced_NONETRACED_RFSMOTE_RAW_VSM_9_MEDIAN.csv,0.9086727945146312,0.8166580952380952,2.0595238095238093,0.8384878325645125
