Technique,AUC,Credibility,LagGlobal,MAP
50Traced_NONETRACED_RFUNDER_SINGLE_VSM_84_SUM.csv,0.8996666126768167,0.8286907808548883,2.2182539682539684,0.8864258301023004
