Technique,AUC,Credibility,LagGlobal,MAP
50Traced_NONETRACED_RFSMOTE_MULTI_LSA_65_MEDIAN.csv,0.8452111003131411,0.752682261904762,2.2182539682539684,0.7203818903480026
