Technique,AUC,Credibility,LagGlobal,MAP
50Traced_NONETRACED_RFSMOTE_MULTI_VSM_17_MAX.csv,0.883206457186049,0.7910265476190477,2.2936507936507935,0.8293158468913916
