Technique,AUC,Credibility,LagGlobal,MAP
50Traced_NONETRACED_RFUNDER_SINGLE_LSA_8_SUM.csv,0.9303463448871612,0.8385923742497639,2.123015873015873,0.9205298586539503
