Technique,AUC,Credibility,LagGlobal,MAP
50Traced_NONETRACED_SUM_SINGLE_LSA_82_MEDIAN.csv,0.9600508854335386,-0.32863583333333335,1.2023809523809523,0.9264304945543879
