Technique,AUC,Credibility,LagGlobal,MAP
50Traced_NONETRACED_RFSMOTE_MULTI_LSA_57_SUM.csv,0.8697798563869992,0.7914372996235869,2.2182539682539684,0.8292986234687738
