Technique,AUC,Credibility,LagGlobal,MAP
50Traced_NONETRACED_RFUNDER_RAW_VSM_75_SUM.csv,0.9105995572832308,0.8172658653992627,2.123015873015873,0.8887989672377412
