Technique,AUC,Credibility,LagGlobal,MAP
50Traced_NONETRACED_RFSMOTE_RAW_VSM_50_SUM.csv,0.8933835438937481,0.7984136544316907,2.2936507936507935,0.8629198014461772
