Technique,AUC,Credibility,LagGlobal,MAP
50Traced_NONETRACED_SUM_RAW_VSM_58_SUM.csv,0.938255857898715,0.7404905518639424,1.6785714285714286,0.9025050100012122
