Technique,AUC,Credibility,LagGlobal,MAP
50Traced_NONETRACED_RFSMOTE_RAW_VSM_81_SUM.csv,0.8936163751214772,0.804317627882887,2.2936507936507935,0.8740912435422497
