Technique,AUC,Credibility,LagGlobal,MAP
50Traced_NONETRACED_RFUNDER_RAW_LSA_76_MAX.csv,0.892192392830148,0.8237380952380953,2.2182539682539684,0.8617326842416883
