Technique,AUC,Credibility,LagGlobal,MAP
50Traced_NONETRACED_SUM_RAW_LSA_45_SUM.csv,0.9597336950653277,0.7442503263355807,1.9285714285714286,0.9401494925042915
