Technique,AUC,Credibility,LagGlobal,MAP
50Traced_NONETRACED_RFSMOTE_RAW_LSA_19_SUM.csv,0.867508908325235,0.7844609448154831,2.2182539682539684,0.8324210266157908
