Technique,AUC,Credibility,LagGlobal,MAP
50Traced_NONETRACED_MAX_MULTI_LSA_9_MEDIAN.csv,0.9572434132383112,0.7535008333333333,2.1785714285714284,0.9399710034453486
