Technique,AUC,Credibility,LagGlobal,MAP
50Traced_NONETRACED_RFNONE_SINGLE_LSA_61_MEDIAN.csv,0.8890879764604254,0.8217177380952381,2.2182539682539684,0.8711799447655661
