Technique,AUC,Credibility,LagGlobal,MAP
50Traced_NONETRACED_SUM_SINGLE_LSA_76_SUM.csv,0.9482102364755427,0.7449455549525648,1.746031746031746,0.8940067241764236
