Technique,AUC,Credibility,LagGlobal,MAP
50Traced_NONETRACED_RFSMOTE_RAW_VSM_11_MAX.csv,0.8372813411078717,0.7559569047619048,2.2936507936507935,0.769146211434867
