Technique,AUC,Credibility,LagGlobal,MAP
50Traced_NONETRACED_MAX_RAW_LSA_74_MEDIAN.csv,0.9458751754670122,0.7947585714285714,2.2063492063492065,0.932179018142484
