Technique,AUC,Credibility,LagGlobal,MAP
50Traced_NONETRACED_MAX_MULTI_LSA_43_SUM.csv,0.9629865835222978,0.7393962008141113,1.5753968253968254,0.9362591427969229
