Technique,AUC,Credibility,LagGlobal,MAP
50Traced_NONETRACED_MAX_RAW_LSA_13_SUM.csv,0.9581005021056042,0.7705482505014486,1.8412698412698412,0.9409884279453004
