Technique,AUC,Credibility,LagGlobal,MAP
50Traced_NONETRACED_MAX_SINGLE_LSA_16_SUM.csv,0.975127551020408,0.7352829503119387,1.3928571428571428,0.9568349392143974
