Technique,AUC,Credibility,LagGlobal,MAP
50Traced_NONETRACED_RFUNDER_RAW_LSA_95_SUM.csv,0.859714123744736,0.7982243396398867,2.2182539682539684,0.8338012787532574
