Technique,AUC,Credibility,LagGlobal,MAP
50Traced_NONETRACED_RFUNDER_SINGLE_LSA_74_MAX.csv,0.9088786308174064,0.8413835714285715,2.2182539682539684,0.8873506673633534
