Technique,AUC,Credibility,LagGlobal,MAP
50Traced_NONETRACED_RFSMOTE_MULTI_LSA_92_SUM.csv,0.8962315084764065,0.8096492550955123,2.2222222222222223,0.8593465984404695
