Technique,AUC,Credibility,LagGlobal,MAP
50Traced_NONETRACED_RFNONE_MULTI_LSA_31_SUM.csv,0.9101406435590109,0.8363073911586387,2.2936507936507935,0.898085451147826
