Technique,AUC,Credibility,LagGlobal,MAP
50Traced_NONETRACED_SUM_SINGLE_VSM_2_SUM.csv,0.9513956376201275,0.7463350247819429,1.0476190476190477,0.9077519799766384
