Technique,AUC,Credibility,LagGlobal,MAP
50Traced_NONETRACED_SUM_SINGLE_LSA_66_SUM.csv,0.964177734585898,0.7404916812204707,0.7817460317460317,0.9183526118285615
