Technique,AUC,Credibility,LagGlobal,MAP
50Traced_NONETRACED_RFSMOTE_MULTI_VSM_6_MAX.csv,0.8880284256559765,0.7982886904761904,2.0515873015873014,0.8271802053735492
