Technique,AUC,Credibility,LagGlobal,MAP
50Traced_NONETRACED_RFNONE_SINGLE_LSA_49_MEDIAN.csv,0.9011243386243386,0.8133958333333333,2.1785714285714284,0.8801533443597694
