Technique,AUC,Credibility,LagGlobal,MAP
50Traced_NONETRACED_RFNONE_SINGLE_VSM_11_SUM.csv,0.8731778425655976,0.8088875940651372,2.2936507936507935,0.8561504828431856
