Technique,AUC,Credibility,LagGlobal,MAP
50Traced_NONETRACED_RFUNDER_RAW_LSA_78_MAX.csv,0.9011074667962423,0.8167840476190477,2.2182539682539684,0.8801608322478237
