Technique,AUC,Credibility,LagGlobal,MAP
50Traced_NONETRACED_SUM_SINGLE_LSA_88_MAX.csv,0.9547430083144369,-0.24634035714285712,1.6904761904761905,0.9096359076818281
