Technique,AUC,Credibility,LagGlobal,MAP
50Traced_NONETRACED_MAX_RAW_LSA_30_MEDIAN.csv,0.9558126822157434,0.8045241666666667,2.0476190476190474,0.9477676898615057
