Technique,AUC,Credibility,LagGlobal,MAP
50Traced_NONETRACED_MAX_RAW_LSA_36_SUM.csv,0.9482237339380197,0.7677715561619263,1.8968253968253967,0.9256589004199147
