Technique,AUC,Credibility,LagGlobal,MAP
50Traced_NONETRACED_MAX_MULTI_LSA_61_MAX.csv,0.9647918691286038,0.7464809523809524,1.7261904761904763,0.9439938019296596
