Technique,AUC,Credibility,LagGlobal,MAP
50Traced_NONETRACED_RFSMOTE_RAW_LSA_7_MEDIAN.csv,0.8584993521218012,0.7735754761904762,2.2936507936507935,0.791528092663532
