Technique,AUC,Credibility,LagGlobal,MAP
50Traced_NONETRACED_RFSMOTE_RAW_VSM_80_MAX.csv,0.8675224057877119,0.7978530952380952,2.1785714285714284,0.7934376605972021
