Technique,AUC,Credibility,LagGlobal,MAP
50Traced_NONETRACED_RFUNDER_MULTI_VSM_28_SUM.csv,0.9214312709210668,0.8264057977637632,2.2182539682539684,0.8719295125727689
