Technique,AUC,Credibility,LagGlobal,MAP
50Traced_NONETRACED_RFSMOTE_SINGLE_VSM_33_MEDIAN.csv,0.8786409405031854,0.7631022619047619,2.2182539682539684,0.8279874336573187
