Technique,AUC,Credibility,LagGlobal,MAP
50Traced_NONETRACED_MAX_MULTI_VSM_17_MEDIAN.csv,0.9544899308929921,0.7471620238095238,2.2698412698412698,0.9422506158715424
