Technique,AUC,Credibility,LagGlobal,MAP
50Traced_NONETRACED_RFUNDER_RAW_LSA_11_MAX.csv,0.9018835708886729,0.8306454761904762,2.2182539682539684,0.8850939419188266
