Technique,AUC,Credibility,LagGlobal,MAP
50Traced_NONETRACED_RFSMOTE_SINGLE_LSA_52_SUM.csv,0.8167415775834144,0.7372914572098833,2.2936507936507935,0.7609692341274642
