Technique,AUC,Credibility,LagGlobal,MAP
50Traced_NONETRACED_MAX_MULTI_LSA_63_SUM.csv,0.9668873501781665,0.7416064821006643,2.2301587301587302,0.9581686923946778
