Technique,AUC,Credibility,LagGlobal,MAP
50Traced_NONETRACED_RFUNDER_MULTI_VSM_66_MEDIAN.csv,0.8749595076125688,0.7709242857142857,2.0357142857142856,0.6502307922220267
