Technique,AUC,Credibility,LagGlobal,MAP
50Traced_NONETRACED_MEDIAN_RAW_LSA_8_SUM.csv,0.7801837004643126,0.6654356741828525,2.2936507936507935,0.6854597752960015
