Technique,AUC,Credibility,LagGlobal,MAP
50Traced_NONETRACED_RFUNDER_SINGLE_LSA_36_MAX.csv,0.9094961397257315,0.8393930952380952,2.1785714285714284,0.8748831462374376
