Technique,AUC,Credibility,LagGlobal,MAP
50Traced_NONETRACED_MEDIAN_RAW_VSM_15_SUM.csv,0.7812128819781882,0.6640338746511038,2.2976190476190474,0.6833099158068471
