Technique,AUC,Credibility,LagGlobal,MAP
50Traced_NONETRACED_MAX_SINGLE_LSA_18_MAX.csv,0.9846331389698737,0.7516030952380952,0.8492063492063492,0.9711331314330737
