Technique,AUC,Credibility,LagGlobal,MAP
50Traced_NONETRACED_MEDIAN_SINGLE_VSM_42_SUM.csv,0.7802781827016521,0.664373889875666,2.2936507936507935,0.682931575398669
