Technique,AUC,Credibility,LagGlobal,MAP
50Traced_NONETRACED_MEDIAN_SINGLE_LSA_90_SUM.csv,0.78899416909621,0.6685468201780796,2.2936507936507935,0.6915400310424697
