Technique,AUC,Credibility,LagGlobal,MAP
50Traced_NONETRACED_MAX_SINGLE_VSM_80_SUM.csv,0.9719691448007776,0.7339165464165465,0.9484126984126984,0.9489070528520894
