Technique,AUC,Credibility,LagGlobal,MAP
50Traced_NONETRACED_MAX_MULTI_LSA_68_SUM.csv,0.946013524457402,0.7259248424140298,1.757936507936508,0.9190396472766755
