Technique,AUC,Credibility,LagGlobal,MAP
50Traced_NONETRACED_RFNONE_MULTI_LSA_65_MEDIAN.csv,0.9066414264118345,0.8382794047619048,2.2182539682539684,0.8764740006896918
