Technique,AUC,Credibility,LagGlobal,MAP
50Traced_NONETRACED_RFUNDER_MULTI_LSA_26_SUM.csv,0.8854571590540977,0.784514441093136,2.2222222222222223,0.7880024257133247
