Technique,AUC,Credibility,LagGlobal,MAP
50Traced_NONETRACED_RFUNDER_RAW_LSA_25_SUM.csv,0.879595885973437,0.8005093227310118,2.2936507936507935,0.8590020436440404
