Technique,AUC,Credibility,LagGlobal,MAP
50Traced_NONETRACED_RFNONE_SINGLE_LSA_36_SUM.csv,0.8955768815462692,0.8165042043688877,2.1785714285714284,0.8759944811661113
