Technique,AUC,Credibility,LagGlobal,MAP
50Traced_NONETRACED_SUM_SINGLE_LSA_31_MEDIAN.csv,0.9657906813519058,-0.30621809523809523,1.1785714285714286,0.9318078203548824
