Technique,AUC,Credibility,LagGlobal,MAP
50Traced_NONETRACED_RFNONE_MULTI_VSM_46_MEDIAN.csv,0.9010669744088111,0.8297675,2.1587301587301586,0.8563408926532134
