Technique,AUC,Credibility,LagGlobal,MAP
50Traced_NONETRACED_RFNONE_MULTI_LSA_96_MEDIAN.csv,0.9229362379872583,0.8397342857142858,2.2182539682539684,0.8866544668192424
