Technique,AUC,Credibility,LagGlobal,MAP
50Traced_NONETRACED_RFUNDER_MULTI_LSA_23_SUM.csv,0.8933396771406976,0.7890844072753862,2.2182539682539684,0.7946004747814067
