Technique,AUC,Credibility,LagGlobal,MAP
50Traced_NONETRACED_MEDIAN_RAW_VSM_45_SUM.csv,0.7812230050750459,0.6643406918717754,2.2976190476190474,0.6849837409254544
