Technique,AUC,Credibility,LagGlobal,MAP
50Traced_NONETRACED_SUM_SINGLE_LSA_68_SUM.csv,0.950288845697009,0.7492101503056576,1.4642857142857142,0.9075091215928028
