Technique,AUC,Credibility,LagGlobal,MAP
50Traced_NONETRACED_RFUNDER_RAW_LSA_26_MEDIAN.csv,0.8785903250188964,0.8144757142857143,2.2182539682539684,0.8593130274299332
