Technique,AUC,Credibility,LagGlobal,MAP
50Traced_NONETRACED_RFUNDER_RAW_VSM_65_SUM.csv,0.9282407407407408,0.8271674587941382,2.2936507936507935,0.9205973028922435
