Technique,AUC,Credibility,LagGlobal,MAP
50Traced_NONETRACED_MAX_RAW_LSA_54_MEDIAN.csv,0.971233533095778,0.7877536904761905,1.8968253968253967,0.9539856608720724
