Technique,AUC,Credibility,LagGlobal,MAP
50Traced_NONETRACED_RFNONE_RAW_VSM_47_SUM.csv,0.9180299103768492,0.804317627882887,2.1785714285714284,0.8958027895114122
