Technique,AUC,Credibility,LagGlobal,MAP
50Traced_NONETRACED_MAX_MULTI_VSM_78_MEDIAN.csv,0.9797436831875609,0.7576214285714286,1.7103174603174602,0.9679242388374
