Technique,AUC,Credibility,LagGlobal,MAP
50Traced_NONETRACED_RFSMOTE_SINGLE_LSA_75_MAX.csv,0.9113486664507073,0.8231133333333334,2.2182539682539684,0.8887031245869633
