Technique,AUC,Credibility,LagGlobal,MAP
50Traced_NONETRACED_MAX_RAW_VSM_52_SUM.csv,0.9420047781017169,0.768978074501176,1.8333333333333333,0.9158776454152706
