Technique,AUC,Credibility,LagGlobal,MAP
50Traced_NONETRACED_SUM_MULTI_LSA_90_MEDIAN.csv,0.9469347262714611,-0.2088407142857143,1.9801587301587302,0.904801260992031
