Technique,AUC,Credibility,LagGlobal,MAP
50Traced_NONETRACED_MEDIAN_MULTI_LSA_72_SUM.csv,0.790377659000108,0.6662190308222055,2.2936507936507935,0.6973612939974343
