Technique,AUC,Credibility,LagGlobal,MAP
50Traced_NONETRACED_MAX_RAW_LSA_89_SUM.csv,0.9610631951193176,0.7773574709537963,1.496031746031746,0.9449858426255765
