Technique,AUC,Credibility,LagGlobal,MAP
50Traced_NONETRACED_SUM_MULTI_VSM_95_MAX.csv,0.9423962045135514,-0.1954782142857143,1.1706349206349207,0.8732075305473381
