Technique,AUC,Credibility,LagGlobal,MAP
50Traced_NONETRACED_RFNONE_MULTI_VSM_82_MEDIAN.csv,0.8990423550372532,0.8398984523809524,2.2936507936507935,0.8838693403292082
