Technique,AUC,Credibility,LagGlobal,MAP
50Traced_NONETRACED_MAX_RAW_VSM_8_SUM.csv,0.9310752078609221,0.7629454868004486,2.1031746031746033,0.9088261747125808
