Technique,AUC,Credibility,LagGlobal,MAP
50Traced_NONETRACED_RFNONE_MULTI_LSA_59_SUM.csv,0.9190084764064356,0.8332607470371386,2.2182539682539684,0.8962539909194991
