Technique,AUC,Credibility,LagGlobal,MAP
50Traced_NONETRACED_SUM_MULTI_LSA_39_MEDIAN.csv,0.9226089245221899,-0.18181785714285714,1.9047619047619047,0.8766380663721948
