Technique,AUC,Credibility,LagGlobal,MAP
50Traced_NONETRACED_RFUNDER_RAW_LSA_48_MAX.csv,0.9244513281503078,0.8390396428571428,2.123015873015873,0.9062590189639458
