Technique,AUC,Credibility,LagGlobal,MAP
50Traced_NONETRACED_MAX_RAW_LSA_96_MAX.csv,0.9334642587193607,0.7940655952380953,2.0952380952380953,0.9095161626868988
