Technique,AUC,Credibility,LagGlobal,MAP
50Traced_NONETRACED_RFUNDER_RAW_LSA_43_SUM.csv,0.8935050210560413,0.8073642720043872,2.2936507936507935,0.873155567473994
