Technique,AUC,Credibility,LagGlobal,MAP
50Traced_NONETRACED_RFUNDER_MULTI_VSM_31_SUM.csv,0.9081700140373611,0.822597492611888,2.0476190476190474,0.8607775862120998
