Technique,AUC,Credibility,LagGlobal,MAP
50Traced_NONETRACED_RFUNDER_SINGLE_LSA_64_MEDIAN.csv,0.8985463232912212,0.8339853571428572,2.1547619047619047,0.8622688319593533
