Technique,AUC,Credibility,LagGlobal,MAP
50Traced_NONETRACED_MEDIAN_RAW_LSA_11_SUM.csv,0.779201760069107,0.6638816290281654,2.2936507936507935,0.6825338048407604
