Technique,AUC,Credibility,LagGlobal,MAP
50Traced_NONETRACED_RFUNDER_RAW_LSA_72_SUM.csv,0.874642317244358,0.8005093227310118,2.2182539682539684,0.8546770149929783
