Technique,AUC,Credibility,LagGlobal,MAP
50Traced_NONETRACED_MEDIAN_MULTI_VSM_43_MAX.csv,0.77831767627686,0.6757988095238096,2.2936507936507935,0.6795299213422092
