Technique,AUC,Credibility,LagGlobal,MAP
50Traced_NONETRACED_RFNONE_SINGLE_VSM_32_MEDIAN.csv,0.9129717363135731,0.825677619047619,2.2182539682539684,0.8985400968769559
