Technique,AUC,Credibility,LagGlobal,MAP
50Traced_NONETRACED_SUM_SINGLE_VSM_56_SUM.csv,0.9486219090810928,0.745218416308917,1.1428571428571428,0.9039496344629424
