Technique,AUC,Credibility,LagGlobal,MAP
50Traced_NONETRACED_RFSMOTE_RAW_VSM_8_MEDIAN.csv,0.8657846074937912,0.7885634523809524,2.2936507936507935,0.7844890620916534
