Technique,AUC,Credibility,LagGlobal,MAP
50Traced_NONETRACED_RFUNDER_MULTI_VSM_7_SUM.csv,0.9170277237879279,0.8180275264296377,2.2182539682539684,0.8485993508399247
