Technique,AUC,Credibility,LagGlobal,MAP
50Traced_NONETRACED_RFSMOTE_SINGLE_LSA_6_MAX.csv,0.8952563168124392,0.8298559523809523,2.2936507936507935,0.8844778947205411
