Technique,AUC,Credibility,LagGlobal,MAP
50Traced_NONETRACED_MEDIAN_MULTI_LSA_78_SUM.csv,0.7797956484180975,0.6655965341035326,2.2976190476190474,0.6873071732603908
