Technique,AUC,Credibility,LagGlobal,MAP
50Traced_NONETRACED_SUM_RAW_LSA_84_MAX.csv,0.9683349530288305,0.5195116666666667,1.0714285714285714,0.9462361668168823
