Technique,AUC,Credibility,LagGlobal,MAP
50Traced_NONETRACED_RFUNDER_MULTI_VSM_51_MEDIAN.csv,0.908568189180434,0.8403364285714285,2.1785714285714284,0.8431108420383235
