Technique,AUC,Credibility,LagGlobal,MAP
50Traced_NONETRACED_RFNONE_SINGLE_VSM_59_MEDIAN.csv,0.8720643019112407,0.7925326190476191,2.2182539682539684,0.8468079471523976
