Technique,AUC,Credibility,LagGlobal,MAP
50Traced_NONETRACED_RFSMOTE_MULTI_VSM_4_SUM.csv,0.8690273728539035,0.7913693903665113,2.2936507936507935,0.8201695384258297
