Technique,AUC,Credibility,LagGlobal,MAP
50Traced_NONETRACED_RFUNDER_SINGLE_LSA_52_MEDIAN.csv,0.9002368804664723,0.8411740476190476,2.2182539682539684,0.8723420246620324
