Technique,AUC,Credibility,LagGlobal,MAP
50Traced_NONETRACED_RFSMOTE_MULTI_LSA_43_SUM.csv,0.881849962207105,0.8088875940651372,2.1587301587301586,0.853049171649648
