Technique,AUC,Credibility,LagGlobal,MAP
50Traced_NONETRACED_MAX_MULTI_VSM_26_SUM.csv,0.9431790573372206,0.7277690111919207,2.0992063492063493,0.9192264015526176
