Technique,AUC,Credibility,LagGlobal,MAP
50Traced_NONETRACED_RFNONE_RAW_VSM_87_SUM.csv,0.8730124986502537,0.7860112458839507,2.1785714285714284,0.8486002584408746
