Technique,AUC,Credibility,LagGlobal,MAP
50Traced_NONETRACED_RFUNDER_RAW_VSM_19_MAX.csv,0.8938694525429219,0.8257065476190476,2.2182539682539684,0.8318562159740874
