Technique,AUC,Credibility,LagGlobal,MAP
50Traced_NONETRACED_MEDIAN_RAW_VSM_87_SUM.csv,0.7803490443796566,0.6639970248600676,2.2976190476190474,0.6822819920106736
