Technique,AUC,Credibility,LagGlobal,MAP
50Traced_NONETRACED_RFSMOTE_SINGLE_LSA_93_MAX.csv,0.8994067865241334,0.7954288095238096,2.1825396825396823,0.8559157177564074
