Technique,AUC,Credibility,LagGlobal,MAP
50Traced_NONETRACED_MAX_RAW_VSM_74_SUM.csv,0.9603107115862217,0.7814632542751818,1.8452380952380953,0.9462129847733886
