Technique,AUC,Credibility,LagGlobal,MAP
50Traced_NONETRACED_RFUNDER_SINGLE_LSA_7_MEDIAN.csv,0.8944734639887701,0.8424567857142857,2.2182539682539684,0.8878518816338825
