Technique,AUC,Credibility,LagGlobal,MAP
50Traced_NONETRACED_RFNONE_RAW_LSA_49_MAX.csv,0.8550709966526293,0.7919630952380953,2.2936507936507935,0.8276218420122882
