Technique,AUC,Credibility,LagGlobal,MAP
50Traced_NONETRACED_SUM_MULTI_VSM_94_SUM.csv,0.9500931324910916,0.7385398892560093,2.234126984126984,0.9137361249350406
