Technique,AUC,Credibility,LagGlobal,MAP
50Traced_NONETRACED_MAX_SINGLE_VSM_77_SUM.csv,0.9622071050642479,0.7229322165348224,1.2936507936507937,0.939721927707431
