Technique,AUC,Credibility,LagGlobal,MAP
50Traced_NONETRACED_SUM_MULTI_LSA_3_MAX.csv,0.9254737609329446,-0.1641615476190476,1.9603174603174602,0.8757129832003057
