Technique,AUC,Credibility,LagGlobal,MAP
50Traced_NONETRACED_MAX_MULTI_LSA_50_MEDIAN.csv,0.9457806932296728,0.740520119047619,2.2738095238095237,0.9258203695052803
