Technique,AUC,Credibility,LagGlobal,MAP
50Traced_NONETRACED_RFNONE_MULTI_LSA_96_SUM.csv,0.9236684753266386,0.8302141029156385,2.2182539682539684,0.8963841215404831
