Technique,AUC,Credibility,LagGlobal,MAP
50Traced_NONETRACED_MEDIAN_MULTI_VSM_96_SUM.csv,0.7795560684591296,0.6646002180776617,2.2976190476190474,0.6794312773837984
