Technique,AUC,Credibility,LagGlobal,MAP
50Traced_NONETRACED_RFUNDER_SINGLE_VSM_62_MAX.csv,0.8923779829392074,0.8307690476190476,2.2182539682539684,0.8579693097715864
