Technique,AUC,Credibility,LagGlobal,MAP
50Traced_NONETRACED_SUM_SINGLE_LSA_99_MEDIAN.csv,0.9555089893100097,-0.25129619047619045,0.9404761904761905,0.9111747838543451
