Technique,AUC,Credibility,LagGlobal,MAP
50Traced_NONETRACED_RFUNDER_RAW_VSM_49_SUM.csv,0.8627038116834035,0.8073642720043872,2.2936507936507935,0.8488154899431398
