Technique,AUC,Credibility,LagGlobal,MAP
50Traced_NONETRACED_MAX_SINGLE_LSA_6_MAX.csv,0.9825275348234532,0.7596613095238095,0.9285714285714286,0.9697809997952233
