Technique,AUC,Credibility,LagGlobal,MAP
50Traced_NONETRACED_RFNONE_MULTI_VSM_9_MAX.csv,0.8933734207968902,0.8283290476190476,2.2182539682539684,0.8581015002767323
