Technique,AUC,Credibility,LagGlobal,MAP
50Traced_NONETRACED_RFSMOTE_SINGLE_VSM_40_MEDIAN.csv,0.8868912644422848,0.8055086904761904,2.2182539682539684,0.8213170338614753
