Technique,AUC,Credibility,LagGlobal,MAP
50Traced_NONETRACED_SUM_MULTI_LSA_45_SUM.csv,0.9359376687182809,0.7266925354185003,1.4285714285714286,0.8780948414182796
