Technique,AUC,Credibility,LagGlobal,MAP
50Traced_NONETRACED_RFNONE_SINGLE_VSM_22_SUM.csv,0.848872287010042,0.7336747093542592,2.2182539682539684,0.7920704008810638
