Technique,AUC,Credibility,LagGlobal,MAP
50Traced_NONETRACED_SUM_RAW_VSM_34_SUM.csv,0.9560725083684267,0.7410576505402617,1.5992063492063493,0.9228442553462656
