Technique,AUC,Credibility,LagGlobal,MAP
50Traced_NONETRACED_SUM_SINGLE_VSM_13_MAX.csv,0.9666713907785337,-0.2515415476190476,1.6587301587301588,0.9459200136389636
