Technique,AUC,Credibility,LagGlobal,MAP
50Traced_NONETRACED_SUM_RAW_VSM_32_MAX.csv,0.9645421660727784,0.5076046428571429,1.8452380952380953,0.9438959223892603
