Technique,AUC,Credibility,LagGlobal,MAP
50Traced_NONETRACED_MAX_MULTI_VSM_69_SUM.csv,0.936194120505345,0.7401966712460414,2.1984126984126986,0.9163470127554338
