Technique,AUC,Credibility,LagGlobal,MAP
50Traced_NONETRACED_RFUNDER_SINGLE_LSA_97_MAX.csv,0.9499919015225139,0.8660939285714285,2.2182539682539684,0.9390272105837995
