Technique,AUC,Credibility,LagGlobal,MAP
50Traced_NONETRACED_MEDIAN_MULTI_LSA_53_MAX.csv,0.7781624554583738,0.6757432142857143,2.2936507936507935,0.6794931330819699
