Technique,AUC,Credibility,LagGlobal,MAP
50Traced_NONETRACED_MEDIAN_RAW_VSM_91_SUM.csv,0.779559442824749,0.6640535397107333,2.2936507936507935,0.6822764637923087
