Technique,AUC,Credibility,LagGlobal,MAP
50Traced_NONETRACED_MEDIAN_MULTI_LSA_51_SUM.csv,0.7878603822481374,0.6651095322676139,2.2976190476190474,0.6923093178609843
