Technique,AUC,Credibility,LagGlobal,MAP
50Traced_NONETRACED_RFSMOTE_SINGLE_VSM_75_SUM.csv,0.885345804988662,0.7690475368096948,2.2182539682539684,0.8460800599760544
