Technique,AUC,Credibility,LagGlobal,MAP
50Traced_NONETRACED_SUM_SINGLE_VSM_58_SUM.csv,0.9499277885757477,0.752335450999377,1.1071428571428572,0.8959095418152351
