Technique,AUC,Credibility,LagGlobal,MAP
50Traced_NONETRACED_MEDIAN_SINGLE_VSM_45_SUM.csv,0.7794885811467445,0.6652039697651607,2.2936507936507935,0.6790440223967622
