Technique,AUC,Credibility,LagGlobal,MAP
50Traced_NONETRACED_MEDIAN_MULTI_LSA_62_MAX.csv,0.7780409782960803,0.6755686904761905,2.2936507936507935,0.6794706859651337
