Technique,AUC,Credibility,LagGlobal,MAP
50Traced_NONETRACED_RFNONE_SINGLE_VSM_55_MAX.csv,0.8883759853147608,0.8199025,2.2182539682539684,0.8721890607676468
