Technique,AUC,Credibility,LagGlobal,MAP
50Traced_NONETRACED_SUM_SINGLE_VSM_7_MAX.csv,0.9668401090594968,-0.2569478571428572,1.3134920634920635,0.9309923206490045
