Technique,AUC,Credibility,LagGlobal,MAP
50Traced_NONETRACED_RFNONE_RAW_VSM_68_MAX.csv,0.8574060576611597,0.77618,2.2936507936507935,0.8287128896784998
