Technique,AUC,Credibility,LagGlobal,MAP
50Traced_NONETRACED_RFUNDER_MULTI_VSM_59_SUM.csv,0.9086120559334845,0.8157425433385126,2.2182539682539684,0.8320231903049461
