Technique,AUC,Credibility,LagGlobal,MAP
50Traced_NONETRACED_SUM_RAW_VSM_45_SUM.csv,0.9611678004535147,0.7359083058757242,1.2380952380952381,0.9312252204672399
