Technique,AUC,Credibility,LagGlobal,MAP
50Traced_NONETRACED_RFSMOTE_RAW_LSA_15_MAX.csv,0.8884772162833388,0.8021419047619047,2.2222222222222223,0.8476288719767877
