Technique,AUC,Credibility,LagGlobal,MAP
50Traced_NONETRACED_SUM_SINGLE_VSM_15_SUM.csv,0.9556844563222114,0.7499929527836504,1.8055555555555556,0.9201326877879271
