Technique,AUC,Credibility,LagGlobal,MAP
50Traced_NONETRACED_MAX_MULTI_VSM_44_MEDIAN.csv,0.9594839920095022,0.7363067857142858,1.3333333333333333,0.9324157039589578
