Technique,AUC,Credibility,LagGlobal,MAP
50Traced_NONETRACED_SUM_MULTI_VSM_7_MAX.csv,0.9365416801641291,-0.18737285714285715,1.1468253968253967,0.8859099428350583
