Technique,AUC,Credibility,LagGlobal,MAP
50Traced_NONETRACED_RFUNDER_SINGLE_LSA_28_SUM.csv,0.8928875121477162,0.8309757639460135,2.2936507936507935,0.874834066768112
