Technique,AUC,Credibility,LagGlobal,MAP
50Traced_NONETRACED_SUM_SINGLE_VSM_73_SUM.csv,0.9546721466364323,0.7488932935542703,1.1587301587301588,0.8951182135144883
