Technique,AUC,Credibility,LagGlobal,MAP
50Traced_NONETRACED_MAX_RAW_VSM_67_MEDIAN.csv,0.9655544757585575,0.7923103571428571,1.619047619047619,0.9467904027240662
