Technique,AUC,Credibility,LagGlobal,MAP
50Traced_NONETRACED_SUM_RAW_LSA_40_SUM.csv,0.9604389374797538,0.7457187916801845,2.1706349206349205,0.9497362096720816
