Technique,AUC,Credibility,LagGlobal,MAP
50Traced_NONETRACED_RFUNDER_MULTI_VSM_1_MEDIAN.csv,0.8866753050426519,0.8117830952380952,2.2936507936507935,0.7525954991143191
