Technique,AUC,Credibility,LagGlobal,MAP
50Traced_NONETRACED_SUM_SINGLE_LSA_69_SUM.csv,0.9466445308282043,0.7439722549606054,0.9404761904761905,0.8859355914813454
