Technique,AUC,Credibility,LagGlobal,MAP
50Traced_NONETRACED_RFSMOTE_MULTI_LSA_89_MAX.csv,0.855283581686643,0.7394535714285714,2.2182539682539684,0.7283360373991377
