Technique,AUC,Credibility,LagGlobal,MAP
50Traced_NONETRACED_RFUNDER_MULTI_LSA_34_SUM.csv,0.9120134164777022,0.8264057977637632,2.123015873015873,0.8675158502796162
