Technique,AUC,Credibility,LagGlobal,MAP
50Traced_NONETRACED_RFSMOTE_RAW_VSM_5_MEDIAN.csv,0.8587456808120073,0.7767378571428571,2.2976190476190474,0.8046903401228569
