Technique,AUC,Credibility,LagGlobal,MAP
50Traced_NONETRACED_SUM_MULTI_LSA_99_MEDIAN.csv,0.9452610409243063,-0.1735252380952381,1.5674603174603174,0.8958923432186444
