Technique,AUC,Credibility,LagGlobal,MAP
50Traced_NONETRACED_MAX_SINGLE_VSM_93_MAX.csv,0.9821968469927653,0.7429314285714286,0.9920634920634921,0.9678859215481903
