Technique,AUC,Credibility,LagGlobal,MAP
50Traced_NONETRACED_MEDIAN_RAW_LSA_55_SUM.csv,0.780494142101285,0.6642098029264992,2.2976190476190474,0.6839980650332477
