Technique,AUC,Credibility,LagGlobal,MAP
50Traced_NONETRACED_RFUNDER_MULTI_VSM_81_MAX.csv,0.9419001727675197,0.8479371428571428,2.0198412698412698,0.8292636804087555
