Technique,AUC,Credibility,LagGlobal,MAP
50Traced_NONETRACED_RFUNDER_SINGLE_VSM_26_MEDIAN.csv,0.8868642695173308,0.8356533333333334,2.2936507936507935,0.8617993138728121
