Technique,AUC,Credibility,LagGlobal,MAP
50Traced_NONETRACED_RFSMOTE_SINGLE_LSA_48_MEDIAN.csv,0.7984727621207213,0.6907252380952381,2.2936507936507935,0.6843106672600867
