Technique,AUC,Credibility,LagGlobal,MAP
50Traced_NONETRACED_RFNONE_RAW_LSA_70_SUM.csv,0.8806250674873124,0.7997476617006367,2.1785714285714284,0.857204647949802
