Technique,AUC,Credibility,LagGlobal,MAP
50Traced_NONETRACED_RFNONE_RAW_LSA_54_SUM.csv,0.8870734801857251,0.7921310513968863,2.2936507936507935,0.8671596577390867
