Technique,AUC,Credibility,LagGlobal,MAP
50Traced_NONETRACED_RFSMOTE_MULTI_LSA_61_MEDIAN.csv,0.8362285390346615,0.7500797619047619,2.2936507936507935,0.7285200309528719
