Technique,AUC,Credibility,LagGlobal,MAP
50Traced_NONETRACED_SUM_RAW_LSA_63_SUM.csv,0.9621936076017708,0.7522106843756591,2.2777777777777777,0.9476446252340311
