Technique,AUC,Credibility,LagGlobal,MAP
50Traced_NONETRACED_RFSMOTE_MULTI_VSM_83_SUM.csv,0.9125263200518303,0.8111725771562623,2.2182539682539684,0.8781899972127555
