Technique,AUC,Credibility,LagGlobal,MAP
50Traced_NONETRACED_SUM_MULTI_VSM_10_SUM.csv,0.9432701652089408,0.7211813059873903,2.1031746031746033,0.9097386207529852
