Technique,AUC,Credibility,LagGlobal,MAP
50Traced_NONETRACED_SUM_SINGLE_VSM_8_MAX.csv,0.964090001079797,-0.19719964285714287,1.0912698412698412,0.9264449930006358
