Technique,AUC,Credibility,LagGlobal,MAP
50Traced_NONETRACED_RFSMOTE_RAW_LSA_34_MEDIAN.csv,0.8713219414750027,0.7898958333333334,2.2936507936507935,0.8142348047820147
