Technique,AUC,Credibility,LagGlobal,MAP
50Traced_NONETRACED_RFSMOTE_SINGLE_VSM_7_SUM.csv,0.8771832145556635,0.7700428815160101,2.2182539682539684,0.8269983584463314
