Technique,AUC,Credibility,LagGlobal,MAP
50Traced_NONETRACED_RFUNDER_RAW_LSA_22_MEDIAN.csv,0.8964002267573696,0.8166654761904761,2.2182539682539684,0.8732081439359716
