Technique,AUC,Credibility,LagGlobal,MAP
50Traced_NONETRACED_MAX_MULTI_LSA_82_SUM.csv,0.9539027912752401,0.7497493946185453,2.246031746031746,0.943594155997781
