Technique,AUC,Credibility,LagGlobal,MAP
50Traced_NONETRACED_RFUNDER_SINGLE_LSA_25_SUM.csv,0.900692419825073,0.8256441367333882,2.2182539682539684,0.8737038371509751
