Technique,AUC,Credibility,LagGlobal,MAP
50Traced_NONETRACED_RFUNDER_MULTI_VSM_89_SUM.csv,0.9252949195551237,0.8446856624927642,2.2182539682539684,0.9063770456164241
