Technique,AUC,Credibility,LagGlobal,MAP
50Traced_NONETRACED_RFUNDER_RAW_LSA_46_MAX.csv,0.8708090379008746,0.804137619047619,2.2182539682539684,0.840499950191353
