Technique,AUC,Credibility,LagGlobal,MAP
50Traced_NONETRACED_RFUNDER_RAW_LSA_64_MAX.csv,0.9078359518410539,0.8351822619047619,2.123015873015873,0.8930699992349633
