Technique,AUC,Credibility,LagGlobal,MAP
50Traced_NONETRACED_SUM_RAW_VSM_71_SUM.csv,0.9319255479969767,0.7442325898352775,2.3055555555555554,0.9104332776275803
