Technique,AUC,Credibility,LagGlobal,MAP
50Traced_NONETRACED_RFUNDER_RAW_VSM_37_SUM.csv,0.8525942122880898,0.7743839878704445,2.2936507936507935,0.818880495993816
