Technique,AUC,Credibility,LagGlobal,MAP
50Traced_NONETRACED_RFNONE_MULTI_VSM_27_SUM.csv,0.9150672173631357,0.8301948263352743,2.2182539682539684,0.8996937967792461
