Technique,AUC,Credibility,LagGlobal,MAP
50Traced_NONETRACED_RFNONE_MULTI_LSA_29_MAX.csv,0.9252443040708347,0.852235,2.2182539682539684,0.8982335558849472
