Technique,AUC,Credibility,LagGlobal,MAP
50Traced_NONETRACED_MAX_MULTI_VSM_41_SUM.csv,0.9494047619047619,0.7411489470244074,2.1984126984126986,0.9308043285386204
