Technique,AUC,Credibility,LagGlobal,MAP
50Traced_NONETRACED_RFNONE_MULTI_VSM_50_SUM.csv,0.8854537846884787,0.8172658653992627,2.2182539682539684,0.8607974674226927
