Technique,AUC,Credibility,LagGlobal,MAP
50Traced_NONETRACED_SUM_RAW_VSM_57_MEDIAN.csv,0.9436109761364864,0.4763742857142857,2.0833333333333335,0.9134873584933748
