Technique,AUC,Credibility,LagGlobal,MAP
50Traced_NONETRACED_MEDIAN_RAW_VSM_75_SUM.csv,0.7809564301911242,0.6647571361643744,2.2936507936507935,0.6849472516185975
