Technique,AUC,Credibility,LagGlobal,MAP
50Traced_NONETRACED_RFNONE_MULTI_LSA_20_MEDIAN.csv,0.8974159108087678,0.8297764285714285,2.2182539682539684,0.8587573114175363
