Technique,AUC,Credibility,LagGlobal,MAP
50Traced_NONETRACED_RFNONE_MULTI_VSM_18_MEDIAN.csv,0.897017735665695,0.8217627380952381,2.2936507936507935,0.8526963967090313
