Technique,AUC,Credibility,LagGlobal,MAP
50Traced_NONETRACED_RFUNDER_SINGLE_VSM_62_SUM.csv,0.8944633408919123,0.8248824757030131,2.2182539682539684,0.8757814407572434
