Technique,AUC,Credibility,LagGlobal,MAP
50Traced_NONETRACED_SUM_SINGLE_VSM_70_SUM.csv,0.955269409351042,0.7401141501741902,1.1428571428571428,0.9211330363492731
