Technique,AUC,Credibility,LagGlobal,MAP
50Traced_NONETRACED_RFUNDER_RAW_VSM_10_SUM.csv,0.9035437587733507,0.8208930199244694,2.2182539682539684,0.8858748317436609
