Technique,AUC,Credibility,LagGlobal,MAP
50Traced_NONETRACED_MAX_MULTI_VSM_42_MAX.csv,0.9731198034769463,0.7566636904761904,1.4841269841269842,0.9596847193751591
