Technique,AUC,Credibility,LagGlobal,MAP
50Traced_NONETRACED_SUM_SINGLE_VSM_91_SUM.csv,0.9422781017168773,0.7420301868633236,1.9682539682539681,0.8997189999541658
