Technique,AUC,Credibility,LagGlobal,MAP
50Traced_NONETRACED_RFUNDER_RAW_LSA_4_SUM.csv,0.899207698952597,0.8195508484903878,2.1785714285714284,0.8834938025510108
