Technique,AUC,Credibility,LagGlobal,MAP
50Traced_NONETRACED_RFNONE_RAW_VSM_57_MEDIAN.csv,0.8970953460749379,0.8180094047619048,2.2182539682539684,0.878297327437135
