Technique,AUC,Credibility,LagGlobal,MAP
50Traced_NONETRACED_SUM_SINGLE_LSA_98_SUM.csv,0.9635062358276645,0.748787289399551,0.9563492063492064,0.9102191197828254
