Technique,AUC,Credibility,LagGlobal,MAP
50Traced_NONETRACED_SUM_SINGLE_VSM_67_SUM.csv,0.950916477702192,0.7489204571589563,1.0595238095238095,0.90443130354458
