Technique,AUC,Credibility,LagGlobal,MAP
50Traced_NONETRACED_RFNONE_SINGLE_VSM_77_SUM.csv,0.8816643720980455,0.7921310513968863,2.1547619047619047,0.8545223051917548
