Technique,AUC,Credibility,LagGlobal,MAP
50Traced_NONETRACED_RFNONE_SINGLE_LSA_14_SUM.csv,0.9022783716661267,0.821074170551138,2.2182539682539684,0.8823912939467682
