Technique,AUC,Credibility,LagGlobal,MAP
50Traced_NONETRACED_MEDIAN_MULTI_VSM_99_SUM.csv,0.7805346344887161,0.6646221348219572,2.2976190476190474,0.6831790804499898
