Technique,AUC,Credibility,LagGlobal,MAP
50Traced_NONETRACED_RFNONE_RAW_VSM_70_SUM.csv,0.8668711532231941,0.7768978307893855,2.2936507936507935,0.8382081119654784
