Technique,AUC,Credibility,LagGlobal,MAP
50Traced_NONETRACED_RFUNDER_SINGLE_LSA_58_SUM.csv,0.9139064355901092,0.8378307132193888,2.1547619047619047,0.9005402425767103
