Technique,AUC,Credibility,LagGlobal,MAP
50Traced_NONETRACED_MEDIAN_MULTI_LSA_88_SUM.csv,0.7919872314004966,0.6657140742620317,2.3015873015873014,0.6990806928416136
