Technique,AUC,Credibility,LagGlobal,MAP
50Traced_NONETRACED_MAX_MULTI_VSM_43_MEDIAN.csv,0.9447852553719901,0.7391638095238096,1.9444444444444444,0.9272331958698009
