Technique,AUC,Credibility,LagGlobal,MAP
50Traced_NONETRACED_RFUNDER_SINGLE_VSM_55_SUM.csv,0.8989107547781017,0.8271674587941382,2.2182539682539684,0.8845473386808012
