Technique,AUC,Credibility,LagGlobal,MAP
50Traced_NONETRACED_MEDIAN_MULTI_VSM_40_MEDIAN.csv,0.7781759529208508,0.6757535714285714,2.2936507936507935,0.679496555398612
