Technique,AUC,Credibility,LagGlobal,MAP
50Traced_NONETRACED_MAX_MULTI_LSA_96_SUM.csv,0.9583569538926682,0.7387641730846672,2.1865079365079363,0.9482757051242833
