Technique,AUC,Credibility,LagGlobal,MAP
50Traced_NONETRACED_MAX_MULTI_VSM_29_MAX.csv,0.9843969333765252,0.761637380952381,0.873015873015873,0.9718994335988225
