Technique,AUC,Credibility,LagGlobal,MAP
50Traced_NONETRACED_RFUNDER_RAW_LSA_99_SUM.csv,0.8985395745599828,0.8134575602473875,2.2936507936507935,0.8822419677775853
