Technique,AUC,Credibility,LagGlobal,MAP
50Traced_NONETRACED_RFUNDER_SINGLE_VSM_40_SUM.csv,0.9150739660943743,0.8363073911586387,2.2182539682539684,0.8852649433444009
