Technique,AUC,Credibility,LagGlobal,MAP
50Traced_NONETRACED_MAX_MULTI_LSA_18_MAX.csv,0.9551040654356981,0.7427345238095238,1.9404761904761905,0.9402289662910893
