Technique,AUC,Credibility,LagGlobal,MAP
50Traced_NONETRACED_MEDIAN_MULTI_VSM_83_SUM.csv,0.7812972411186697,0.6631641715300685,2.2976190476190474,0.6830292545511052
