Technique,AUC,Credibility,LagGlobal,MAP
50Traced_NONETRACED_RFSMOTE_SINGLE_LSA_93_SUM.csv,0.9005810657596373,0.7890844072753862,2.1825396825396823,0.8679392577467344
