Technique,AUC,Credibility,LagGlobal,MAP
50Traced_NONETRACED_RFSMOTE_RAW_VSM_19_SUM.csv,0.8710384947629844,0.784514441093136,2.2182539682539684,0.8238939862698854
