Technique,AUC,Credibility,LagGlobal,MAP
50Traced_NONETRACED_RFUNDER_MULTI_LSA_3_MEDIAN.csv,0.8614822913292302,0.7594966666666667,2.2936507936507935,0.6306343932917379
