Technique,AUC,Credibility,LagGlobal,MAP
50Traced_NONETRACED_SUM_MULTI_VSM_50_SUM.csv,0.9374932512687615,0.722266550682313,1.4484126984126984,0.8838707140382099
