Technique,AUC,Credibility,LagGlobal,MAP
50Traced_NONETRACED_SUM_MULTI_VSM_41_MAX.csv,0.9389813465068567,-0.15419059523809525,1.3055555555555556,0.8813795267297484
