Technique,AUC,Credibility,LagGlobal,MAP
50Traced_NONETRACED_RFSMOTE_MULTI_LSA_12_MAX.csv,0.8831254724111867,0.7629313095238095,2.2222222222222223,0.7493396870930985
