Technique,AUC,Credibility,LagGlobal,MAP
50Traced_NONETRACED_RFNONE_RAW_LSA_65_MEDIAN.csv,0.8977634704675521,0.8173113095238095,2.2182539682539684,0.878331788611366
