Technique,AUC,Credibility,LagGlobal,MAP
50Traced_NONETRACED_RFUNDER_RAW_LSA_70_MAX.csv,0.8740113108735557,0.8059127380952381,2.2182539682539684,0.8445057940673136
