Technique,AUC,Credibility,LagGlobal,MAP
50Traced_NONETRACED_SUM_RAW_LSA_70_SUM.csv,0.9540073966094375,0.7395327951885398,1.9722222222222223,0.9257271082297922
