Technique,AUC,Credibility,LagGlobal,MAP
50Traced_NONETRACED_RFNONE_MULTI_LSA_63_MEDIAN.csv,0.8840601716877228,0.8090167857142857,2.2222222222222223,0.7861936175708593
