Technique,AUC,Credibility,LagGlobal,MAP
50Traced_NONETRACED_RFUNDER_RAW_VSM_91_SUM.csv,0.8760696739013065,0.8058409499436371,2.2936507936507935,0.8457088589028386
