Technique,AUC,Credibility,LagGlobal,MAP
50Traced_NONETRACED_RFNONE_MULTI_LSA_93_MEDIAN.csv,0.91115295324479,0.8421114285714286,2.2182539682539684,0.8641431697805594
