Technique,AUC,Credibility,LagGlobal,MAP
50Traced_NONETRACED_MAX_RAW_VSM_59_MAX.csv,0.9511155652737285,0.7846815476190476,2.3134920634920637,0.9308354542114092
