Technique,AUC,Credibility,LagGlobal,MAP
50Traced_NONETRACED_RFNONE_RAW_LSA_95_MEDIAN.csv,0.8787151765468092,0.8021046428571429,2.2936507936507935,0.8597453929055715
