Technique,AUC,Credibility,LagGlobal,MAP
50Traced_NONETRACED_SUM_SINGLE_VSM_77_MAX.csv,0.9438910484828852,-0.28851238095238096,1.3888888888888888,0.8917533210264361
