Technique,AUC,Credibility,LagGlobal,MAP
50Traced_NONETRACED_MAX_MULTI_LSA_5_SUM.csv,0.9736057121261202,0.7439973950823769,1.8531746031746033,0.9584591789494556
