Technique,AUC,Credibility,LagGlobal,MAP
50Traced_NONETRACED_MEDIAN_MULTI_LSA_10_SUM.csv,0.7925608735557716,0.6674452028728513,2.2976190476190474,0.705770528572071
