Technique,AUC,Credibility,LagGlobal,MAP
50Traced_NONETRACED_RFUNDER_SINGLE_VSM_91_MAX.csv,0.9037124770543138,0.8407984523809524,2.2182539682539684,0.8810068970411238
