Technique,AUC,Credibility,LagGlobal,MAP
50Traced_NONETRACED_MEDIAN_RAW_LSA_92_SUM.csv,0.7844185293164885,0.6646024697623276,2.2976190476190474,0.6877981111064315
