Technique,AUC,Credibility,LagGlobal,MAP
50Traced_NONETRACED_RFSMOTE_RAW_LSA_54_MEDIAN.csv,0.876383489903898,0.7862840476190476,2.1547619047619047,0.803431974049525
