Technique,AUC,Credibility,LagGlobal,MAP
50Traced_NONETRACED_RFSMOTE_SINGLE_LSA_65_SUM.csv,0.9000614134542706,0.8165042043688877,2.0476190476190474,0.8785687963255946
