Technique,AUC,Credibility,LagGlobal,MAP
50Traced_NONETRACED_RFSMOTE_SINGLE_LSA_95_SUM.csv,0.8275462962962963,0.7219235460577673,2.2261904761904763,0.7380167460145307
