Technique,AUC,Credibility,LagGlobal,MAP
50Traced_NONETRACED_RFUNDER_MULTI_VSM_43_SUM.csv,0.915019976244466,0.821074170551138,2.2182539682539684,0.8347662888316966
