Technique,AUC,Credibility,LagGlobal,MAP
50Traced_NONETRACED_MEDIAN_RAW_LSA_58_SUM.csv,0.7796438019652305,0.6656165718029217,2.2936507936507935,0.6815018830668593
