Technique,AUC,Credibility,LagGlobal,MAP
50Traced_NONETRACED_SUM_RAW_LSA_43_MAX.csv,0.9371895583630278,0.39235654761904765,1.9642857142857142,0.9054133720754147
