Technique,AUC,Credibility,LagGlobal,MAP
50Traced_NONETRACED_RFSMOTE_MULTI_VSM_35_MAX.csv,0.9097120991253644,0.8276580952380952,2.2182539682539684,0.8024153633921469
