Technique,AUC,Credibility,LagGlobal,MAP
50Traced_NONETRACED_MAX_RAW_VSM_95_SUM.csv,0.9503765792031098,0.7617251535299507,2.2222222222222223,0.9283011406434931
