Technique,AUC,Credibility,LagGlobal,MAP
50Traced_NONETRACED_RFSMOTE_MULTI_VSM_10_SUM.csv,0.8676810009718174,0.7767094394731457,2.2182539682539684,0.8118026016094485
