Technique,AUC,Credibility,LagGlobal,MAP
50Traced_NONETRACED_MEDIAN_RAW_LSA_14_SUM.csv,0.7817764010366051,0.6647737460881333,2.2936507936507935,0.6859717604194743
