Technique,AUC,Credibility,LagGlobal,MAP
50Traced_NONETRACED_RFUNDER_SINGLE_LSA_39_SUM.csv,0.9214380196523053,0.8378307132193888,2.1825396825396823,0.906561098543027
