Technique,AUC,Credibility,LagGlobal,MAP
50Traced_NONETRACED_MAX_SINGLE_LSA_68_SUM.csv,0.9726068999028182,0.7440624536418929,1.3055555555555556,0.9584523180198975
