Technique,AUC,Credibility,LagGlobal,MAP
50Traced_NONETRACED_MAX_MULTI_VSM_73_MEDIAN.csv,0.9502281071158623,0.7449489285714286,2.134920634920635,0.9323658551551205
