Technique,AUC,Credibility,LagGlobal,MAP
50Traced_NONETRACED_MAX_RAW_VSM_15_MAX.csv,0.966701760069107,0.7923972619047619,1.7341269841269842,0.9513232091691407
