Technique,AUC,Credibility,LagGlobal,MAP
50Traced_NONETRACED_RFUNDER_RAW_VSM_21_MEDIAN.csv,0.9255277507828529,0.8367745238095238,2.2182539682539684,0.9030454887568925
