Technique,AUC,Credibility,LagGlobal,MAP
50Traced_NONETRACED_RFSMOTE_RAW_VSM_90_MAX.csv,0.86432350718065,0.7876738095238095,2.1547619047619047,0.8041847992555451
