Technique,AUC,Credibility,LagGlobal,MAP
50Traced_NONETRACED_SUM_SINGLE_LSA_54_SUM.csv,0.9737676816758449,0.7524406970924578,0.8928571428571429,0.9359932981066129
