Technique,AUC,Credibility,LagGlobal,MAP
50Traced_NONETRACED_RFUNDER_SINGLE_LSA_88_MAX.csv,0.8872050804448763,0.8258346428571428,2.2936507936507935,0.8219337567934566
