Technique,AUC,Credibility,LagGlobal,MAP
50Traced_NONETRACED_SUM_MULTI_VSM_18_MAX.csv,0.943314031961991,-0.07405988095238095,1.9285714285714286,0.9068139063624586
