Technique,AUC,Credibility,LagGlobal,MAP
50Traced_NONETRACED_RFUNDER_MULTI_LSA_84_SUM.csv,0.9031320861678005,0.822597492611888,2.2182539682539684,0.835163985237476
