Technique,AUC,Credibility,LagGlobal,MAP
50Traced_NONETRACED_SUM_SINGLE_LSA_82_SUM.csv,0.9600475110679192,0.7472770919909235,1.0912698412698412,0.9263053818504206
