Technique,AUC,Credibility,LagGlobal,MAP
50Traced_NONETRACED_RFSMOTE_MULTI_LSA_66_MEDIAN.csv,0.9243534715473491,0.8292766666666667,2.123015873015873,0.8408589912525446
