Technique,AUC,Credibility,LagGlobal,MAP
50Traced_NONETRACED_RFUNDER_SINGLE_VSM_0_SUM.csv,0.9203480995572833,0.840115696310514,2.2182539682539684,0.912891530787946
