Technique,AUC,Credibility,LagGlobal,MAP
50Traced_NONETRACED_MAX_MULTI_VSM_96_SUM.csv,0.9511459345643019,0.7406216472022067,2.107142857142857,0.9402674408724926
