Technique,AUC,Credibility,LagGlobal,MAP
50Traced_NONETRACED_MAX_SINGLE_LSA_95_SUM.csv,0.9835634650685671,0.7486852840824804,0.8055555555555556,0.9709608456277993
