Technique,AUC,Credibility,LagGlobal,MAP
50Traced_NONETRACED_MAX_MULTI_VSM_71_MAX.csv,0.9633982561278479,0.7484927380952381,2.142857142857143,0.9508483046080195
