Technique,AUC,Credibility,LagGlobal,MAP
50Traced_NONETRACED_MAX_RAW_LSA_17_SUM.csv,0.9461619965446497,0.7757835668829743,2.1865079365079363,0.9280936684007018
