Technique,AUC,Credibility,LagGlobal,MAP
50Traced_NONETRACED_SUM_RAW_LSA_6_SUM.csv,0.94020286686103,0.7453732004026732,2.0912698412698414,0.9160563672111902
