Technique,AUC,Credibility,LagGlobal,MAP
50Traced_NONETRACED_RFSMOTE_RAW_VSM_39_MAX.csv,0.8818398391102473,0.7848759523809524,2.2936507936507935,0.8237217106344338
