Technique,AUC,Credibility,LagGlobal,MAP
50Traced_NONETRACED_SUM_RAW_LSA_15_SUM.csv,0.9423084710074505,0.7410944532785133,1.6071428571428572,0.911689143484473
