Technique,AUC,Credibility,LagGlobal,MAP
50Traced_NONETRACED_RFUNDER_MULTI_VSM_50_MAX.csv,0.8973079311089516,0.8334430952380952,2.2182539682539684,0.8260691668279385
