Technique,AUC,Credibility,LagGlobal,MAP
50Traced_NONETRACED_RFNONE_MULTI_VSM_51_SUM.csv,0.905750593888349,0.8264057977637632,2.2182539682539684,0.8855216007663358
