Technique,AUC,Credibility,LagGlobal,MAP
50Traced_NONETRACED_RFNONE_SINGLE_LSA_22_MEDIAN.csv,0.9253252888456971,0.8464592857142857,2.2182539682539684,0.9153810888001951
