Technique,AUC,Credibility,LagGlobal,MAP
50Traced_NONETRACED_SUM_MULTI_VSM_1_SUM.csv,0.9224098369506533,0.7277924385500621,1.623015873015873,0.873166580884415
