Technique,AUC,Credibility,LagGlobal,MAP
50Traced_NONETRACED_MAX_MULTI_LSA_61_SUM.csv,0.9592646582442501,0.7479967136882031,1.5753968253968254,0.934561057459256
