Technique,AUC,Credibility,LagGlobal,MAP
50Traced_NONETRACED_MEDIAN_MULTI_LSA_50_SUM.csv,0.7896791653169205,0.6656284360991288,2.2976190476190474,0.6955916138090975
