Technique,AUC,Credibility,LagGlobal,MAP
50Traced_NONETRACED_MAX_MULTI_LSA_49_SUM.csv,0.9436818378144909,0.7405447637034039,2.142857142857143,0.9295779963203904
