Technique,AUC,Credibility,LagGlobal,MAP
50Traced_NONETRACED_RFNONE_SINGLE_LSA_50_SUM.csv,0.8938930731022567,0.8248824757030131,2.2936507936507935,0.8837402264087885
