Technique,AUC,Credibility,LagGlobal,MAP
50Traced_NONETRACED_RFNONE_SINGLE_VSM_33_MEDIAN.csv,0.8934577799373717,0.8275084523809524,2.2936507936507935,0.8838827331082154
