Technique,AUC,Credibility,LagGlobal,MAP
50Traced_NONETRACED_SUM_SINGLE_VSM_65_MAX.csv,0.9622340999892021,-0.2515927380952381,0.9523809523809523,0.9168952414428659
