Technique,AUC,Credibility,LagGlobal,MAP
50Traced_NONETRACED_SUM_RAW_VSM_50_SUM.csv,0.9293677788575747,0.7465305763029276,2.2777777777777777,0.899893813298129
