Technique,AUC,Credibility,LagGlobal,MAP
50Traced_NONETRACED_MAX_RAW_VSM_50_SUM.csv,0.9502179840190044,0.7800779903273306,2.138888888888889,0.9335500514266174
