Technique,AUC,Credibility,LagGlobal,MAP
50Traced_NONETRACED_RFUNDER_SINGLE_LSA_37_MAX.csv,0.9043873501781665,0.841104880952381,2.2182539682539684,0.8659697333061147
