Technique,AUC,Credibility,LagGlobal,MAP
50Traced_NONETRACED_RFUNDER_MULTI_VSM_5_SUM.csv,0.8975475110679192,0.7890844072753862,2.2936507936507935,0.8155201643093724
