Technique,AUC,Credibility,LagGlobal,MAP
50Traced_NONETRACED_SUM_MULTI_VSM_69_MAX.csv,0.942095885973437,-0.12778261904761906,1.9325396825396826,0.8998320688790171
