Technique,AUC,Credibility,LagGlobal,MAP
50Traced_NONETRACED_SUM_MULTI_VSM_17_SUM.csv,0.921458265846021,0.724071770585083,1.6785714285714286,0.8641607383816167
