Technique,AUC,Credibility,LagGlobal,MAP
50Traced_NONETRACED_MAX_SINGLE_VSM_14_SUM.csv,0.9685846560846562,0.7356879978462951,1.0436507936507937,0.9435617913425144
