Technique,AUC,Credibility,LagGlobal,MAP
50Traced_NONETRACED_RFSMOTE_SINGLE_LSA_74_SUM.csv,0.8508867832847424,0.7502396947262591,2.2936507936507935,0.79149237576312
