Technique,AUC,Credibility,LagGlobal,MAP
50Traced_NONETRACED_SUM_SINGLE_VSM_31_MEDIAN.csv,0.9633172713529855,-0.31357892857142855,1.1111111111111112,0.926750011418699
