Technique,AUC,Credibility,LagGlobal,MAP
50Traced_NONETRACED_RFSMOTE_MULTI_LSA_96_SUM.csv,0.8900901630493467,0.7928927124272613,2.2182539682539684,0.8359608242105189
