Technique,AUC,Credibility,LagGlobal,MAP
50Traced_NONETRACED_MAX_RAW_LSA_89_MAX.csv,0.9665836572724329,0.7938520238095238,1.8333333333333333,0.9507843153871158
