Technique,AUC,Credibility,LagGlobal,MAP
50Traced_NONETRACED_SUM_MULTI_VSM_55_MAX.csv,0.9280214069754885,-0.22210785714285713,1.7103174603174602,0.8639314618221136
