Technique,AUC,Credibility,LagGlobal,MAP
50Traced_NONETRACED_RFUNDER_RAW_VSM_98_SUM.csv,0.8997610949141561,0.821835831581513,2.2182539682539684,0.8717031678669881
