Technique,AUC,Credibility,LagGlobal,MAP
50Traced_NONETRACED_MAX_SINGLE_VSM_13_MAX.csv,0.9781206133246949,0.7579169047619048,0.7857142857142857,0.9613949836718143
