Technique,AUC,Credibility,LagGlobal,MAP
50Traced_NONETRACED_RFNONE_RAW_LSA_63_SUM.csv,0.8703501241766548,0.7875610852146361,2.2936507936507935,0.8477444055606923
