Technique,AUC,Credibility,LagGlobal,MAP
50Traced_NONETRACED_MEDIAN_RAW_VSM_53_SUM.csv,0.7799474948709644,0.6644469159252224,2.2936507936507935,0.6809537758543973
