Technique,AUC,Credibility,LagGlobal,MAP
50Traced_NONETRACED_MEDIAN_SINGLE_VSM_52_SUM.csv,0.7814828312277292,0.6651668358284699,2.2936507936507935,0.685955166970819
