Technique,AUC,Credibility,LagGlobal,MAP
50Traced_NONETRACED_RFUNDER_MULTI_VSM_46_MAX.csv,0.8899518140589568,0.7895391666666667,2.123015873015873,0.6906562013667386
