Technique,AUC,Credibility,LagGlobal,MAP
50Traced_NONETRACED_SUM_MULTI_LSA_85_MAX.csv,0.9326814058956916,-0.189885,1.8333333333333333,0.8926958555117289
