Technique,AUC,Credibility,LagGlobal,MAP
50Traced_NONETRACED_RFSMOTE_MULTI_VSM_19_SUM.csv,0.877189963286902,0.7837527800627608,2.2976190476190474,0.8226712382513804
