Technique,AUC,Credibility,LagGlobal,MAP
50Traced_NONETRACED_SUM_SINGLE_LSA_31_SUM.csv,0.9637863081740633,0.7540549476138202,1.2261904761904763,0.9281865123156033
