Technique,AUC,Credibility,LagGlobal,MAP
50Traced_NONETRACED_RFNONE_MULTI_LSA_34_SUM.csv,0.9006687992657381,0.8195508484903878,2.1785714285714284,0.8652461925850692
