Technique,AUC,Credibility,LagGlobal,MAP
50Traced_NONETRACED_RFNONE_MULTI_LSA_5_MAX.csv,0.8957455998272325,0.8289094047619048,2.2936507936507935,0.8836937982118297
