Technique,AUC,Credibility,LagGlobal,MAP
50Traced_NONETRACED_RFSMOTE_RAW_LSA_84_SUM.csv,0.8655214069754886,0.7951776955183865,2.2182539682539684,0.8326307968379014
