Technique,AUC,Credibility,LagGlobal,MAP
50Traced_NONETRACED_MAX_SINGLE_LSA_17_SUM.csv,0.9624568081200734,0.7356719163359788,1.8412698412698412,0.9397708773407251
