Technique,AUC,Credibility,LagGlobal,MAP
50Traced_NONETRACED_RFNONE_SINGLE_VSM_50_SUM.csv,0.8886155652737285,0.8005093227310118,2.2182539682539684,0.8676616169069621
