Technique,AUC,Credibility,LagGlobal,MAP
50Traced_NONETRACED_MAX_RAW_LSA_19_SUM.csv,0.9562209804556743,0.7815278038847118,2.3214285714285716,0.9379636016162823
