Technique,AUC,Credibility,LagGlobal,MAP
50Traced_NONETRACED_SUM_MULTI_LSA_87_SUM.csv,0.9492090486988446,0.7313813962197419,1.6071428571428572,0.9059156403870499
