Technique,AUC,Credibility,LagGlobal,MAP
50Traced_NONETRACED_MEDIAN_SINGLE_VSM_91_SUM.csv,0.780443526616996,0.6642227015139981,2.2936507936507935,0.6839110559434609
