Technique,AUC,Credibility,LagGlobal,MAP
50Traced_NONETRACED_MAX_SINGLE_VSM_83_MAX.csv,0.9797841755749919,0.7439409523809524,1.0992063492063493,0.9633584801760149
