Technique,AUC,Credibility,LagGlobal,MAP
50Traced_NONETRACED_SUM_SINGLE_LSA_71_MEDIAN.csv,0.9623791977108304,-0.32633321428571427,1.1349206349206349,0.9250815513641925
