Technique,AUC,Credibility,LagGlobal,MAP
50Traced_NONETRACED_RFNONE_MULTI_LSA_39_MEDIAN.csv,0.8867326692581795,0.8226067857142857,2.1547619047619047,0.8463228232030185
