Technique,AUC,Credibility,LagGlobal,MAP
50Traced_NONETRACED_RFUNDER_RAW_LSA_69_SUM.csv,0.8604261148904007,0.7898460683057612,2.2936507936507935,0.840641182303181
