Technique,AUC,Credibility,LagGlobal,MAP
50Traced_NONETRACED_MAX_MULTI_LSA_26_MAX.csv,0.9735820915667854,0.7507839285714286,1.4365079365079365,0.960367277749681
