Technique,AUC,Credibility,LagGlobal,MAP
50Traced_NONETRACED_RFSMOTE_SINGLE_LSA_84_MEDIAN.csv,0.8637937317784257,0.7519132142857143,2.2182539682539684,0.8101311016295872
