Technique,AUC,Credibility,LagGlobal,MAP
50Traced_NONETRACED_MEDIAN_SINGLE_LSA_20_SUM.csv,0.7812769949249541,0.6642578025881756,2.2698412698412698,0.6832841156780293
