Technique,AUC,Credibility,LagGlobal,MAP
50Traced_NONETRACED_MAX_RAW_VSM_91_SUM.csv,0.9307917611489042,0.758541457447574,2.261904761904762,0.9084143468688961
