Technique,AUC,Credibility,LagGlobal,MAP
50Traced_NONETRACED_RFNONE_MULTI_LSA_61_MAX.csv,0.9247583954216608,0.8462696428571429,2.2182539682539684,0.9076100378576258
