Technique,AUC,Credibility,LagGlobal,MAP
50Traced_NONETRACED_RFSMOTE_RAW_LSA_21_SUM.csv,0.8345481049562682,0.7517630167870091,2.2182539682539684,0.7621436699539935
