Technique,AUC,Credibility,LagGlobal,MAP
50Traced_NONETRACED_RFSMOTE_MULTI_VSM_78_MAX.csv,0.8685077205485368,0.7911244047619047,2.2182539682539684,0.7867135867398367
