Technique,AUC,Credibility,LagGlobal,MAP
50Traced_NONETRACED_SUM_MULTI_LSA_32_SUM.csv,0.9617785606306013,0.7282040318396991,1.5317460317460319,0.9315737302136249
