Technique,AUC,Credibility,LagGlobal,MAP
50Traced_NONETRACED_MAX_MULTI_LSA_48_MEDIAN.csv,0.9685711586221791,0.7471354761904762,1.757936507936508,0.9530567735239586
