Technique,AUC,Credibility,LagGlobal,MAP
50Traced_NONETRACED_MEDIAN_MULTI_LSA_73_MEDIAN.csv,0.7782231940395206,0.6757633333333334,2.2976190476190474,0.67950779936833
