Technique,AUC,Credibility,LagGlobal,MAP
50Traced_NONETRACED_SUM_SINGLE_VSM_48_SUM.csv,0.9548037468955837,0.7402999031273048,1.123015873015873,0.8844845208108577
