Technique,AUC,Credibility,LagGlobal,MAP
50Traced_NONETRACED_SUM_SINGLE_VSM_78_MEDIAN.csv,0.9565854119425549,-0.27398428571428574,1.3531746031746033,0.9027998511682156
