Technique,AUC,Credibility,LagGlobal,MAP
50Traced_NONETRACED_RFNONE_RAW_LSA_41_MEDIAN.csv,0.8809861246085736,0.8084654761904762,2.2936507936507935,0.865757216016972
