Technique,AUC,Credibility,LagGlobal,MAP
50Traced_NONETRACED_MAX_RAW_LSA_26_SUM.csv,0.937192932728647,0.7604235311568954,1.7817460317460319,0.9115020190179051
