Technique,AUC,Credibility,LagGlobal,MAP
50Traced_NONETRACED_RFNONE_MULTI_LSA_27_SUM.csv,0.9097863351689883,0.8157425433385126,2.123015873015873,0.8710150472693878
