Technique,AUC,Credibility,LagGlobal,MAP
50Traced_NONETRACED_MAX_RAW_VSM_14_MAX.csv,0.9606447737825289,0.7920472619047619,1.8253968253968254,0.9413895076571915
