Technique,AUC,Credibility,LagGlobal,MAP
50Traced_NONETRACED_RFSMOTE_SINGLE_LSA_85_SUM.csv,0.8870464852607709,0.7814677969716357,2.1785714285714284,0.8441768497350244
