Technique,AUC,Credibility,LagGlobal,MAP
50Traced_NONETRACED_RFSMOTE_RAW_LSA_77_SUM.csv,0.9029667422524564,0.8134575602473875,2.2936507936507935,0.8826796277520422
