Technique,AUC,Credibility,LagGlobal,MAP
50Traced_NONETRACED_SUM_SINGLE_VSM_14_SUM.csv,0.9595784742468416,0.7519063960390089,1.9087301587301588,0.922368074074119
