Technique,AUC,Credibility,LagGlobal,MAP
50Traced_NONETRACED_MAX_MULTI_VSM_95_SUM.csv,0.9620755048050966,0.7327419553051502,1.7619047619047619,0.940522998710865
