Technique,AUC,Credibility,LagGlobal,MAP
50Traced_NONETRACED_RFSMOTE_MULTI_LSA_40_SUM.csv,0.8948918853255589,0.8180275264296377,2.2182539682539684,0.8690279704844897
