Technique,AUC,Credibility,LagGlobal,MAP
50Traced_NONETRACED_MAX_MULTI_VSM_27_SUM.csv,0.9548543623798725,0.7297533531667577,1.6825396825396826,0.9336840068296305
