Technique,AUC,Credibility,LagGlobal,MAP
50Traced_NONETRACED_SUM_SINGLE_VSM_89_MEDIAN.csv,0.9561433700464314,-0.20223761904761905,1.0119047619047619,0.9139069316652904
