Technique,AUC,Credibility,LagGlobal,MAP
50Traced_NONETRACED_MEDIAN_MULTI_LSA_20_MEDIAN.csv,0.7790026724975704,0.6758336904761905,2.2936507936507935,0.6797782498190691
