Technique,AUC,Credibility,LagGlobal,MAP
50Traced_NONETRACED_RFNONE_MULTI_VSM_98_MAX.csv,0.8920607925709966,0.818917380952381,2.1547619047619047,0.8539315293569019
