Technique,AUC,Credibility,LagGlobal,MAP
50Traced_NONETRACED_RFSMOTE_MULTI_VSM_65_SUM.csv,0.8451672335600908,0.7426724449437612,2.2182539682539684,0.7336976170714513
