Technique,AUC,Credibility,LagGlobal,MAP
50Traced_NONETRACED_RFSMOTE_RAW_VSM_31_SUM.csv,0.8520171957671958,0.7776594918197606,2.2976190476190474,0.8096269799823501
