Technique,AUC,Credibility,LagGlobal,MAP
50Traced_NONETRACED_RFNONE_RAW_LSA_86_MAX.csv,0.8877551020408163,0.8179515476190476,2.1785714285714284,0.8706469491175416
