Technique,AUC,Credibility,LagGlobal,MAP
50Traced_NONETRACED_MAX_MULTI_LSA_75_SUM.csv,0.973821671525753,0.7514802251614687,1.8293650793650793,0.9600300255056856
