Technique,AUC,Credibility,LagGlobal,MAP
50Traced_NONETRACED_MAX_MULTI_LSA_19_MAX.csv,0.9677748083360329,0.7476685714285715,1.4126984126984128,0.9505106778890242
