Technique,AUC,Credibility,LagGlobal,MAP
50Traced_NONETRACED_MEDIAN_MULTI_LSA_11_SUM.csv,0.7843307958103877,0.6644646028926668,2.2936507936507935,0.6884804811167654
