Technique,AUC,Credibility,LagGlobal,MAP
50Traced_NONETRACED_SUM_MULTI_LSA_4_MAX.csv,0.9421903682107764,-0.2554352380952381,1.0992063492063493,0.8888909993783879
