Technique,AUC,Credibility,LagGlobal,MAP
50Traced_NONETRACED_RFNONE_SINGLE_LSA_97_SUM.csv,0.9196361084116187,0.8302141029156385,2.2182539682539684,0.9062051513360707
