Technique,AUC,Credibility,LagGlobal,MAP
50Traced_NONETRACED_MAX_RAW_VSM_41_SUM.csv,0.9276704729510853,0.7657519318406975,2.25,0.9039487404122934
