Technique,AUC,Credibility,LagGlobal,MAP
50Traced_NONETRACED_SUM_RAW_VSM_14_SUM.csv,0.9337612028938561,0.74041783068076,2.0833333333333335,0.9011835038819143
