Technique,AUC,Credibility,LagGlobal,MAP
50Traced_NONETRACED_RFSMOTE_RAW_LSA_78_SUM.csv,0.8920236745491847,0.7959393565487616,2.2182539682539684,0.8597424033187187
