Technique,AUC,Credibility,LagGlobal,MAP
50Traced_NONETRACED_RFSMOTE_SINGLE_VSM_67_SUM.csv,0.881286443148688,0.793036063285249,2.2182539682539684,0.8282518599793014
