Technique,AUC,Credibility,LagGlobal,MAP
50Traced_NONETRACED_MAX_RAW_VSM_60_MAX.csv,0.9573277723787927,0.8011628571428572,2.123015873015873,0.9425312816570164
