Technique,AUC,Credibility,LagGlobal,MAP
50Traced_NONETRACED_SUM_RAW_LSA_37_MAX.csv,0.9529579689018465,0.45869464285714284,1.746031746031746,0.9244776494689417
