Technique,AUC,Credibility,LagGlobal,MAP
50Traced_NONETRACED_RFUNDER_RAW_VSM_85_SUM.csv,0.8894186642911132,0.8203125095207628,2.2182539682539684,0.8663155561790796
