Technique,AUC,Credibility,LagGlobal,MAP
50Traced_NONETRACED_SUM_RAW_LSA_54_SUM.csv,0.9622408487204406,0.7532493242873952,1.1984126984126984,0.9362840053914014
