Technique,AUC,Credibility,LagGlobal,MAP
50Traced_NONETRACED_RFSMOTE_SINGLE_LSA_86_MEDIAN.csv,0.900577691394018,0.8138764285714286,2.2936507936507935,0.8767984851608948
