Technique,AUC,Credibility,LagGlobal,MAP
50Traced_NONETRACED_MAX_SINGLE_VSM_51_MAX.csv,0.9720265090163048,0.743039761904762,1.0119047619047619,0.9560306718432112
