Technique,AUC,Credibility,LagGlobal,MAP
50Traced_NONETRACED_RFNONE_SINGLE_VSM_93_MEDIAN.csv,0.920304232804233,0.8422372619047619,2.0198412698412698,0.9050239956739343
