Technique,AUC,Credibility,LagGlobal,MAP
50Traced_NONETRACED_MAX_SINGLE_LSA_19_MEDIAN.csv,0.9732210344455242,0.7458891666666667,1.0555555555555556,0.9521247615329564
