Technique,AUC,Credibility,LagGlobal,MAP
50Traced_NONETRACED_MEDIAN_MULTI_LSA_31_SUM.csv,0.7850360382248137,0.6723240916236906,2.3055555555555554,0.6882684564374528
