Technique,AUC,Credibility,LagGlobal,MAP
50Traced_NONETRACED_RFUNDER_SINGLE_VSM_73_SUM.csv,0.9178544433646475,0.840877357340889,2.2182539682539684,0.9004709318967093
