Technique,AUC,Credibility,LagGlobal,MAP
50Traced_NONETRACED_RFUNDER_MULTI_LSA_78_MEDIAN.csv,0.8267060792570997,0.7423152380952381,2.2182539682539684,0.603867840723804
