Technique,AUC,Credibility,LagGlobal,MAP
50Traced_NONETRACED_SUM_RAW_LSA_64_SUM.csv,0.9384009556203434,0.7403220891378556,1.7857142857142858,0.90656085059196
