Technique,AUC,Credibility,LagGlobal,MAP
50Traced_NONETRACED_MEDIAN_SINGLE_LSA_15_SUM.csv,0.7832442500809847,0.6647551382897742,2.2936507936507935,0.6869076182788343
