Technique,AUC,Credibility,LagGlobal,MAP
50Traced_NONETRACED_RFUNDER_SINGLE_VSM_44_MEDIAN.csv,0.9250519652305368,0.8523152380952381,2.2936507936507935,0.9158896374760359
