Technique,AUC,Credibility,LagGlobal,MAP
50Traced_NONETRACED_RFSMOTE_RAW_LSA_51_SUM.csv,0.877766979807796,0.7776594918197606,2.2182539682539684,0.8443388544911249
