Technique,AUC,Credibility,LagGlobal,MAP
50Traced_NONETRACED_MAX_RAW_VSM_91_MEDIAN.csv,0.9423928301479323,0.776339761904762,2.2738095238095237,0.9240054741761804
