Technique,AUC,Credibility,LagGlobal,MAP
50Traced_NONETRACED_RFNONE_SINGLE_LSA_63_MAX.csv,0.9335452434942231,0.8465371428571429,2.1547619047619047,0.9227712504714036
