Technique,AUC,Credibility,LagGlobal,MAP
50Traced_NONETRACED_RFNONE_MULTI_LSA_18_SUM.csv,0.9116186157002484,0.8195508484903878,2.2222222222222223,0.870557034703789
