Technique,AUC,Credibility,LagGlobal,MAP
50Traced_NONETRACED_RFNONE_SINGLE_VSM_65_MAX.csv,0.9010669744088111,0.8225717857142857,2.1785714285714284,0.8855131108042771
