Technique,AUC,Credibility,LagGlobal,MAP
50Traced_NONETRACED_RFUNDER_SINGLE_VSM_99_SUM.csv,0.923762957563978,0.8363073911586387,2.2182539682539684,0.9045608926710623
