Technique,AUC,Credibility,LagGlobal,MAP
50Traced_NONETRACED_RFSMOTE_RAW_VSM_86_SUM.csv,0.896110031314113,0.8193427188560019,2.2182539682539684,0.8797526374542721
