Technique,AUC,Credibility,LagGlobal,MAP
50Traced_NONETRACED_MAX_SINGLE_VSM_3_MAX.csv,0.9715777183889428,0.7386353571428571,1.0317460317460319,0.9531483812693163
