Technique,AUC,Credibility,LagGlobal,MAP
50Traced_NONETRACED_RFSMOTE_SINGLE_LSA_62_MEDIAN.csv,0.8992751862649822,0.8069955952380953,2.2182539682539684,0.8715346907067012
