Technique,AUC,Credibility,LagGlobal,MAP
50Traced_NONETRACED_RFUNDER_MULTI_VSM_59_MAX.csv,0.9042051344347263,0.8228845238095238,2.2182539682539684,0.7743093433183429
