Technique,AUC,Credibility,LagGlobal,MAP
50Traced_NONETRACED_MAX_RAW_VSM_7_MAX.csv,0.9656860760177086,0.78874,1.746031746031746,0.9415911069246378
