Technique,AUC,Credibility,LagGlobal,MAP
50Traced_NONETRACED_RFSMOTE_SINGLE_LSA_39_SUM.csv,0.8169474138861894,0.7195984164672332,2.2936507936507935,0.7363674238134919
