Technique,AUC,Credibility,LagGlobal,MAP
50Traced_NONETRACED_RFSMOTE_SINGLE_VSM_98_SUM.csv,0.8912374473598964,0.7589116643400031,2.1547619047619047,0.8228078284848563
