Technique,AUC,Credibility,LagGlobal,MAP
50Traced_NONETRACED_RFUNDER_MULTI_LSA_43_MEDIAN.csv,0.9105219468739878,0.8355825,2.2222222222222223,0.8136336782340695
