Technique,AUC,Credibility,LagGlobal,MAP
50Traced_NONETRACED_SUM_MULTI_LSA_63_MAX.csv,0.93291761148904,-0.2417970238095238,2.0436507936507935,0.8919900771065308
