Technique,AUC,Credibility,LagGlobal,MAP
50Traced_NONETRACED_MAX_SINGLE_VSM_29_MEDIAN.csv,0.9745606575963719,0.7493347619047619,1.0714285714285714,0.9554468125192367
