Technique,AUC,Credibility,LagGlobal,MAP
50Traced_NONETRACED_RFUNDER_SINGLE_LSA_59_MEDIAN.csv,0.900719414750027,0.8410782142857143,2.2936507936507935,0.8806742859834515
