Technique,AUC,Credibility,LagGlobal,MAP
50Traced_NONETRACED_MAX_MULTI_VSM_61_MEDIAN.csv,0.9801216121369183,0.7577216666666666,1.4087301587301588,0.9687066517535835
