Technique,AUC,Credibility,LagGlobal,MAP
50Traced_NONETRACED_RFSMOTE_RAW_VSM_91_SUM.csv,0.8686190746139726,0.7913693903665113,2.2222222222222223,0.832742607017865
