Technique,AUC,Credibility,LagGlobal,MAP
50Traced_NONETRACED_RFSMOTE_MULTI_LSA_10_MEDIAN.csv,0.9030342295648418,0.8148938095238095,2.015873015873016,0.8006423073022348
