Technique,AUC,Credibility,LagGlobal,MAP
50Traced_NONETRACED_SUM_SINGLE_VSM_55_SUM.csv,0.9552997786416154,0.7413844734614511,0.9444444444444444,0.9037606774147376
