Technique,AUC,Credibility,LagGlobal,MAP
50Traced_NONETRACED_RFNONE_MULTI_VSM_96_MEDIAN.csv,0.8863277453838678,0.8320845238095238,2.2936507936507935,0.8594185653390789
