Technique,AUC,Credibility,LagGlobal,MAP
50Traced_NONETRACED_RFUNDER_SINGLE_VSM_53_MEDIAN.csv,0.8937344779181514,0.8302388095238096,2.2182539682539684,0.8776656735641345
