Technique,AUC,Credibility,LagGlobal,MAP
50Traced_NONETRACED_RFNONE_MULTI_VSM_59_MAX.csv,0.9098032069970845,0.8343292857142857,2.2936507936507935,0.8843783759846756
