Technique,AUC,Credibility,LagGlobal,MAP
50Traced_NONETRACED_SUM_RAW_VSM_23_SUM.csv,0.9571253104416371,0.7532772880322252,1.25,0.9277521991599387
