Technique,AUC,Credibility,LagGlobal,MAP
50Traced_NONETRACED_SUM_RAW_LSA_78_SUM.csv,0.943017087787496,0.7450745238356221,1.9642857142857142,0.9171897176615642
