Technique,AUC,Credibility,LagGlobal,MAP
50Traced_NONETRACED_RFUNDER_MULTI_LSA_86_MEDIAN.csv,0.9044649605874095,0.8265964285714286,2.2222222222222223,0.7930825511660642
