Technique,AUC,Credibility,LagGlobal,MAP
50Traced_NONETRACED_MAX_MULTI_LSA_78_SUM.csv,0.9499446604038441,0.7291108399639717,2.2738095238095237,0.9375420679231253
