Technique,AUC,Credibility,LagGlobal,MAP
50Traced_NONETRACED_RFSMOTE_SINGLE_VSM_54_MEDIAN.csv,0.8841107871720116,0.7894434523809524,2.2182539682539684,0.842670660109317
