Technique,AUC,Credibility,LagGlobal,MAP
50Traced_NONETRACED_SUM_MULTI_LSA_75_MAX.csv,0.9346756559766763,-0.27069035714285716,1.7896825396825398,0.8998436695328317
