Technique,AUC,Credibility,LagGlobal,MAP
50Traced_NONETRACED_RFNONE_RAW_LSA_88_MAX.csv,0.8632099665262931,0.7889532142857143,2.2182539682539684,0.8317526063399965
