Technique,AUC,Credibility,LagGlobal,MAP
50Traced_NONETRACED_SUM_SINGLE_LSA_68_MAX.csv,0.9518545513443473,-0.29721130952380953,1.2976190476190477,0.9090454132098746
