Technique,AUC,Credibility,LagGlobal,MAP
50Traced_NONETRACED_MAX_RAW_LSA_4_SUM.csv,0.9521919879062737,0.7698334032015154,1.9841269841269842,0.9312315676277573
