Technique,AUC,Credibility,LagGlobal,MAP
50Traced_NONETRACED_MEDIAN_RAW_LSA_52_SUM.csv,0.779495329877983,0.6640336631988497,2.2936507936507935,0.6824199304203719
