Technique,AUC,Credibility,LagGlobal,MAP
50Traced_NONETRACED_RFUNDER_MULTI_LSA_45_MEDIAN.csv,0.8587524295432458,0.7933320238095238,2.2182539682539684,0.7103598599429336
