Technique,AUC,Credibility,LagGlobal,MAP
50Traced_NONETRACED_RFSMOTE_RAW_LSA_10_SUM.csv,0.8709271406975488,0.7883366974866519,2.2976190476190474,0.8368645599854198
