Technique,AUC,Credibility,LagGlobal,MAP
50Traced_NONETRACED_MAX_SINGLE_LSA_67_SUM.csv,0.9733020192203866,0.7432438595657751,0.9166666666666666,0.9525709666440489
