Technique,AUC,Credibility,LagGlobal,MAP
50Traced_NONETRACED_RFNONE_SINGLE_LSA_88_SUM.csv,0.8586950653277183,0.784514441093136,2.2182539682539684,0.8292820578504474
