Technique,AUC,Credibility,LagGlobal,MAP
50Traced_NONETRACED_MAX_RAW_VSM_47_SUM.csv,0.9409654734909838,0.7764365674538481,2.2698412698412698,0.9245385348491977
