Technique,AUC,Credibility,LagGlobal,MAP
50Traced_NONETRACED_MAX_RAW_LSA_40_MAX.csv,0.946860490227837,0.7996210714285714,2.242063492063492,0.9332155457062572
