Technique,AUC,Credibility,LagGlobal,MAP
50Traced_NONETRACED_RFSMOTE_SINGLE_VSM_41_MEDIAN.csv,0.8891790843321455,0.7795467857142857,2.1547619047619047,0.8230986365298449
