Technique,AUC,Credibility,LagGlobal,MAP
50Traced_NONETRACED_RFSMOTE_MULTI_VSM_93_MEDIAN.csv,0.9032738095238095,0.830404880952381,2.2222222222222223,0.8652010843619992
