Technique,AUC,Credibility,LagGlobal,MAP
50Traced_NONETRACED_SUM_RAW_LSA_1_SUM.csv,0.93195591728755,0.7411662884985076,1.6468253968253967,0.8953936456680467
