Technique,AUC,Credibility,LagGlobal,MAP
50Traced_NONETRACED_RFSMOTE_RAW_LSA_54_SUM.csv,0.8794642857142858,0.785276102123511,2.1547619047619047,0.8344058647928556
