Technique,AUC,Credibility,LagGlobal,MAP
50Traced_NONETRACED_MAX_RAW_VSM_45_SUM.csv,0.9215426249865026,0.7629869834556375,2.0952380952380953,0.9032925535069022
