Technique,AUC,Credibility,LagGlobal,MAP
50Traced_NONETRACED_RFUNDER_SINGLE_LSA_23_SUM.csv,0.9047079149119965,0.8324990860067636,2.2182539682539684,0.8910806183946692
