Technique,AUC,Credibility,LagGlobal,MAP
50Traced_NONETRACED_SUM_SINGLE_VSM_14_MEDIAN.csv,0.9612487852283771,-0.2517090476190476,1.746031746031746,0.924100756399102
