Technique,AUC,Credibility,LagGlobal,MAP
50Traced_NONETRACED_MEDIAN_MULTI_VSM_28_SUM.csv,0.7850394125904331,0.665342512809052,2.2936507936507935,0.6861689711061635
