Technique,AUC,Credibility,LagGlobal,MAP
50Traced_NONETRACED_MEDIAN_MULTI_LSA_20_SUM.csv,0.781786524133463,0.6637985282923116,2.2976190476190474,0.6887505538114456
