Technique,AUC,Credibility,LagGlobal,MAP
50Traced_NONETRACED_RFUNDER_SINGLE_VSM_67_MAX.csv,0.8924151009610194,0.8320789285714286,2.2182539682539684,0.8791917495600149
