Technique,AUC,Credibility,LagGlobal,MAP
50Traced_NONETRACED_SUM_MULTI_VSM_85_MEDIAN.csv,0.9315003779289495,-0.19415690476190475,1.7777777777777777,0.8941697166031654
