Technique,AUC,Credibility,LagGlobal,MAP
50Traced_NONETRACED_RFSMOTE_SINGLE_VSM_36_SUM.csv,0.8945544487636324,0.8062204901504576,2.1547619047619047,0.8571507379223771
