Technique,AUC,Credibility,LagGlobal,MAP
50Traced_NONETRACED_RFNONE_SINGLE_VSM_68_SUM.csv,0.8623427545621423,0.7921310513968863,2.1785714285714284,0.834173230126014
