Technique,AUC,Credibility,LagGlobal,MAP
50Traced_NONETRACED_SUM_SINGLE_VSM_85_MAX.csv,0.9775199762444661,-0.26233488095238094,0.6587301587301587,0.9501191487345273
