Technique,AUC,Credibility,LagGlobal,MAP
50Traced_NONETRACED_RFNONE_MULTI_VSM_79_SUM.csv,0.9203312277291869,0.8271674587941382,2.0198412698412698,0.879112470906183
