Technique,AUC,Credibility,LagGlobal,MAP
50Traced_NONETRACED_MAX_SINGLE_VSM_73_SUM.csv,0.9647108843537414,0.7277295092030334,1.130952380952381,0.9410822338266429
