Technique,AUC,Credibility,LagGlobal,MAP
50Traced_NONETRACED_RFNONE_SINGLE_VSM_92_SUM.csv,0.8958839488176222,0.8104109161258873,2.2182539682539684,0.8771052417542775
