Technique,AUC,Credibility,LagGlobal,MAP
50Traced_NONETRACED_MAX_MULTI_VSM_70_SUM.csv,0.9662226001511716,0.7452863256798196,2.2936507936507935,0.9569621213090557
