Technique,AUC,Credibility,LagGlobal,MAP
50Traced_NONETRACED_RFUNDER_RAW_VSM_26_SUM.csv,0.895995302883058,0.8104109161258873,2.2182539682539684,0.880764809376716
