Technique,AUC,Credibility,LagGlobal,MAP
50Traced_NONETRACED_SUM_MULTI_LSA_34_SUM.csv,0.9531368102796675,0.7316833283151873,2.1626984126984126,0.9298016270228371
