Technique,AUC,Credibility,LagGlobal,MAP
50Traced_NONETRACED_SUM_RAW_VSM_48_SUM.csv,0.9584514361300076,0.7425728484426242,1.4484126984126984,0.9279144030651434
