Technique,AUC,Credibility,LagGlobal,MAP
50Traced_NONETRACED_MAX_MULTI_VSM_66_SUM.csv,0.9582759691178058,0.742727153390772,1.4404761904761905,0.9370533624793024
