Technique,AUC,Credibility,LagGlobal,MAP
50Traced_NONETRACED_MEDIAN_MULTI_LSA_59_SUM.csv,0.7877254076233667,0.6656709380021991,2.2936507936507935,0.6949159994395162
