Technique,AUC,Credibility,LagGlobal,MAP
50Traced_NONETRACED_RFNONE_MULTI_VSM_90_SUM.csv,0.9128806284418528,0.8104109161258873,2.2182539682539684,0.8694383819914319
