Technique,AUC,Credibility,LagGlobal,MAP
50Traced_NONETRACED_SUM_MULTI_LSA_45_MAX.csv,0.9348713691825936,-0.1768447619047619,1.4087301587301588,0.8772687565728335
