Technique,AUC,Credibility,LagGlobal,MAP
50Traced_NONETRACED_RFSMOTE_SINGLE_VSM_15_MAX.csv,0.871146474462801,0.7667136904761904,2.2182539682539684,0.8022311015344935
