Technique,AUC,Credibility,LagGlobal,MAP
50Traced_NONETRACED_RFUNDER_SINGLE_VSM_80_MEDIAN.csv,0.9200646528452651,0.8539001190476191,2.2182539682539684,0.8977955598723633
