Technique,AUC,Credibility,LagGlobal,MAP
50Traced_NONETRACED_SUM_MULTI_VSM_53_MEDIAN.csv,0.9576652089407192,-0.21311690476190476,1.4642857142857142,0.9170924768740201
