Technique,AUC,Credibility,LagGlobal,MAP
50Traced_NONETRACED_SUM_RAW_LSA_8_SUM.csv,0.9317871990065868,0.7423626738316327,2.119047619047619,0.9077671362333248
