Technique,AUC,Credibility,LagGlobal,MAP
50Traced_NONETRACED_MEDIAN_MULTI_LSA_22_SUM.csv,0.7801060900550696,0.6678563689412056,2.2976190476190474,0.6882584948311219
