Technique,AUC,Credibility,LagGlobal,MAP
50Traced_NONETRACED_RFSMOTE_RAW_LSA_25_MAX.csv,0.8610098801425332,0.792342380952381,2.2936507936507935,0.8236331647023027
