Technique,AUC,Credibility,LagGlobal,MAP
50Traced_NONETRACED_MAX_MULTI_VSM_52_MEDIAN.csv,0.9808099827232482,0.7526557142857143,1.0238095238095237,0.9658667990149642
