Technique,AUC,Credibility,LagGlobal,MAP
50Traced_NONETRACED_MAX_SINGLE_VSM_69_MAX.csv,0.9794703595724004,0.7459254761904762,0.7698412698412699,0.9641875999266908
