Technique,AUC,Credibility,LagGlobal,MAP
50Traced_NONETRACED_SUM_MULTI_VSM_97_SUM.csv,0.9467862541842135,0.7332429918836794,2.0396825396825395,0.9113806898400051
