Technique,AUC,Credibility,LagGlobal,MAP
50Traced_NONETRACED_RFUNDER_SINGLE_VSM_6_SUM.csv,0.9076908541194255,0.8324990860067636,2.1547619047619047,0.8945083334106417
