Technique,AUC,Credibility,LagGlobal,MAP
50Traced_NONETRACED_MEDIAN_MULTI_LSA_37_SUM.csv,0.7865545027534824,0.6652338651196519,2.2936507936507935,0.6910423462034019
