Technique,AUC,Credibility,LagGlobal,MAP
50Traced_NONETRACED_RFUNDER_MULTI_VSM_80_SUM.csv,0.9167409027102904,0.8195508484903878,2.2182539682539684,0.8394518187484007
