Technique,AUC,Credibility,LagGlobal,MAP
50Traced_NONETRACED_RFSMOTE_MULTI_LSA_17_SUM.csv,0.9178004535147393,0.8286907808548883,2.0198412698412698,0.8784278911851189
