Technique,AUC,Credibility,LagGlobal,MAP
50Traced_NONETRACED_RFSMOTE_SINGLE_VSM_12_SUM.csv,0.8725704567541301,0.8119342381866375,2.2182539682539684,0.8472713861963234
