Technique,AUC,Credibility,LagGlobal,MAP
50Traced_NONETRACED_SUM_MULTI_VSM_65_MAX.csv,0.9241003941259043,-0.17953035714285714,2.2261904761904763,0.8753510610745834
