Technique,AUC,Credibility,LagGlobal,MAP
50Traced_NONETRACED_RFSMOTE_SINGLE_VSM_75_MAX.csv,0.8851028506640751,0.7678021428571429,2.2182539682539684,0.8427716328663488
