Technique,AUC,Credibility,LagGlobal,MAP
50Traced_NONETRACED_RFSMOTE_MULTI_LSA_96_MEDIAN.csv,0.8880014307310226,0.7972079761904762,2.2182539682539684,0.8137121555341847
