Technique,AUC,Credibility,LagGlobal,MAP
50Traced_NONETRACED_MAX_MULTI_LSA_42_MEDIAN.csv,0.9249811035525322,0.7299120238095238,2.2023809523809526,0.8931556562544093
