Technique,AUC,Credibility,LagGlobal,MAP
50Traced_NONETRACED_SUM_SINGLE_VSM_79_SUM.csv,0.9520232696253105,0.7522351646232822,1.119047619047619,0.9022025171985844
