Technique,AUC,Credibility,LagGlobal,MAP
50Traced_NONETRACED_SUM_SINGLE_LSA_19_SUM.csv,0.9577293218874852,0.7436295539295081,1.0753968253968254,0.9279721660460701
