Technique,AUC,Credibility,LagGlobal,MAP
50Traced_NONETRACED_SUM_RAW_VSM_86_MEDIAN.csv,0.9480617643882949,0.4820227380952381,1.876984126984127,0.9187271314401168
