Technique,AUC,Credibility,LagGlobal,MAP
50Traced_NONETRACED_MAX_MULTI_LSA_48_SUM.csv,0.968328204297592,0.748923788629671,1.7380952380952381,0.9492137541408954
