Technique,AUC,Credibility,LagGlobal,MAP
50Traced_NONETRACED_RFNONE_RAW_VSM_12_MAX.csv,0.8617657380412482,0.7831488095238095,2.2936507936507935,0.8309397880694858
