Technique,AUC,Credibility,LagGlobal,MAP
50Traced_NONETRACED_RFSMOTE_RAW_VSM_74_SUM.csv,0.8370822535363351,0.7472537191722632,2.1825396825396823,0.7512115105597615
