Technique,AUC,Credibility,LagGlobal,MAP
50Traced_NONETRACED_RFNONE_SINGLE_VSM_22_MAX.csv,0.848872287010042,0.7291929761904762,2.2182539682539684,0.792070400881064
