Technique,AUC,Credibility,LagGlobal,MAP
50Traced_NONETRACED_MAX_SINGLE_LSA_5_MAX.csv,0.9746585141993305,0.7532439285714285,1.0396825396825398,0.9555068914789873
