Technique,AUC,Credibility,LagGlobal,MAP
50Traced_NONETRACED_RFUNDER_MULTI_VSM_61_SUM.csv,0.9321280099341324,0.8309757639460135,2.126984126984127,0.875025490439308
