Technique,AUC,Credibility,LagGlobal,MAP
50Traced_NONETRACED_MAX_MULTI_VSM_92_MEDIAN.csv,0.9563492063492064,0.7494109523809523,1.7976190476190477,0.9440418352701844
