Technique,AUC,Credibility,LagGlobal,MAP
50Traced_NONETRACED_MEDIAN_RAW_LSA_40_SUM.csv,0.7808045837382572,0.6642833949024172,2.2976190476190474,0.6826811156607813
