Technique,AUC,Credibility,LagGlobal,MAP
50Traced_NONETRACED_MAX_MULTI_LSA_58_SUM.csv,0.9228620019436347,0.7308782635440646,2.2182539682539684,0.8989197355181904
