Technique,AUC,Credibility,LagGlobal,MAP
50Traced_NONETRACED_SUM_SINGLE_VSM_6_SUM.csv,0.9652980239714934,0.7496223552648171,1.0634920634920635,0.9339471101036436
