Technique,AUC,Credibility,LagGlobal,MAP
50Traced_NONETRACED_RFNONE_SINGLE_VSM_57_SUM.csv,0.8900159270057229,0.8126958992170125,2.2182539682539684,0.8744659670882552
