Technique,AUC,Credibility,LagGlobal,MAP
50Traced_NONETRACED_SUM_MULTI_VSM_32_SUM.csv,0.9424333225353635,0.7345752103219544,1.9206349206349207,0.9019515053878309
