Technique,AUC,Credibility,LagGlobal,MAP
50Traced_NONETRACED_SUM_SINGLE_LSA_89_SUM.csv,0.9531941744951948,0.7500494495716066,1.7857142857142858,0.9180546899814871
