Technique,AUC,Credibility,LagGlobal,MAP
50Traced_NONETRACED_RFSMOTE_SINGLE_LSA_65_MAX.csv,0.8979929273296621,0.8231761904761905,2.0476190476190474,0.8605978334872557
