Technique,AUC,Credibility,LagGlobal,MAP
50Traced_NONETRACED_MEDIAN_MULTI_LSA_81_SUM.csv,0.7786179948169745,0.6635494375370041,2.2936507936507935,0.6878276383614131
