Technique,AUC,Credibility,LagGlobal,MAP
50Traced_NONETRACED_RFNONE_MULTI_VSM_11_MAX.csv,0.8878327124500593,0.8190021428571429,2.2182539682539684,0.8509609037949981
