Technique,AUC,Credibility,LagGlobal,MAP
50Traced_NONETRACED_SUM_RAW_VSM_21_MEDIAN.csv,0.9578474246841593,0.5210394047619048,1.3253968253968254,0.9327698615108098
