Technique,AUC,Credibility,LagGlobal,MAP
50Traced_NONETRACED_RFSMOTE_MULTI_LSA_85_MAX.csv,0.8973248029370477,0.7850179761904762,2.2182539682539684,0.8396195550255879
