Technique,AUC,Credibility,LagGlobal,MAP
50Traced_NONETRACED_RFNONE_RAW_VSM_16_SUM.csv,0.8552262174711154,0.767757898424885,2.2182539682539684,0.8201055578317473
