Technique,AUC,Credibility,LagGlobal,MAP
50Traced_NONETRACED_MEDIAN_MULTI_LSA_68_MAX.csv,0.7786854821293596,0.6757971428571429,2.2936507936507935,0.6797184606654236
