Technique,AUC,Credibility,LagGlobal,MAP
50Traced_NONETRACED_MAX_MULTI_VSM_0_SUM.csv,0.9536159701976028,0.7294076319831838,1.6825396825396826,0.9284163195865505
