Technique,AUC,Credibility,LagGlobal,MAP
50Traced_NONETRACED_MAX_RAW_VSM_76_SUM.csv,0.9649065975596588,0.7659519670336746,1.3650793650793651,0.9442067563564626
