Technique,AUC,Credibility,LagGlobal,MAP
50Traced_NONETRACED_RFSMOTE_SINGLE_LSA_91_MAX.csv,0.8736570024835331,0.7839528571428571,2.1547619047619047,0.839662952029845
