Technique,AUC,Credibility,LagGlobal,MAP
50Traced_NONETRACED_SUM_SINGLE_LSA_61_SUM.csv,0.9633712612028937,0.7465920710585626,1.5714285714285714,0.9255409223591143
