Technique,AUC,Credibility,LagGlobal,MAP
50Traced_NONETRACED_RFUNDER_SINGLE_LSA_49_MEDIAN.csv,0.9260878954756506,0.8529528571428572,2.2182539682539684,0.9187161484380776
