Technique,AUC,Credibility,LagGlobal,MAP
50Traced_NONETRACED_RFSMOTE_SINGLE_LSA_52_MEDIAN.csv,0.8165694849368319,0.7323852380952381,2.2936507936507935,0.7575521458700452
