Technique,AUC,Credibility,LagGlobal,MAP
50Traced_NONETRACED_SUM_SINGLE_VSM_94_SUM.csv,0.9618460479429867,0.7512440546066809,1.0595238095238095,0.9254700586227977
