Technique,AUC,Credibility,LagGlobal,MAP
50Traced_NONETRACED_RFNONE_MULTI_VSM_64_MEDIAN.csv,0.8960695389266818,0.8218982142857143,2.2936507936507935,0.8226375368476359
