Technique,AUC,Credibility,LagGlobal,MAP
50Traced_NONETRACED_RFUNDER_MULTI_LSA_69_SUM.csv,0.9089191232048376,0.8134575602473875,2.2182539682539684,0.8354884972495734
