Technique,AUC,Credibility,LagGlobal,MAP
50Traced_NONETRACED_RFSMOTE_SINGLE_VSM_46_MEDIAN.csv,0.8677383651873448,0.7503616666666667,2.1587301587301586,0.748734590218481
