Technique,AUC,Credibility,LagGlobal,MAP
50Traced_NONETRACED_RFNONE_SINGLE_LSA_53_SUM.csv,0.8890846020948062,0.8119342381866375,2.2182539682539684,0.8698682085041908
