Technique,AUC,Credibility,LagGlobal,MAP
50Traced_NONETRACED_RFNONE_SINGLE_VSM_43_SUM.csv,0.8584656084656085,0.802794305822137,2.2182539682539684,0.8355445408612316
