Technique,AUC,Credibility,LagGlobal,MAP
50Traced_NONETRACED_RFNONE_SINGLE_LSA_42_SUM.csv,0.9017519706295217,0.8271674587941382,2.2182539682539684,0.8923854328912072
