Technique,AUC,Credibility,LagGlobal,MAP
50Traced_NONETRACED_MAX_RAW_VSM_20_MEDIAN.csv,0.9496072238419178,0.7905344047619047,2.011904761904762,0.9271289486953228
