Technique,AUC,Credibility,LagGlobal,MAP
50Traced_NONETRACED_RFNONE_MULTI_LSA_99_MAX.csv,0.9099955458373825,0.8390252380952381,2.2222222222222223,0.8566047835659163
