Technique,AUC,Credibility,LagGlobal,MAP
50Traced_NONETRACED_MEDIAN_MULTI_LSA_70_SUM.csv,0.7916902872260015,0.665231480318521,2.2936507936507935,0.6935980613060457
