Technique,AUC,Credibility,LagGlobal,MAP
50Traced_NONETRACED_RFNONE_SINGLE_VSM_47_MEDIAN.csv,0.9006249325126875,0.8269791666666667,2.2936507936507935,0.8869344080940241
