Technique,AUC,Credibility,LagGlobal,MAP
50Traced_NONETRACED_RFSMOTE_RAW_LSA_45_MAX.csv,0.857831227729187,0.7800322619047619,2.2936507936507935,0.7661278164638105
