Technique,AUC,Credibility,LagGlobal,MAP
50Traced_NONETRACED_RFUNDER_RAW_LSA_79_MAX.csv,0.9001862649821833,0.8304033333333334,2.2182539682539684,0.8903164799698011
