Technique,AUC,Credibility,LagGlobal,MAP
50Traced_NONETRACED_RFSMOTE_SINGLE_LSA_77_MAX.csv,0.821870613324695,0.7414892857142857,2.2182539682539684,0.7492103253857496
