Technique,AUC,Credibility,LagGlobal,MAP
50Traced_NONETRACED_RFUNDER_MULTI_LSA_6_SUM.csv,0.8812155814706836,0.8149808823081376,2.2182539682539684,0.8444127040721646
