Technique,AUC,Credibility,LagGlobal,MAP
50Traced_NONETRACED_RFNONE_RAW_LSA_6_MEDIAN.csv,0.9034492765360113,0.8156366666666667,2.2936507936507935,0.8860030916646272
