Technique,AUC,Credibility,LagGlobal,MAP
50Traced_NONETRACED_RFNONE_RAW_VSM_8_MAX.csv,0.9032569376957132,0.8066070238095238,2.2936507936507935,0.8820683691566947
