Technique,AUC,Credibility,LagGlobal,MAP
50Traced_NONETRACED_RFUNDER_SINGLE_VSM_4_SUM.csv,0.8990018626498217,0.8302141029156385,2.2182539682539684,0.8848012863682849
