Technique,AUC,Credibility,LagGlobal,MAP
50Traced_NONETRACED_RFNONE_SINGLE_VSM_30_SUM.csv,0.9076469873663752,0.8256441367333882,2.2182539682539684,0.8932047254935183
