Technique,AUC,Credibility,LagGlobal,MAP
50Traced_NONETRACED_RFSMOTE_MULTI_VSM_20_MEDIAN.csv,0.8313492063492063,0.7497447619047619,2.2182539682539684,0.7666981288045618
