Technique,AUC,Credibility,LagGlobal,MAP
50Traced_NONETRACED_MAX_SINGLE_VSM_53_MEDIAN.csv,0.9736259583198358,0.744935119047619,0.9365079365079365,0.9530714799431431
