Technique,AUC,Credibility,LagGlobal,MAP
50Traced_NONETRACED_RFSMOTE_RAW_LSA_30_SUM.csv,0.8771865889212828,0.7890844072753862,2.2182539682539684,0.8399175984476044
