Technique,AUC,Credibility,LagGlobal,MAP
50Traced_NONETRACED_SUM_SINGLE_LSA_38_MEDIAN.csv,0.9590115808228054,-0.2849809523809524,1.1468253968253967,0.9288773058363974
