Technique,AUC,Credibility,LagGlobal,MAP
50Traced_NONETRACED_MAX_RAW_LSA_33_SUM.csv,0.9567979969765683,0.7788515036353177,1.9325396825396826,0.9368239754005504
