Technique,AUC,Credibility,LagGlobal,MAP
50Traced_NONETRACED_RFUNDER_SINGLE_VSM_9_MAX.csv,0.9156948493683188,0.8422971428571429,2.2182539682539684,0.9030613547205716
