Technique,AUC,Credibility,LagGlobal,MAP
50Traced_NONETRACED_MEDIAN_RAW_VSM_32_SUM.csv,0.7788879440665156,0.6641979994264797,2.2936507936507935,0.6812097917422965
