Technique,AUC,Credibility,LagGlobal,MAP
50Traced_NONETRACED_MAX_MULTI_VSM_64_MEDIAN.csv,0.9732885217579094,0.7532110714285715,2.1746031746031744,0.962927934166228
