Technique,AUC,Credibility,LagGlobal,MAP
50Traced_NONETRACED_RFUNDER_SINGLE_VSM_98_MAX.csv,0.9178072022459778,0.8440279761904762,2.1547619047619047,0.8841084716156264
