Technique,AUC,Credibility,LagGlobal,MAP
50Traced_NONETRACED_RFNONE_RAW_LSA_15_MEDIAN.csv,0.8938896987366375,0.8124739285714285,2.2936507936507935,0.875597598090974
