Technique,AUC,Credibility,LagGlobal,MAP
50Traced_NONETRACED_MAX_MULTI_VSM_28_MAX.csv,0.9790485638699924,0.7582785714285715,1.3293650793650793,0.9680795793079023
