Technique,AUC,Credibility,LagGlobal,MAP
50Traced_NONETRACED_MAX_MULTI_VSM_41_MEDIAN.csv,0.9577866861030127,0.7512120238095238,2.123015873015873,0.9408640427091699
