Technique,AUC,Credibility,LagGlobal,MAP
50Traced_NONETRACED_MAX_SINGLE_LSA_68_MAX.csv,0.97974705755318,0.7470548809523809,0.9563492063492064,0.9674295293351796
