Technique,AUC,Credibility,LagGlobal,MAP
50Traced_NONETRACED_SUM_MULTI_VSM_20_MEDIAN.csv,0.9346689072454379,-0.2015172619047619,2.0277777777777777,0.8979722049241955
