Technique,AUC,Credibility,LagGlobal,MAP
50Traced_NONETRACED_RFUNDER_SINGLE_LSA_13_MEDIAN.csv,0.9226156732534284,0.8507559523809524,2.2182539682539684,0.9134173219864202
