Technique,AUC,Credibility,LagGlobal,MAP
50Traced_NONETRACED_MEDIAN_MULTI_LSA_49_SUM.csv,0.78354119425548,0.6672395636668764,2.2976190476190474,0.6916839686884759
