Technique,AUC,Credibility,LagGlobal,MAP
50Traced_NONETRACED_RFSMOTE_SINGLE_VSM_67_MEDIAN.csv,0.8782157704351581,0.7944755952380952,2.2182539682539684,0.8002225100626692
