Technique,AUC,Credibility,LagGlobal,MAP
50Traced_NONETRACED_MAX_SINGLE_LSA_61_SUM.csv,0.9700862487852283,0.7351382155635773,1.130952380952381,0.9491853515230738
