Technique,AUC,Credibility,LagGlobal,MAP
50Traced_NONETRACED_RFUNDER_SINGLE_VSM_28_SUM.csv,0.9203615970197604,0.8431623404320141,2.2182539682539684,0.9095401974212249
