Technique,AUC,Credibility,LagGlobal,MAP
50Traced_NONETRACED_SUM_SINGLE_LSA_74_SUM.csv,0.9652102904653924,0.7517113613016536,1.1587301587301588,0.9267666665378604
