Technique,AUC,Credibility,LagGlobal,MAP
50Traced_NONETRACED_MAX_MULTI_VSM_55_SUM.csv,0.9431351905841701,0.7445576516090199,2.2182539682539684,0.9269835595617109
