Technique,AUC,Credibility,LagGlobal,MAP
50Traced_NONETRACED_RFUNDER_RAW_VSM_39_SUM.csv,0.8907515387107223,0.8088875940651372,2.2182539682539684,0.8714319164300979
