Technique,AUC,Credibility,LagGlobal,MAP
50Traced_NONETRACED_RFUNDER_MULTI_VSM_93_MAX.csv,0.9152528074721952,0.8436848809523809,2.2182539682539684,0.8748013041672419
