Technique,AUC,Credibility,LagGlobal,MAP
50Traced_NONETRACED_RFSMOTE_SINGLE_VSM_85_SUM.csv,0.8645428409459022,0.7698493571020283,2.2182539682539684,0.8115264478953016
