Technique,AUC,Credibility,LagGlobal,MAP
50Traced_NONETRACED_MEDIAN_MULTI_VSM_97_SUM.csv,0.77593537414966,0.661850207223209,2.3015873015873014,0.6734130729743091
