Technique,AUC,Credibility,LagGlobal,MAP
50Traced_NONETRACED_MAX_SINGLE_LSA_88_MEDIAN.csv,0.982436426951733,0.7492307142857143,0.996031746031746,0.9664981594846436
