Technique,AUC,Credibility,LagGlobal,MAP
50Traced_NONETRACED_MAX_SINGLE_LSA_81_MEDIAN.csv,0.9793792517006802,0.7380015476190476,0.7619047619047619,0.9617899198606373
