Technique,AUC,Credibility,LagGlobal,MAP
50Traced_NONETRACED_RFSMOTE_MULTI_VSM_82_MEDIAN.csv,0.8564342403628118,0.7779769047619047,2.1825396825396823,0.7345254470933507
