Technique,AUC,Credibility,LagGlobal,MAP
50Traced_NONETRACED_RFSMOTE_MULTI_LSA_42_MAX.csv,0.8689936291977107,0.7861117857142857,2.2182539682539684,0.7644128129914259
