Technique,AUC,Credibility,LagGlobal,MAP
50Traced_NONETRACED_MAX_RAW_VSM_82_SUM.csv,0.9381546269301371,0.7724820400626853,2.115079365079365,0.918135244599214
