Technique,AUC,Credibility,LagGlobal,MAP
50Traced_NONETRACED_RFNONE_MULTI_VSM_92_SUM.csv,0.9124925763956375,0.8279291198245133,2.1547619047619047,0.880612031706345
