Technique,AUC,Credibility,LagGlobal,MAP
50Traced_NONETRACED_MAX_SINGLE_LSA_79_SUM.csv,0.9651428031530074,0.7373496493419156,1.2619047619047619,0.9428469427670089
