Technique,AUC,Credibility,LagGlobal,MAP
50Traced_NONETRACED_RFUNDER_SINGLE_LSA_73_SUM.csv,0.9012593132491091,0.8248824757030131,2.2182539682539684,0.8766629088530838
