Technique,AUC,Credibility,LagGlobal,MAP
50Traced_NONETRACED_SUM_MULTI_VSM_72_MAX.csv,0.9207091566785445,-0.2004572619047619,1.7738095238095237,0.8562683085915083
