Technique,AUC,Credibility,LagGlobal,MAP
50Traced_NONETRACED_RFUNDER_SINGLE_VSM_20_MEDIAN.csv,0.9508253698304718,0.8669065476190476,2.2182539682539684,0.9371190128921332
