Technique,AUC,Credibility,LagGlobal,MAP
50Traced_NONETRACED_RFSMOTE_SINGLE_VSM_97_SUM.csv,0.8967477864161538,0.8111725771562623,2.2182539682539684,0.8784964847971168
