Technique,AUC,Credibility,LagGlobal,MAP
50Traced_NONETRACED_SUM_MULTI_VSM_11_MAX.csv,0.9261587571536551,-0.18222595238095238,2.0992063492063493,0.8694830953513809
