Technique,AUC,Credibility,LagGlobal,MAP
50Traced_NONETRACED_RFSMOTE_SINGLE_LSA_43_MEDIAN.csv,0.810822940287226,0.7127009523809524,2.2936507936507935,0.7370645887808043
