Technique,AUC,Credibility,LagGlobal,MAP
50Traced_NONETRACED_RFSMOTE_SINGLE_LSA_25_SUM.csv,0.8241078177302666,0.7107141203818518,2.2936507936507935,0.7476354239554858
