Technique,AUC,Credibility,LagGlobal,MAP
50Traced_NONETRACED_RFNONE_MULTI_VSM_5_SUM.csv,0.8845325828744197,0.8208930199244694,2.2182539682539684,0.8672568153934808
