Technique,AUC,Credibility,LagGlobal,MAP
50Traced_NONETRACED_RFNONE_MULTI_LSA_51_MAX.csv,0.8975407623366807,0.8268480952380952,2.2182539682539684,0.8602972526445616
