Technique,AUC,Credibility,LagGlobal,MAP
50Traced_NONETRACED_MEDIAN_MULTI_LSA_25_SUM.csv,0.7811049022783716,0.6642379859043582,2.2936507936507935,0.6883534395714882
