Technique,AUC,Credibility,LagGlobal,MAP
50Traced_NONETRACED_RFNONE_MULTI_LSA_4_SUM.csv,0.8972471925278047,0.8187891874600128,2.2182539682539684,0.8789348296766029
