Technique,AUC,Credibility,LagGlobal,MAP
50Traced_NONETRACED_RFSMOTE_RAW_VSM_17_MAX.csv,0.8489600205161429,0.7855565476190476,2.2182539682539684,0.7766670396063216
