Technique,AUC,Credibility,LagGlobal,MAP
50Traced_NONETRACED_MAX_SINGLE_LSA_11_MEDIAN.csv,0.9676938235611704,0.7392645238095238,0.9126984126984127,0.9452120060397482
