Technique,AUC,Credibility,LagGlobal,MAP
50Traced_NONETRACED_MAX_MULTI_LSA_3_SUM.csv,0.9677444390454595,0.7466600998541781,1.2738095238095237,0.9470171527134177
