Technique,AUC,Credibility,LagGlobal,MAP
50Traced_NONETRACED_MEDIAN_MULTI_LSA_58_SUM.csv,0.7864498974192852,0.6680315013181166,2.2976190476190474,0.6979660445858262
