Technique,AUC,Credibility,LagGlobal,MAP
50Traced_NONETRACED_RFUNDER_RAW_VSM_66_MEDIAN.csv,0.8974597775618185,0.8087738095238095,2.2936507936507935,0.881065405568163
