Technique,AUC,Credibility,LagGlobal,MAP
50Traced_NONETRACED_MEDIAN_MULTI_LSA_74_MAX.csv,0.7781354605334198,0.6757480952380952,2.2936507936507935,0.6794779883470499
