Technique,AUC,Credibility,LagGlobal,MAP
50Traced_NONETRACED_MEDIAN_SINGLE_LSA_87_SUM.csv,0.781492954324587,0.6709144699546485,2.2936507936507935,0.6853557586695276
