Technique,AUC,Credibility,LagGlobal,MAP
50Traced_NONETRACED_RFNONE_MULTI_VSM_72_SUM.csv,0.8987892776158082,0.8119342381866375,2.2182539682539684,0.8674213510654296
