Technique,AUC,Credibility,LagGlobal,MAP
50Traced_NONETRACED_SUM_SINGLE_LSA_51_MEDIAN.csv,0.967494735989634,-0.29062190476190475,1.2142857142857142,0.9390138622029462
