Technique,AUC,Credibility,LagGlobal,MAP
50Traced_NONETRACED_RFNONE_RAW_VSM_18_SUM.csv,0.8839454432566678,0.802794305822137,2.2182539682539684,0.859034218361968
