Technique,AUC,Credibility,LagGlobal,MAP
50Traced_NONETRACED_RFUNDER_RAW_VSM_42_MAX.csv,0.8750404923874313,0.8119155952380952,2.2936507936507935,0.8426248884502667
