Technique,AUC,Credibility,LagGlobal,MAP
50Traced_NONETRACED_RFUNDER_SINGLE_VSM_6_MEDIAN.csv,0.907427653601123,0.8408263095238095,2.1547619047619047,0.8919450142130787
