Technique,AUC,Credibility,LagGlobal,MAP
50Traced_NONETRACED_RFSMOTE_SINGLE_LSA_90_MEDIAN.csv,0.8640603066623476,0.7517841666666667,2.2182539682539684,0.7887081941713228
