Technique,AUC,Credibility,LagGlobal,MAP
50Traced_NONETRACED_RFSMOTE_RAW_VSM_15_SUM.csv,0.8696550048590864,0.7738511866678853,2.2222222222222223,0.8198548064819596
