Technique,AUC,Credibility,LagGlobal,MAP
50Traced_NONETRACED_RFSMOTE_RAW_LSA_81_MEDIAN.csv,0.8839960587409568,0.8165317857142858,2.2222222222222223,0.8564127198465001
