Technique,AUC,Credibility,LagGlobal,MAP
50Traced_NONETRACED_RFSMOTE_RAW_VSM_50_MEDIAN.csv,0.8923071212612029,0.8022902380952381,2.2936507936507935,0.8520371655543424
