Technique,AUC,Credibility,LagGlobal,MAP
50Traced_NONETRACED_MAX_SINGLE_VSM_35_MEDIAN.csv,0.9746686372961882,0.7469588095238096,1.0277777777777777,0.9551791556696498
