Technique,AUC,Credibility,LagGlobal,MAP
50Traced_NONETRACED_RFSMOTE_RAW_LSA_43_MAX.csv,0.9061656408595183,0.8077920238095239,2.1547619047619047,0.8727829118521879
