Technique,AUC,Credibility,LagGlobal,MAP
50Traced_NONETRACED_MEDIAN_MULTI_LSA_42_MEDIAN.csv,0.7793097397689234,0.6758553571428572,2.2936507936507935,0.680222688607101
