Technique,AUC,Credibility,LagGlobal,MAP
50Traced_NONETRACED_SUM_SINGLE_LSA_64_SUM.csv,0.9588901036605119,0.7506539851270212,1.1428571428571428,0.9096188208727922
