Technique,AUC,Credibility,LagGlobal,MAP
50Traced_NONETRACED_SUM_SINGLE_LSA_48_SUM.csv,0.9668569808875931,0.7534400396921157,0.8571428571428571,0.9248279146593519
