Technique,AUC,Credibility,LagGlobal,MAP
50Traced_NONETRACED_MEDIAN_RAW_LSA_66_SUM.csv,0.7810340406003671,0.6652730056925674,2.2936507936507935,0.6855448891082401
