Technique,AUC,Credibility,LagGlobal,MAP
50Traced_NONETRACED_RFSMOTE_SINGLE_LSA_84_SUM.csv,0.8643808713961776,0.7529034850482671,2.2182539682539684,0.8194870554276646
