Technique,AUC,Credibility,LagGlobal,MAP
50Traced_NONETRACED_RFNONE_MULTI_VSM_7_MEDIAN.csv,0.9153540384407732,0.8255141666666667,2.2182539682539684,0.8884176341126901
