Technique,AUC,Credibility,LagGlobal,MAP
50Traced_NONETRACED_SUM_SINGLE_VSM_97_MEDIAN.csv,0.9613871342187669,-0.23319988095238095,1.0674603174603174,0.9216732719045964
