Technique,AUC,Credibility,LagGlobal,MAP
50Traced_NONETRACED_MAX_RAW_LSA_85_MAX.csv,0.9524720602526725,0.7840976190476191,2.0873015873015874,0.9358489433081502
