Technique,AUC,Credibility,LagGlobal,MAP
50Traced_NONETRACED_MEDIAN_MULTI_VSM_60_SUM.csv,0.785309361839974,0.6667017677408441,2.2976190476190474,0.7001592696521973
