Technique,AUC,Credibility,LagGlobal,MAP
50Traced_NONETRACED_RFUNDER_MULTI_LSA_16_SUM.csv,0.9230847100745059,0.8096492550955123,2.0238095238095237,0.8356665835375082
