Technique,AUC,Credibility,LagGlobal,MAP
50Traced_NONETRACED_RFUNDER_MULTI_VSM_81_SUM.csv,0.9490167098585466,0.8363073911586387,2.0198412698412698,0.8883893909266688
