Technique,AUC,Credibility,LagGlobal,MAP
50Traced_NONETRACED_RFNONE_RAW_VSM_78_MAX.csv,0.9154114026563006,0.8310398809523809,2.2182539682539684,0.9039922176063524
