Technique,AUC,Credibility,LagGlobal,MAP
50Traced_NONETRACED_RFUNDER_RAW_LSA_73_SUM.csv,0.9120977756181838,0.8233591536422631,2.2182539682539684,0.8920936453067483
