Technique,AUC,Credibility,LagGlobal,MAP
50Traced_NONETRACED_SUM_MULTI_VSM_40_MEDIAN.csv,0.9447582604470359,-0.14858916666666666,1.9444444444444444,0.9064794249586107
