Technique,AUC,Credibility,LagGlobal,MAP
50Traced_NONETRACED_RFSMOTE_SINGLE_LSA_32_SUM.csv,0.8502827718388942,0.748028869706497,2.2182539682539684,0.7991618572847154
