Technique,AUC,Credibility,LagGlobal,MAP
50Traced_NONETRACED_RFNONE_RAW_LSA_66_SUM.csv,0.8931979537846884,0.7945379017605219,2.1547619047619047,0.8660124621287415
