Technique,AUC,Credibility,LagGlobal,MAP
50Traced_NONETRACED_MEDIAN_RAW_LSA_6_SUM.csv,0.7797888996868589,0.6662325480486996,2.2936507936507935,0.6828566434783551
