Technique,AUC,Credibility,LagGlobal,MAP
50Traced_NONETRACED_RFUNDER_SINGLE_LSA_70_SUM.csv,0.8986509286254184,0.8264057977637632,2.2182539682539684,0.8806850097975202
