Technique,AUC,Credibility,LagGlobal,MAP
50Traced_NONETRACED_RFNONE_RAW_LSA_48_MEDIAN.csv,0.8965453244789979,0.8141028571428571,2.2936507936507935,0.8822303081367553
