Technique,AUC,Credibility,LagGlobal,MAP
50Traced_NONETRACED_SUM_MULTI_VSM_65_SUM.csv,0.9259799157758342,0.734706666373019,2.2896825396825395,0.8790887362672094
