Technique,AUC,Credibility,LagGlobal,MAP
50Traced_NONETRACED_MEDIAN_SINGLE_LSA_3_SUM.csv,0.7782063222114243,0.663935126448448,2.2976190476190474,0.6808934043136523
