Technique,AUC,Credibility,LagGlobal,MAP
50Traced_NONETRACED_RFNONE_MULTI_LSA_84_MAX.csv,0.9083960965338517,0.8338719047619048,2.2182539682539684,0.8843085013970825
