Technique,AUC,Credibility,LagGlobal,MAP
50Traced_NONETRACED_RFSMOTE_RAW_VSM_85_MAX.csv,0.9144699546485262,0.8239920238095239,2.2936507936507935,0.8619248348175022
