Technique,AUC,Credibility,LagGlobal,MAP
50Traced_NONETRACED_RFSMOTE_SINGLE_LSA_98_SUM.csv,0.8393903196199115,0.7296748469061329,2.2182539682539684,0.7753100178092744
