Technique,AUC,Credibility,LagGlobal,MAP
50Traced_NONETRACED_RFUNDER_SINGLE_LSA_49_SUM.csv,0.9260878954756505,0.8416390183712641,2.2182539682539684,0.9187161484380775
