Technique,AUC,Credibility,LagGlobal,MAP
50Traced_NONETRACED_RFNONE_SINGLE_LSA_56_MEDIAN.csv,0.8682647662239499,0.8050763095238095,2.2182539682539684,0.842667861679773
