Technique,AUC,Credibility,LagGlobal,MAP
50Traced_NONETRACED_SUM_MULTI_LSA_19_MEDIAN.csv,0.9387822589353203,-0.21993119047619047,2.1587301587301586,0.8962800048366724
