Technique,AUC,Credibility,LagGlobal,MAP
50Traced_NONETRACED_MAX_MULTI_VSM_31_SUM.csv,0.9478896717417126,0.73461350454507,2.2261904761904763,0.93986878073672
