Technique,AUC,Credibility,LagGlobal,MAP
50Traced_NONETRACED_SUM_SINGLE_LSA_80_SUM.csv,0.9578609221466364,0.7482768020355233,1.369047619047619,0.916973036420072
