Technique,AUC,Credibility,LagGlobal,MAP
50Traced_NONETRACED_RFSMOTE_RAW_LSA_1_MEDIAN.csv,0.891169960047511,0.805062619047619,2.0476190476190474,0.8435448599363524
