Technique,AUC,Credibility,LagGlobal,MAP
50Traced_NONETRACED_RFUNDER_MULTI_LSA_92_SUM.csv,0.9089798617859843,0.8096492550955123,2.2182539682539684,0.8271907307175834
