Technique,AUC,Credibility,LagGlobal,MAP
50Traced_NONETRACED_RFUNDER_MULTI_LSA_17_MAX.csv,0.9164945740200843,0.8330539285714286,1.9642857142857142,0.8209764753503875
