Technique,AUC,Credibility,LagGlobal,MAP
50Traced_NONETRACED_SUM_RAW_VSM_90_MEDIAN.csv,0.9666308983911025,0.539645,1.6150793650793651,0.9464621668754872
