Technique,AUC,Credibility,LagGlobal,MAP
50Traced_NONETRACED_RFNONE_MULTI_VSM_47_SUM.csv,0.9339130493467228,0.8424006794016391,2.123015873015873,0.9118157707894989
