Technique,AUC,Credibility,LagGlobal,MAP
50Traced_NONETRACED_RFSMOTE_RAW_LSA_18_SUM.csv,0.8549495194903358,0.7639495932730098,2.2182539682539684,0.8099721258438455
