Technique,AUC,Credibility,LagGlobal,MAP
50Traced_NONETRACED_MEDIAN_MULTI_VSM_47_SUM.csv,0.7877625256451788,0.6664580710459405,2.2976190476190474,0.6968243384913395
