Technique,AUC,Credibility,LagGlobal,MAP
50Traced_NONETRACED_RFSMOTE_RAW_LSA_68_SUM.csv,0.9294960047511068,0.8073642720043872,2.2936507936507935,0.9098369718147042
