Technique,AUC,Credibility,LagGlobal,MAP
50Traced_NONETRACED_MAX_SINGLE_LSA_43_SUM.csv,0.9820045081524673,0.7480819030849506,0.9246031746031746,0.9685303356802661
