Technique,AUC,Credibility,LagGlobal,MAP
50Traced_NONETRACED_MAX_RAW_VSM_74_MAX.csv,0.9636074667962423,0.8074421428571429,1.8531746031746033,0.9509196251157824
