Technique,AUC,Credibility,LagGlobal,MAP
50Traced_NONETRACED_RFNONE_MULTI_VSM_2_MEDIAN.csv,0.8971392128279884,0.8347242857142857,2.2182539682539684,0.8596554793849807
