Technique,AUC,Credibility,LagGlobal,MAP
50Traced_NONETRACED_RFNONE_RAW_VSM_9_SUM.csv,0.9107952704891481,0.8187891874600128,2.2936507936507935,0.9018658011158678
