Technique,AUC,Credibility,LagGlobal,MAP
50Traced_NONETRACED_MEDIAN_SINGLE_LSA_63_SUM.csv,0.7818405139833711,0.6703267199904672,2.2936507936507935,0.6894805890356659
