Technique,AUC,Credibility,LagGlobal,MAP
50Traced_NONETRACED_SUM_SINGLE_LSA_75_SUM.csv,0.9657096965770435,0.7431025896746118,1.5555555555555556,0.9273765108005194
