Technique,AUC,Credibility,LagGlobal,MAP
50Traced_NONETRACED_RFSMOTE_MULTI_VSM_44_MAX.csv,0.8391136216391318,0.7486219047619047,2.2182539682539684,0.7621406936776167
