Technique,AUC,Credibility,LagGlobal,MAP
50Traced_NONETRACED_MEDIAN_SINGLE_LSA_62_SUM.csv,0.7850967768059605,0.6654400321407427,2.2936507936507935,0.6896585942887408
