Technique,AUC,Credibility,LagGlobal,MAP
50Traced_NONETRACED_MAX_SINGLE_LSA_23_SUM.csv,0.9691920418961235,0.7372254177067811,1.8849206349206349,0.9499549493999652
