Technique,AUC,Credibility,LagGlobal,MAP
50Traced_NONETRACED_RFNONE_MULTI_VSM_75_SUM.csv,0.8939808066083577,0.8131415145821319,2.2182539682539684,0.874537961536573
