Technique,AUC,Credibility,LagGlobal,MAP
50Traced_NONETRACED_RFNONE_SINGLE_VSM_48_MAX.csv,0.904623555771515,0.8041321428571429,2.2182539682539684,0.8828518793098783
