Technique,AUC,Credibility,LagGlobal,MAP
50Traced_NONETRACED_RFNONE_SINGLE_LSA_40_SUM.csv,0.8904714663643236,0.8264057977637632,2.2182539682539684,0.8784002982222527
