Technique,AUC,Credibility,LagGlobal,MAP
50Traced_NONETRACED_RFUNDER_MULTI_LSA_57_SUM.csv,0.9331301965230536,0.8385923742497639,2.1785714285714284,0.8969854823696491
