Technique,AUC,Credibility,LagGlobal,MAP
50Traced_NONETRACED_RFSMOTE_RAW_LSA_70_MEDIAN.csv,0.905237690314221,0.8102210714285715,2.1785714285714284,0.8081234037643765
