Technique,AUC,Credibility,LagGlobal,MAP
50Traced_NONETRACED_SUM_RAW_LSA_35_SUM.csv,0.924339974084872,0.7453130385487529,2.2936507936507935,0.899277978381214
