Technique,AUC,Credibility,LagGlobal,MAP
50Traced_NONETRACED_RFUNDER_SINGLE_VSM_19_MEDIAN.csv,0.8898640805528562,0.8326196428571428,2.2182539682539684,0.8765678438658897
