Technique,AUC,Credibility,LagGlobal,MAP
50Traced_NONETRACED_RFNONE_RAW_VSM_76_SUM.csv,0.879865835222978,0.7944160344880115,2.2182539682539684,0.8568201389582255
