Technique,AUC,Credibility,LagGlobal,MAP
50Traced_NONETRACED_RFUNDER_MULTI_LSA_4_SUM.csv,0.9095771245005939,0.822597492611888,2.2936507936507935,0.8710906970756062
