Technique,AUC,Credibility,LagGlobal,MAP
50Traced_NONETRACED_SUM_MULTI_VSM_50_MEDIAN.csv,0.9371524403412158,-0.15451238095238096,1.3888888888888888,0.8810817658851249
