Technique,AUC,Credibility,LagGlobal,MAP
50Traced_NONETRACED_RFSMOTE_RAW_VSM_92_SUM.csv,0.907555879494655,0.8149808823081376,2.2182539682539684,0.8913295624322642
