Technique,AUC,Credibility,LagGlobal,MAP
50Traced_NONETRACED_SUM_MULTI_VSM_47_MAX.csv,0.9458751754670123,-0.1959240476190476,1.0833333333333333,0.8987488773879128
