Technique,AUC,Credibility,LagGlobal,MAP
50Traced_NONETRACED_SUM_MULTI_LSA_44_MEDIAN.csv,0.9345912968361948,-0.23655059523809524,1.2619047619047619,0.8752521270159727
