Technique,AUC,Credibility,LagGlobal,MAP
50Traced_NONETRACED_RFNONE_MULTI_LSA_94_MEDIAN.csv,0.895111219090811,0.8028436904761905,2.2182539682539684,0.8692812962949636
