Technique,AUC,Credibility,LagGlobal,MAP
50Traced_NONETRACED_SUM_RAW_LSA_4_SUM.csv,0.9581005021056042,0.7416728456088317,1.2738095238095237,0.9336606354884254
