Technique,AUC,Credibility,LagGlobal,MAP
50Traced_NONETRACED_RFNONE_SINGLE_LSA_67_MAX.csv,0.8971459615592269,0.8262157142857143,2.123015873015873,0.8804628663204129
