Technique,AUC,Credibility,LagGlobal,MAP
50Traced_NONETRACED_MEDIAN_RAW_LSA_30_SUM.csv,0.7812601230968577,0.6644927719582342,2.2936507936507935,0.6845718961769283
