Technique,AUC,Credibility,LagGlobal,MAP
50Traced_NONETRACED_RFUNDER_MULTI_LSA_26_MAX.csv,0.8667665478889969,0.7823435714285715,2.2222222222222223,0.6760333352420923
