Technique,AUC,Credibility,LagGlobal,MAP
50Traced_NONETRACED_RFUNDER_RAW_VSM_34_MAX.csv,0.9006013119533528,0.8285560714285715,2.1785714285714284,0.8885646094649973
