Technique,AUC,Credibility,LagGlobal,MAP
50Traced_NONETRACED_RFSMOTE_RAW_LSA_12_MEDIAN.csv,0.8679408271245007,0.791157380952381,2.2936507936507935,0.8301360918580191
