Technique,AUC,Credibility,LagGlobal,MAP
50Traced_NONETRACED_MAX_MULTI_LSA_78_MAX.csv,0.9556608357628765,0.7480664285714286,2.2777777777777777,0.9457382701323496
