Technique,AUC,Credibility,LagGlobal,MAP
50Traced_NONETRACED_RFUNDER_MULTI_LSA_3_SUM.csv,0.8979085681891805,0.767757898424885,2.2936507936507935,0.7881014750632688
