Technique,AUC,Credibility,LagGlobal,MAP
50Traced_NONETRACED_RFUNDER_MULTI_LSA_93_SUM.csv,0.8786915559874744,0.767757898424885,2.2182539682539684,0.7947278475364079
