Technique,AUC,Credibility,LagGlobal,MAP
50Traced_NONETRACED_RFSMOTE_SINGLE_VSM_71_SUM.csv,0.8419413400280747,0.7419090218292346,2.2222222222222223,0.7679445593469187
