Technique,AUC,Credibility,LagGlobal,MAP
50Traced_NONETRACED_RFNONE_MULTI_LSA_17_MAX.csv,0.9397237069430947,0.8410839285714286,2.0198412698412698,0.8883941102864712
