Technique,AUC,Credibility,LagGlobal,MAP
50Traced_NONETRACED_MEDIAN_RAW_VSM_47_SUM.csv,0.7782198196739014,0.6637934534382136,2.2936507936507935,0.6812561702519644
