Technique,AUC,Credibility,LagGlobal,MAP
50Traced_NONETRACED_MAX_RAW_LSA_80_MEDIAN.csv,0.9414345103120614,0.773417380952381,2.0793650793650795,0.9244425070815804
