Technique,AUC,Credibility,LagGlobal,MAP
50Traced_NONETRACED_RFSMOTE_RAW_VSM_48_MEDIAN.csv,0.85103525537199,0.7739541666666666,2.2936507936507935,0.7618633227727369
