Technique,AUC,Credibility,LagGlobal,MAP
50Traced_NONETRACED_RFNONE_MULTI_VSM_45_SUM.csv,0.8788366537091027,0.8050792889132621,2.2936507936507935,0.8347723802149478
