Technique,AUC,Credibility,LagGlobal,MAP
50Traced_NONETRACED_MAX_SINGLE_VSM_86_SUM.csv,0.973781179138322,0.7330347202341191,1.619047619047619,0.9580652342538236
