Technique,AUC,Credibility,LagGlobal,MAP
50Traced_NONETRACED_RFSMOTE_MULTI_LSA_51_SUM.csv,0.8757322373393802,0.7959393565487616,2.2182539682539684,0.826640161015841
