Technique,AUC,Credibility,LagGlobal,MAP
50Traced_NONETRACED_RFUNDER_RAW_LSA_55_SUM.csv,0.8946320591728756,0.8172658653992627,2.2936507936507935,0.8797495162900384
