Technique,AUC,Credibility,LagGlobal,MAP
50Traced_NONETRACED_RFUNDER_MULTI_LSA_81_SUM.csv,0.8779660673793326,0.7753745087286354,2.2261904761904763,0.7830229741706687
