Technique,AUC,Credibility,LagGlobal,MAP
50Traced_NONETRACED_RFNONE_SINGLE_VSM_40_MEDIAN.csv,0.8754420418961235,0.8182329761904762,2.2182539682539684,0.8623046188509658
