Technique,AUC,Credibility,LagGlobal,MAP
50Traced_NONETRACED_RFNONE_MULTI_LSA_37_MAX.csv,0.9051195875175466,0.8306652380952381,2.2182539682539684,0.8688233105366102
