Technique,AUC,Credibility,LagGlobal,MAP
50Traced_NONETRACED_RFUNDER_RAW_VSM_99_SUM.csv,0.8533500701868049,0.782135493212782,2.2182539682539684,0.8221123791859035
