Technique,AUC,Credibility,LagGlobal,MAP
50Traced_NONETRACED_RFUNDER_MULTI_VSM_67_MEDIAN.csv,0.8980300453514739,0.8290853571428571,2.2182539682539684,0.7998260997201861
