Technique,AUC,Credibility,LagGlobal,MAP
50Traced_NONETRACED_MAX_SINGLE_LSA_47_MAX.csv,0.9874136162401468,0.7513269047619048,1.1984126984126984,0.9787099901931446
