Technique,AUC,Credibility,LagGlobal,MAP
50Traced_NONETRACED_MEDIAN_RAW_LSA_18_SUM.csv,0.7817966472303207,0.6636697538695763,2.2936507936507935,0.6832481000790008
