Technique,AUC,Credibility,LagGlobal,MAP
50Traced_NONETRACED_MAX_MULTI_LSA_16_SUM.csv,0.9535552316164561,0.7408804954469793,1.6587301587301588,0.9302083304057076
