Technique,AUC,Credibility,LagGlobal,MAP
50Traced_NONETRACED_MAX_SINGLE_VSM_42_SUM.csv,0.9760892452218983,0.7370656799142616,1.3015873015873016,0.958527358344979
