Technique,AUC,Credibility,LagGlobal,MAP
50Traced_NONETRACED_MEDIAN_SINGLE_LSA_24_SUM.csv,0.7810509124284636,0.6647035439397784,2.2936507936507935,0.6857735105917658
