Technique,AUC,Credibility,LagGlobal,MAP
50Traced_NONETRACED_RFUNDER_MULTI_LSA_7_SUM.csv,0.9112271892884138,0.8126958992170125,2.2182539682539684,0.8252682153895057
