Technique,AUC,Credibility,LagGlobal,MAP
50Traced_NONETRACED_RFUNDER_MULTI_VSM_16_SUM.csv,0.941660592808552,0.8431623404320141,2.123015873015873,0.8978159249730401
