Technique,AUC,Credibility,LagGlobal,MAP
50Traced_NONETRACED_RFUNDER_SINGLE_LSA_45_SUM.csv,0.9164810765576071,0.8363073911586387,2.2182539682539684,0.9042722703348113
