Technique,AUC,Credibility,LagGlobal,MAP
50Traced_NONETRACED_RFUNDER_SINGLE_VSM_23_MAX.csv,0.9082273782528885,0.8479659523809524,2.2182539682539684,0.9022699094320604
