Technique,AUC,Credibility,LagGlobal,MAP
50Traced_NONETRACED_SUM_RAW_LSA_97_SUM.csv,0.9514293812763202,0.7345206075360156,1.0357142857142858,0.9169303941765514
