Technique,AUC,Credibility,LagGlobal,MAP
50Traced_NONETRACED_MAX_MULTI_VSM_34_SUM.csv,0.9738452920850881,0.7458918369168771,1.8412698412698412,0.9627385101560658
