Technique,AUC,Credibility,LagGlobal,MAP
50Traced_NONETRACED_RFSMOTE_RAW_VSM_42_MAX.csv,0.8486090864917396,0.7687861904761905,2.2222222222222223,0.7994832761617544
