Technique,AUC,Credibility,LagGlobal,MAP
50Traced_NONETRACED_MEDIAN_MULTI_LSA_60_SUM.csv,0.7952502429543246,0.6687799204939525,2.2936507936507935,0.7159316957407533
