Technique,AUC,Credibility,LagGlobal,MAP
50Traced_NONETRACED_RFUNDER_SINGLE_LSA_53_MAX.csv,0.902409971925278,0.8438458333333333,2.2182539682539684,0.8948213597732895
