Technique,AUC,Credibility,LagGlobal,MAP
50Traced_NONETRACED_MAX_RAW_VSM_88_MEDIAN.csv,0.9206180488068243,0.7950439285714286,2.1904761904761907,0.9038499876982489
