Technique,AUC,Credibility,LagGlobal,MAP
50Traced_NONETRACED_RFSMOTE_SINGLE_VSM_36_MEDIAN.csv,0.8922868750674873,0.8104544047619048,2.1547619047619047,0.8313122313964034
