Technique,AUC,Credibility,LagGlobal,MAP
50Traced_NONETRACED_RFUNDER_RAW_LSA_68_MAX.csv,0.8980097991577582,0.8182777380952381,2.2182539682539684,0.8815928046771951
