Technique,AUC,Credibility,LagGlobal,MAP
50Traced_NONETRACED_RFNONE_MULTI_VSM_93_SUM.csv,0.9379960317460316,0.8355457301282637,2.011904761904762,0.9152094476301834
