Technique,AUC,Credibility,LagGlobal,MAP
50Traced_NONETRACED_RFUNDER_MULTI_VSM_67_SUM.csv,0.9040600367130979,0.822597492611888,2.2182539682539684,0.8480413163531465
