Technique,AUC,Credibility,LagGlobal,MAP
50Traced_NONETRACED_RFSMOTE_MULTI_VSM_3_SUM.csv,0.8648161645610626,0.7557162800484921,2.2182539682539684,0.7712632966937428
