Technique,AUC,Credibility,LagGlobal,MAP
50Traced_NONETRACED_RFSMOTE_RAW_LSA_16_SUM.csv,0.8266655868696684,0.7510013557566341,2.2936507936507935,0.7726514894216397
