Technique,AUC,Credibility,LagGlobal,MAP
50Traced_NONETRACED_MEDIAN_SINGLE_LSA_89_SUM.csv,0.7808855685131195,0.6699183475321755,2.2936507936507935,0.6863515211020931
