Technique,AUC,Credibility,LagGlobal,MAP
50Traced_NONETRACED_RFNONE_RAW_VSM_81_MEDIAN.csv,0.8718382194147501,0.8004019047619048,2.2182539682539684,0.8516716578767303
