Technique,AUC,Credibility,LagGlobal,MAP
50Traced_NONETRACED_MAX_RAW_VSM_57_SUM.csv,0.956099503293381,0.7701189311720775,2.0992063492063493,0.9363444351802732
