Technique,AUC,Credibility,LagGlobal,MAP
50Traced_NONETRACED_MAX_MULTI_LSA_45_MEDIAN.csv,0.968685887053234,0.7449732142857143,1.5158730158730158,0.9516613242798728
