Technique,AUC,Credibility,LagGlobal,MAP
50Traced_NONETRACED_RFNONE_SINGLE_VSM_80_MAX.csv,0.8491928517438723,0.7644466666666667,2.2936507936507935,0.8110388614237538
