Technique,AUC,Credibility,LagGlobal,MAP
50Traced_NONETRACED_MEDIAN_MULTI_VSM_98_SUM.csv,0.7845028884569701,0.6645117567453269,2.2936507936507935,0.6852259280544966
