Technique,AUC,Credibility,LagGlobal,MAP
50Traced_NONETRACED_MAX_RAW_LSA_20_MEDIAN.csv,0.9457165802829068,0.7867579761904762,2.0476190476190474,0.9326465673281643
