Technique,AUC,Credibility,LagGlobal,MAP
50Traced_NONETRACED_RFUNDER_MULTI_VSM_79_SUM.csv,0.9091080876795163,0.8248824757030131,2.2182539682539684,0.8470983281189626
