Technique,AUC,Credibility,LagGlobal,MAP
50Traced_NONETRACED_RFSMOTE_SINGLE_LSA_76_MAX.csv,0.8677721088435374,0.7676465476190476,2.2182539682539684,0.8002576866716756
