Technique,AUC,Credibility,LagGlobal,MAP
50Traced_NONETRACED_RFSMOTE_RAW_LSA_79_MAX.csv,0.8721216661267681,0.7909079761904761,2.1785714285714284,0.7883869307212621
