Technique,AUC,Credibility,LagGlobal,MAP
50Traced_NONETRACED_SUM_SINGLE_LSA_69_MAX.csv,0.9484531908001297,-0.22015119047619047,0.9087301587301587,0.8875214552268459
