Technique,AUC,Credibility,LagGlobal,MAP
50Traced_NONETRACED_MEDIAN_SINGLE_VSM_8_SUM.csv,0.7849618021811899,0.6702228726955272,2.2936507936507935,0.6772344238704846
