Technique,AUC,Credibility,LagGlobal,MAP
50Traced_NONETRACED_RFSMOTE_RAW_VSM_8_SUM.csv,0.8714063006154843,0.7883227462450111,2.2936507936507935,0.8321468456561917
