Technique,AUC,Credibility,LagGlobal,MAP
50Traced_NONETRACED_RFUNDER_RAW_LSA_64_SUM.csv,0.9078359518410538,0.8271674587941382,2.123015873015873,0.8930699992349632
