Technique,AUC,Credibility,LagGlobal,MAP
50Traced_NONETRACED_MEDIAN_SINGLE_LSA_2_SUM.csv,0.7822454378576829,0.6646341876004398,2.2936507936507935,0.6842630104593349
