Technique,AUC,Credibility,LagGlobal,MAP
50Traced_NONETRACED_RFSMOTE_SINGLE_VSM_92_MAX.csv,0.856680569053018,0.7540975,2.2182539682539684,0.7460280977491286
