Technique,AUC,Credibility,LagGlobal,MAP
50Traced_NONETRACED_RFSMOTE_MULTI_VSM_87_MEDIAN.csv,0.8623866213151928,0.7827576190476191,2.1825396825396823,0.7717323550029154
