Technique,AUC,Credibility,LagGlobal,MAP
50Traced_NONETRACED_RFNONE_MULTI_VSM_1_SUM.csv,0.9033716661267681,0.7967010175791366,2.2182539682539684,0.8335101957474538
