Technique,AUC,Credibility,LagGlobal,MAP
50Traced_NONETRACED_MAX_SINGLE_LSA_46_SUM.csv,0.9713347640643559,0.7478813338288897,1.123015873015873,0.9516674522518347
