Technique,AUC,Credibility,LagGlobal,MAP
50Traced_NONETRACED_RFSMOTE_RAW_VSM_90_SUM.csv,0.8668509070294784,0.7875610852146361,2.1547619047619047,0.8281657968769255
