Technique,AUC,Credibility,LagGlobal,MAP
50Traced_NONETRACED_RFNONE_RAW_VSM_5_SUM.csv,0.8672693283662672,0.7936543734576365,2.2936507936507935,0.843843032148954
