Technique,AUC,Credibility,LagGlobal,MAP
50Traced_NONETRACED_RFUNDER_SINGLE_VSM_93_SUM.csv,0.9122799913616241,0.8332607470371386,2.2182539682539684,0.900380504159672
