Technique,AUC,Credibility,LagGlobal,MAP
50Traced_NONETRACED_RFUNDER_MULTI_VSM_57_MEDIAN.csv,0.9052073210236476,0.8264830952380953,2.123015873015873,0.7933346844564771
