Technique,AUC,Credibility,LagGlobal,MAP
50Traced_NONETRACED_RFSMOTE_MULTI_LSA_77_SUM.csv,0.8797781017168771,0.8077154608424956,2.1825396825396823,0.8325228266475342
