Technique,AUC,Credibility,LagGlobal,MAP
50Traced_NONETRACED_MAX_SINGLE_VSM_40_SUM.csv,0.9630034553503941,0.7374377479328968,1.0833333333333333,0.938695476681975
