Technique,AUC,Credibility,LagGlobal,MAP
50Traced_NONETRACED_SUM_SINGLE_VSM_68_SUM.csv,0.9487771298995789,0.7475128219526804,1.7142857142857142,0.8972307465771776
