Technique,AUC,Credibility,LagGlobal,MAP
50Traced_NONETRACED_RFUNDER_RAW_LSA_88_MAX.csv,0.8675426519814274,0.7951641666666667,2.2182539682539684,0.8432833746291688
