Technique,AUC,Credibility,LagGlobal,MAP
50Traced_NONETRACED_RFSMOTE_RAW_LSA_33_MAX.csv,0.8569808875931324,0.7806410714285714,2.2182539682539684,0.7928134397768556
