Technique,AUC,Credibility,LagGlobal,MAP
50Traced_NONETRACED_SUM_RAW_LSA_23_SUM.csv,0.9525732912212503,0.7395935520346525,2.0634920634920637,0.9233716269141916
