Technique,AUC,Credibility,LagGlobal,MAP
50Traced_NONETRACED_SUM_SINGLE_LSA_97_SUM.csv,0.9559037900874635,0.7499929819232751,1.7817460317460319,0.920479412712568
