Technique,AUC,Credibility,LagGlobal,MAP
50Traced_NONETRACED_MAX_SINGLE_VSM_17_SUM.csv,0.9674542436022029,0.7255675246591441,1.2619047619047619,0.9467581862435472
