Technique,AUC,Credibility,LagGlobal,MAP
50Traced_NONETRACED_RFSMOTE_RAW_VSM_34_SUM.csv,0.8755432728647015,0.7989860006702617,2.2936507936507935,0.8562484100693318
