Technique,AUC,Credibility,LagGlobal,MAP
50Traced_NONETRACED_SUM_MULTI_LSA_83_SUM.csv,0.9483789547565058,0.7295359745697008,1.503968253968254,0.9107215258720267
