Technique,AUC,Credibility,LagGlobal,MAP
50Traced_NONETRACED_RFNONE_MULTI_LSA_25_MAX.csv,0.9167948925601987,0.8423446428571428,2.123015873015873,0.8451694787814747
