Technique,AUC,Credibility,LagGlobal,MAP
50Traced_NONETRACED_RFSMOTE_MULTI_VSM_96_SUM.csv,0.8939943040708347,0.7960882028289894,2.2182539682539684,0.8284196925880831
