Technique,AUC,Credibility,LagGlobal,MAP
50Traced_NONETRACED_MEDIAN_RAW_LSA_34_SUM.csv,0.7808417017600692,0.6639237423364407,2.2936507936507935,0.6817977018945547
