Technique,AUC,Credibility,LagGlobal,MAP
50Traced_NONETRACED_RFSMOTE_RAW_VSM_84_MAX.csv,0.8653121963070943,0.7981579761904762,2.2182539682539684,0.7979189727320556
