Technique,AUC,Credibility,LagGlobal,MAP
50Traced_NONETRACED_MAX_MULTI_LSA_10_SUM.csv,0.959659459021704,0.7431943969935088,1.5992063492063493,0.9390159915631295
