Technique,AUC,Credibility,LagGlobal,MAP
50Traced_NONETRACED_RFNONE_SINGLE_LSA_43_MAX.csv,0.90125593888349,0.8260595238095239,2.2182539682539684,0.8851198630878413
