Technique,AUC,Credibility,LagGlobal,MAP
50Traced_NONETRACED_MAX_RAW_LSA_88_SUM.csv,0.9266716607277832,0.7714509464558581,2.115079365079365,0.9108187432957413
