Technique,AUC,Credibility,LagGlobal,MAP
50Traced_NONETRACED_MAX_RAW_LSA_73_SUM.csv,0.9422274862325882,0.7654545382706683,2.3015873015873014,0.9239376250804289
