Technique,AUC,Credibility,LagGlobal,MAP
50Traced_NONETRACED_RFSMOTE_RAW_VSM_27_MAX.csv,0.8705863297700033,0.785972380952381,2.1825396825396823,0.7718775385537591
