Technique,AUC,Credibility,LagGlobal,MAP
50Traced_NONETRACED_MAX_MULTI_VSM_88_SUM.csv,0.9452137998056365,0.7432501789826048,2.1904761904761907,0.9294290230896848
