Technique,AUC,Credibility,LagGlobal,MAP
50Traced_NONETRACED_RFSMOTE_MULTI_LSA_48_MAX.csv,0.804614107547781,0.7105661904761905,2.2301587301587302,0.6459002608807141
