Technique,AUC,Credibility,LagGlobal,MAP
50Traced_NONETRACED_RFSMOTE_MULTI_LSA_44_MEDIAN.csv,0.8413609491415612,0.7526516666666667,2.2261904761904763,0.7194611840593382
