Technique,AUC,Credibility,LagGlobal,MAP
50Traced_NONETRACED_MAX_SINGLE_VSM_99_SUM.csv,0.9648728539034661,0.7321077795396665,1.0436507936507937,0.9429570765155131
