Technique,AUC,Credibility,LagGlobal,MAP
50Traced_NONETRACED_MAX_MULTI_VSM_63_MAX.csv,0.9706463934780261,0.754099880952381,1.996031746031746,0.9629659034405906
