Technique,AUC,Credibility,LagGlobal,MAP
50Traced_NONETRACED_MAX_RAW_LSA_49_SUM.csv,0.9513112784796458,0.7627366524729774,1.4444444444444444,0.9192604673782492
