Technique,AUC,Credibility,LagGlobal,MAP
50Traced_NONETRACED_MAX_MULTI_LSA_13_SUM.csv,0.9654329985962637,0.755015387670009,1.8095238095238095,0.9557660434115516
