Technique,AUC,Credibility,LagGlobal,MAP
50Traced_NONETRACED_RFNONE_SINGLE_VSM_3_SUM.csv,0.8806959291653169,0.8123663640478981,2.1547619047619047,0.8608868658548439
