Technique,AUC,Credibility,LagGlobal,MAP
50Traced_NONETRACED_SUM_MULTI_LSA_7_MEDIAN.csv,0.9597438181621856,-0.18697666666666668,2.2222222222222223,0.9263449402955864
