Technique,AUC,Credibility,LagGlobal,MAP
50Traced_NONETRACED_SUM_SINGLE_LSA_66_MEDIAN.csv,0.9644578069322967,-0.2221107142857143,0.7777777777777778,0.9186346691446239
