Technique,AUC,Credibility,LagGlobal,MAP
50Traced_NONETRACED_MEDIAN_RAW_VSM_65_SUM.csv,0.780072346398877,0.6639397044683973,2.2936507936507935,0.6825533953427161
