Technique,AUC,Credibility,LagGlobal,MAP
50Traced_NONETRACED_SUM_RAW_LSA_79_MAX.csv,0.9555393586005831,0.5115096428571428,2.0873015873015874,0.9335525066102701
