Technique,AUC,Credibility,LagGlobal,MAP
50Traced_NONETRACED_RFSMOTE_RAW_VSM_51_SUM.csv,0.8708765252132599,0.789478630787495,2.2936507936507935,0.8424154710658754
