Technique,AUC,Credibility,LagGlobal,MAP
50Traced_NONETRACED_RFNONE_SINGLE_VSM_66_SUM.csv,0.913521757909513,0.821835831581513,2.1547619047619047,0.8995031980153512
