Technique,AUC,Credibility,LagGlobal,MAP
50Traced_NONETRACED_RFUNDER_SINGLE_VSM_93_MAX.csv,0.9119155598747435,0.8423859523809524,2.2182539682539684,0.8960260180172523
