Technique,AUC,Credibility,LagGlobal,MAP
50Traced_NONETRACED_MEDIAN_SINGLE_LSA_50_SUM.csv,0.7848538224813735,0.6654975471538527,2.2936507936507935,0.6901905058625614
