Technique,AUC,Credibility,LagGlobal,MAP
50Traced_NONETRACED_RFSMOTE_MULTI_LSA_22_SUM.csv,0.865129980563654,0.7837527800627608,2.2182539682539684,0.8155523129179691
