Technique,AUC,Credibility,LagGlobal,MAP
50Traced_NONETRACED_SUM_MULTI_LSA_14_SUM.csv,0.9347937587733506,0.7392795700101007,1.9523809523809523,0.8885814450510088
