Technique,AUC,Credibility,LagGlobal,MAP
50Traced_NONETRACED_RFUNDER_SINGLE_VSM_36_SUM.csv,0.8990828474246841,0.8309757639460135,2.2182539682539684,0.8887423206848413
