Technique,AUC,Credibility,LagGlobal,MAP
50Traced_NONETRACED_SUM_RAW_VSM_79_SUM.csv,0.9608742306446387,0.7436676945218174,1.1706349206349207,0.9299801119672269
