Technique,AUC,Credibility,LagGlobal,MAP
50Traced_NONETRACED_MAX_SINGLE_VSM_63_MAX.csv,0.9840055069646907,0.7522541666666667,1.0873015873015872,0.9716832861012249
