Technique,AUC,Credibility,LagGlobal,MAP
50Traced_NONETRACED_MAX_MULTI_VSM_31_MAX.csv,0.9573480185725085,0.7521840476190477,2.1666666666666665,0.9505224094431662
