Technique,AUC,Credibility,LagGlobal,MAP
50Traced_NONETRACED_MAX_RAW_LSA_85_SUM.csv,0.9470697008962315,0.7629809772879403,2.0992063492063493,0.9244194124689903
