Technique,AUC,Credibility,LagGlobal,MAP
50Traced_NONETRACED_RFUNDER_RAW_VSM_79_SUM.csv,0.8753813033149768,0.8066026109740121,2.2182539682539684,0.8513987223000157
