Technique,AUC,Credibility,LagGlobal,MAP
50Traced_NONETRACED_RFSMOTE_SINGLE_LSA_10_SUM.csv,0.8386715797430083,0.7352584832356441,2.2936507936507935,0.7562667314790887
