Technique,AUC,Credibility,LagGlobal,MAP
50Traced_NONETRACED_MEDIAN_MULTI_VSM_82_SUM.csv,0.7842363135730483,0.663736995686374,2.3015873015873014,0.6870099888046513
