Technique,AUC,Credibility,LagGlobal,MAP
50Traced_NONETRACED_RFNONE_MULTI_LSA_53_SUM.csv,0.8652042166072779,0.7624262712122597,2.0396825396825395,0.7890061492984376
