Technique,AUC,Credibility,LagGlobal,MAP
50Traced_NONETRACED_MEDIAN_SINGLE_VSM_77_SUM.csv,0.778830579850988,0.6641947898164594,2.2936507936507935,0.6826034261815489
