Technique,AUC,Credibility,LagGlobal,MAP
50Traced_NONETRACED_RFNONE_SINGLE_VSM_95_SUM.csv,0.9107277831767626,0.8088875940651372,2.2182539682539684,0.8922380672572833
