Technique,AUC,Credibility,LagGlobal,MAP
50Traced_NONETRACED_RFNONE_MULTI_LSA_82_SUM.csv,0.903574128063924,0.8271674587941382,2.2182539682539684,0.8608729557170388
