Technique,AUC,Credibility,LagGlobal,MAP
50Traced_NONETRACED_MAX_MULTI_LSA_55_MAX.csv,0.96155585249973,0.7512836904761905,2.138888888888889,0.9498369215083184
