Technique,AUC,Credibility,LagGlobal,MAP
50Traced_NONETRACED_MEDIAN_MULTI_VSM_59_MAX.csv,0.778074721952273,0.67576,2.2936507936507935,0.6794316062730256
