Technique,AUC,Credibility,LagGlobal,MAP
50Traced_NONETRACED_MAX_RAW_LSA_51_SUM.csv,0.9438674279235502,0.7683497997917709,1.9484126984126984,0.929484921138656
