Technique,AUC,Credibility,LagGlobal,MAP
50Traced_NONETRACED_RFNONE_MULTI_VSM_75_MAX.csv,0.894048293920743,0.8174965476190477,2.2182539682539684,0.8738141962911319
