Technique,AUC,Credibility,LagGlobal,MAP
50Traced_NONETRACED_RFUNDER_SINGLE_LSA_40_MEDIAN.csv,0.9091519544325667,0.8428713095238095,2.2182539682539684,0.8828927060422881
