Technique,AUC,Credibility,LagGlobal,MAP
50Traced_NONETRACED_RFNONE_MULTI_LSA_73_MEDIAN.csv,0.9167712720008638,0.8424145238095239,2.0476190476190474,0.895000528931632
