Technique,AUC,Credibility,LagGlobal,MAP
50Traced_NONETRACED_RFSMOTE_MULTI_VSM_69_MEDIAN.csv,0.8240976946334089,0.7278002380952381,2.2222222222222223,0.6949636995787053
