Technique,AUC,Credibility,LagGlobal,MAP
50Traced_NONETRACED_RFUNDER_MULTI_VSM_60_MEDIAN.csv,0.9304880682431702,0.8504710714285715,2.123015873015873,0.8661512771847555
