Technique,AUC,Credibility,LagGlobal,MAP
50Traced_NONETRACED_MEDIAN_SINGLE_LSA_54_SUM.csv,0.781148769031422,0.6676431881010786,2.2976190476190474,0.6857851869330767
