Technique,AUC,Credibility,LagGlobal,MAP
50Traced_NONETRACED_MAX_SINGLE_LSA_52_SUM.csv,0.9801992225461613,0.7315449249454841,0.8690476190476191,0.9634455181626863
