Technique,AUC,Credibility,LagGlobal,MAP
50Traced_NONETRACED_RFUNDER_SINGLE_VSM_29_SUM.csv,0.9073939099449304,0.8332607470371386,2.2182539682539684,0.897049541008512
