Technique,AUC,Credibility,LagGlobal,MAP
50Traced_NONETRACED_RFUNDER_MULTI_LSA_60_SUM.csv,0.9285579311089516,0.8195508484903878,2.0515873015873014,0.8468305356469656
