Technique,AUC,Credibility,LagGlobal,MAP
50Traced_NONETRACED_MAX_MULTI_LSA_6_SUM.csv,0.9584311899362918,0.752239653715522,2.1666666666666665,0.9463528731937981
