Technique,AUC,Credibility,LagGlobal,MAP
50Traced_NONETRACED_RFNONE_RAW_LSA_16_MEDIAN.csv,0.8701172929489256,0.7950346428571429,2.2936507936507935,0.8489805301804415
