Technique,AUC,Credibility,LagGlobal,MAP
50Traced_NONETRACED_RFNONE_SINGLE_LSA_41_SUM.csv,0.8447960533419718,0.7936543734576365,2.2936507936507935,0.8202498679102539
