Technique,AUC,Credibility,LagGlobal,MAP
50Traced_NONETRACED_SUM_SINGLE_VSM_62_MEDIAN.csv,0.9644476838354391,-0.24605869047619047,0.9484126984126984,0.920286394556676
