Technique,AUC,Credibility,LagGlobal,MAP
50Traced_NONETRACED_SUM_RAW_VSM_85_SUM.csv,0.9326307904114026,0.7451606282851677,2.3253968253968256,0.9071171105497253
