Technique,AUC,Credibility,LagGlobal,MAP
50Traced_NONETRACED_SUM_MULTI_VSM_75_SUM.csv,0.9336296026347046,0.7231635600361425,2.138888888888889,0.8789446872098345
