Technique,AUC,Credibility,LagGlobal,MAP
50Traced_NONETRACED_RFSMOTE_SINGLE_VSM_73_MAX.csv,0.8581349206349207,0.7666784523809523,2.2182539682539684,0.7530229545116118
