Technique,AUC,Credibility,LagGlobal,MAP
50Traced_NONETRACED_SUM_SINGLE_LSA_90_MAX.csv,0.9575572292409027,-0.32729238095238095,1.6111111111111112,0.9107646924102933
