Technique,AUC,Credibility,LagGlobal,MAP
50Traced_NONETRACED_SUM_SINGLE_VSM_74_SUM.csv,0.9621902332361516,0.7369210882986086,1.0873015873015872,0.9211191459612081
