Technique,AUC,Credibility,LagGlobal,MAP
50Traced_NONETRACED_SUM_MULTI_LSA_52_MAX.csv,0.9397945686210992,-0.13484357142857142,1.3373015873015872,0.8918466696154069
