Technique,AUC,Credibility,LagGlobal,MAP
50Traced_NONETRACED_SUM_MULTI_LSA_15_MAX.csv,0.9261081416693663,-0.2731777380952381,2.1666666666666665,0.891045443536682
