Technique,AUC,Credibility,LagGlobal,MAP
50Traced_NONETRACED_MAX_MULTI_VSM_88_MAX.csv,0.9523809523809524,0.7468857142857143,2.126984126984127,0.9382055164496182
