Technique,AUC,Credibility,LagGlobal,MAP
50Traced_NONETRACED_SUM_MULTI_LSA_2_MAX.csv,0.9160896501457727,-0.14528654761904763,2.1626984126984126,0.8620266788120547
