Technique,AUC,Credibility,LagGlobal,MAP
50Traced_NONETRACED_RFUNDER_RAW_LSA_82_SUM.csv,0.9089899848828421,0.8271674587941382,2.2936507936507935,0.902956424036672
