Technique,AUC,Credibility,LagGlobal,MAP
50Traced_NONETRACED_SUM_MULTI_LSA_81_MAX.csv,0.9373346560846562,-0.18731071428571427,1.8571428571428572,0.8965452808000074
