Technique,AUC,Credibility,LagGlobal,MAP
50Traced_NONETRACED_MAX_SINGLE_LSA_35_MAX.csv,0.9811845373069863,0.7482920238095239,1.0277777777777777,0.9650909748263911
