Technique,AUC,Credibility,LagGlobal,MAP
50Traced_NONETRACED_RFNONE_RAW_LSA_68_MEDIAN.csv,0.8772743224273836,0.8069239285714286,2.2182539682539684,0.8584295322198141
