Technique,AUC,Credibility,LagGlobal,MAP
50Traced_NONETRACED_RFSMOTE_SINGLE_LSA_24_MAX.csv,0.8798860814166937,0.7642544047619048,2.2182539682539684,0.8293539208355879
