Technique,AUC,Credibility,LagGlobal,MAP
50Traced_NONETRACED_MEDIAN_MULTI_LSA_23_MEDIAN.csv,0.7782265684051398,0.6757934523809523,2.2936507936507935,0.6795082511696429
