Technique,AUC,Credibility,LagGlobal,MAP
50Traced_NONETRACED_SUM_RAW_VSM_1_MEDIAN.csv,0.9323777129899578,0.49840238095238093,1.9801587301587302,0.8941918850815992
