Technique,AUC,Credibility,LagGlobal,MAP
50Traced_NONETRACED_MAX_MULTI_LSA_73_MEDIAN.csv,0.9773445092322643,0.7545325,1.123015873015873,0.9618402183293417
