Technique,AUC,Credibility,LagGlobal,MAP
50Traced_NONETRACED_MAX_RAW_LSA_57_SUM.csv,0.9464083252348559,0.7588098478115974,2.3055555555555554,0.9251184850070155
