Technique,AUC,Credibility,LagGlobal,MAP
50Traced_NONETRACED_RFNONE_SINGLE_LSA_79_SUM.csv,0.8940145502645503,0.821835831581513,2.2182539682539684,0.8807437022989641
