Technique,AUC,Credibility,LagGlobal,MAP
50Traced_NONETRACED_MAX_SINGLE_VSM_44_SUM.csv,0.9684226865349314,0.7387583030830119,1.4484126984126984,0.94625477331202
