Technique,AUC,Credibility,LagGlobal,MAP
50Traced_NONETRACED_RFNONE_RAW_LSA_33_MAX.csv,0.9261216391318432,0.8312316666666667,2.0476190476190474,0.9024698356614246
