Technique,AUC,Credibility,LagGlobal,MAP
50Traced_NONETRACED_MAX_SINGLE_VSM_61_MEDIAN.csv,0.9821023647554259,0.7485177380952381,0.9682539682539683,0.9666289322012857
