Technique,AUC,Credibility,LagGlobal,MAP
50Traced_NONETRACED_RFSMOTE_SINGLE_VSM_23_SUM.csv,0.8933228053126012,0.7928927124272613,2.2222222222222223,0.855863752385881
