Technique,AUC,Credibility,LagGlobal,MAP
50Traced_NONETRACED_MEDIAN_RAW_LSA_5_SUM.csv,0.7809598045567434,0.6642267172355668,2.2936507936507935,0.685075066078019
