Technique,AUC,Credibility,LagGlobal,MAP
50Traced_NONETRACED_RFUNDER_SINGLE_VSM_76_SUM.csv,0.9272790465392505,0.8431623404320141,2.2182539682539684,0.9186303410668414
