Technique,AUC,Credibility,LagGlobal,MAP
50Traced_NONETRACED_RFNONE_RAW_VSM_36_MAX.csv,0.9001525213259907,0.8099061904761905,2.2182539682539684,0.8796158348240878
