Technique,AUC,Credibility,LagGlobal,MAP
50Traced_NONETRACED_RFNONE_RAW_VSM_33_MAX.csv,0.8583913724219847,0.7966780952380952,2.2936507936507935,0.8319588212712234
