Technique,AUC,Credibility,LagGlobal,MAP
50Traced_NONETRACED_MEDIAN_MULTI_LSA_82_SUM.csv,0.7854274646366484,0.6663190391609575,2.2936507936507935,0.6933628993207899
