Technique,AUC,Credibility,LagGlobal,MAP
50Traced_NONETRACED_MAX_RAW_LSA_47_MEDIAN.csv,0.9615491037684916,0.7974729761904762,2.0873015873015874,0.9509298604182754
