Technique,AUC,Credibility,LagGlobal,MAP
50Traced_NONETRACED_MAX_SINGLE_VSM_31_SUM.csv,0.9686555177626607,0.7248105269486849,0.8095238095238095,0.9436884043977958
