Technique,AUC,Credibility,LagGlobal,MAP
50Traced_NONETRACED_MAX_MULTI_VSM_90_SUM.csv,0.9628009934132382,0.7514805950073189,1.6785714285714286,0.9418777337519796
