Technique,AUC,Credibility,LagGlobal,MAP
50Traced_NONETRACED_RFSMOTE_RAW_LSA_27_SUM.csv,0.8655484019004428,0.782135493212782,2.2222222222222223,0.8345536685826881
