Technique,AUC,Credibility,LagGlobal,MAP
50Traced_NONETRACED_SUM_RAW_VSM_47_MAX.csv,0.9545675413022352,0.4145402380952381,1.1587301587301588,0.9194506072710047
