Technique,AUC,Credibility,LagGlobal,MAP
50Traced_NONETRACED_RFSMOTE_MULTI_LSA_1_SUM.csv,0.8646406975488607,0.7454339315060793,2.2936507936507935,0.7228187825746492
