Technique,AUC,Credibility,LagGlobal,MAP
50Traced_NONETRACED_RFSMOTE_RAW_VSM_11_SUM.csv,0.8389550264550265,0.7609239404176411,2.2936507936507935,0.7907161339512457
