Technique,AUC,Credibility,LagGlobal,MAP
50Traced_NONETRACED_RFUNDER_SINGLE_LSA_14_MAX.csv,0.9033277993737177,0.8145257142857143,2.2182539682539684,0.8649261512275696
