Technique,AUC,Credibility,LagGlobal,MAP
50Traced_NONETRACED_SUM_SINGLE_LSA_53_SUM.csv,0.9552795324478999,0.7449578169522085,1.1944444444444444,0.9146825369362964
