Technique,AUC,Credibility,LagGlobal,MAP
50Traced_NONETRACED_SUM_SINGLE_VSM_89_SUM.csv,0.9556642101284958,0.7503606389299481,1.0912698412698412,0.9139810186917581
