Technique,AUC,Credibility,LagGlobal,MAP
50Traced_NONETRACED_RFSMOTE_SINGLE_VSM_13_SUM.csv,0.8991975758557391,0.7837527800627608,2.1547619047619047,0.8587054030412079
