Technique,AUC,Credibility,LagGlobal,MAP
50Traced_NONETRACED_SUM_SINGLE_LSA_73_MAX.csv,0.9365686750890833,-0.2647059523809524,1.8293650793650793,0.8846600431093642
