Technique,AUC,Credibility,LagGlobal,MAP
50Traced_NONETRACED_RFUNDER_SINGLE_LSA_41_SUM.csv,0.9260136594320267,0.8385923742497639,2.2182539682539684,0.9142822732851201
