Technique,AUC,Credibility,LagGlobal,MAP
50Traced_NONETRACED_MAX_RAW_LSA_86_MEDIAN.csv,0.9579216607277832,0.7965319047619047,1.996031746031746,0.9396658252211118
