Technique,AUC,Credibility,LagGlobal,MAP
50Traced_NONETRACED_RFSMOTE_SINGLE_LSA_3_SUM.csv,0.8025085034013605,0.7142927086598779,2.2936507936507935,0.7085416888767557
