Technique,AUC,Credibility,LagGlobal,MAP
50Traced_NONETRACED_SUM_MULTI_VSM_71_SUM.csv,0.9468773620559335,0.7304798593188604,1.4126984126984128,0.9094682643624747
