Technique,AUC,Credibility,LagGlobal,MAP
50Traced_NONETRACED_RFSMOTE_MULTI_VSM_84_SUM.csv,0.9204392074290033,0.822597492611888,2.0476190476190474,0.8965179373419937
