Technique,AUC,Credibility,LagGlobal,MAP
50Traced_NONETRACED_RFSMOTE_RAW_LSA_37_SUM.csv,0.8741024187452758,0.7928927124272613,2.1547619047619047,0.8487232277375191
