Technique,AUC,Credibility,LagGlobal,MAP
50Traced_NONETRACED_SUM_SINGLE_LSA_54_MEDIAN.csv,0.9747428733398121,-0.24656309523809525,0.9325396825396826,0.936960077152688
