Technique,AUC,Credibility,LagGlobal,MAP
50Traced_NONETRACED_RFUNDER_RAW_VSM_21_SUM.csv,0.9252139347802614,0.8256441367333882,2.2182539682539684,0.9041712660705933
