Technique,AUC,Credibility,LagGlobal,MAP
50Traced_NONETRACED_MAX_SINGLE_LSA_92_SUM.csv,0.9774963556851312,0.7397888811491006,0.7142857142857143,0.9595245460236514
