Technique,AUC,Credibility,LagGlobal,MAP
50Traced_NONETRACED_RFNONE_SINGLE_LSA_59_SUM.csv,0.8880520462153115,0.8126958992170125,2.2936507936507935,0.8689114068779832
