Technique,AUC,Credibility,LagGlobal,MAP
50Traced_NONETRACED_MEDIAN_MULTI_LSA_5_MAX.csv,0.77808821941475,0.6757614285714286,2.2936507936507935,0.6794443140454097
