Technique,AUC,Credibility,LagGlobal,MAP
50Traced_NONETRACED_SUM_MULTI_VSM_43_MAX.csv,0.9239350502105603,-0.19335880952380952,1.5238095238095237,0.8843321780323146
