Technique,AUC,Credibility,LagGlobal,MAP
50Traced_NONETRACED_MEDIAN_MULTI_VSM_81_SUM.csv,0.7879548644854767,0.6704847313602443,2.2936507936507935,0.6906376858466177
