Technique,AUC,Credibility,LagGlobal,MAP
50Traced_NONETRACED_RFSMOTE_RAW_LSA_40_SUM.csv,0.8962112622826908,0.8108160629794307,2.1547619047619047,0.8741985505115231
