Technique,AUC,Credibility,LagGlobal,MAP
50Traced_NONETRACED_RFUNDER_RAW_VSM_52_MEDIAN.csv,0.8746861839974085,0.8030513095238095,2.2936507936507935,0.8553267023948335
