Technique,AUC,Credibility,LagGlobal,MAP
50Traced_NONETRACED_SUM_RAW_VSM_56_SUM.csv,0.935424765144153,0.7313438445806879,1.7341269841269842,0.8969326214960613
