Technique,AUC,Credibility,LagGlobal,MAP
50Traced_NONETRACED_MAX_RAW_VSM_35_SUM.csv,0.9443870802289169,0.7637514430251439,1.8888888888888888,0.9228424018258781
