Technique,AUC,Credibility,LagGlobal,MAP
50Traced_NONETRACED_MEDIAN_MULTI_LSA_69_SUM.csv,0.7892809901738473,0.6664172335600907,2.2936507936507935,0.695817166708079
