Technique,AUC,Credibility,LagGlobal,MAP
50Traced_NONETRACED_SUM_MULTI_VSM_82_MAX.csv,0.9220150361731994,-0.26067833333333335,1.6904761904761905,0.8736785899961713
