Technique,AUC,Credibility,LagGlobal,MAP
50Traced_NONETRACED_MEDIAN_MULTI_LSA_26_SUM.csv,0.7915654356980887,0.6677755574999409,2.2936507936507935,0.6973793946941943
