Technique,AUC,Credibility,LagGlobal,MAP
50Traced_NONETRACED_RFSMOTE_MULTI_LSA_63_MEDIAN.csv,0.888429975164669,0.8199283333333334,2.2182539682539684,0.8550340586094408
