Technique,AUC,Credibility,LagGlobal,MAP
50Traced_NONETRACED_RFNONE_MULTI_LSA_45_SUM.csv,0.8882983749055177,0.8088875940651372,2.2936507936507935,0.8695712263316595
