Technique,AUC,Credibility,LagGlobal,MAP
50Traced_NONETRACED_RFNONE_MULTI_VSM_17_SUM.csv,0.8629433916423712,0.7989860006702617,2.2936507936507935,0.7977856247096596
