Technique,AUC,Credibility,LagGlobal,MAP
50Traced_NONETRACED_MAX_MULTI_LSA_62_MEDIAN.csv,0.9389880952380953,0.7406328571428571,2.238095238095238,0.9233082706455702
