Technique,AUC,Credibility,LagGlobal,MAP
50Traced_NONETRACED_MAX_SINGLE_VSM_58_SUM.csv,0.9751849152359358,0.737945428919822,1.3650793650793651,0.9602167794529042
