Technique,AUC,Credibility,LagGlobal,MAP
50Traced_NONETRACED_RFUNDER_MULTI_LSA_63_SUM.csv,0.9251734423928302,0.8157425433385126,2.0317460317460316,0.8613292683810582
