Technique,AUC,Credibility,LagGlobal,MAP
50Traced_NONETRACED_RFNONE_SINGLE_LSA_39_MAX.csv,0.8943351149983804,0.8212036904761905,2.2936507936507935,0.8775489339669914
