Technique,AUC,Credibility,LagGlobal,MAP
50Traced_NONETRACED_SUM_MULTI_VSM_76_SUM.csv,0.9244142101284958,0.72785377762216,1.7658730158730158,0.8643666087205559
