Technique,AUC,Credibility,LagGlobal,MAP
50Traced_NONETRACED_SUM_SINGLE_LSA_20_MEDIAN.csv,0.9581342457617968,-0.2590104761904762,0.9682539682539683,0.9071350004479595
