Technique,AUC,Credibility,LagGlobal,MAP
50Traced_NONETRACED_RFSMOTE_SINGLE_VSM_93_SUM.csv,0.8631121099233344,0.7643070309254058,2.2182539682539684,0.8180653804488087
