Technique,AUC,Credibility,LagGlobal,MAP
50Traced_NONETRACED_RFNONE_RAW_LSA_61_SUM.csv,0.8866449357520786,0.7906077293361362,2.2182539682539684,0.8609851206722423
