Technique,AUC,Credibility,LagGlobal,MAP
50Traced_NONETRACED_MEDIAN_MULTI_LSA_55_MEDIAN.csv,0.7782299427707591,0.675785238095238,2.2936507936507935,0.6795087730844585
