Technique,AUC,Credibility,LagGlobal,MAP
50Traced_NONETRACED_MAX_MULTI_VSM_83_SUM.csv,0.9459426627793974,0.7487508198871835,2.123015873015873,0.9250337570011778
