Technique,AUC,Credibility,LagGlobal,MAP
50Traced_NONETRACED_RFSMOTE_SINGLE_VSM_27_SUM.csv,0.9313215365511285,0.821074170551138,2.2182539682539684,0.9149354823784304
