Technique,AUC,Credibility,LagGlobal,MAP
50Traced_NONETRACED_MAX_SINGLE_VSM_1_SUM.csv,0.9746348936399957,0.7406970026670775,1.253968253968254,0.9582072319885881
