Technique,AUC,Credibility,LagGlobal,MAP
50Traced_NONETRACED_MEDIAN_SINGLE_VSM_48_SUM.csv,0.7899322427383653,0.6656903916095745,2.2936507936507935,0.6912419405800203
