Technique,AUC,Credibility,LagGlobal,MAP
50Traced_NONETRACED_SUM_RAW_LSA_75_MEDIAN.csv,0.9658952866861031,0.4647682142857143,1.9801587301587302,0.9509749218039114
