Technique,AUC,Credibility,LagGlobal,MAP
50Traced_NONETRACED_RFNONE_SINGLE_VSM_94_SUM.csv,0.9028520138214016,0.7852805180704203,2.2182539682539684,0.8756135924434432
