Technique,AUC,Credibility,LagGlobal,MAP
50Traced_NONETRACED_RFUNDER_SINGLE_LSA_86_MAX.csv,0.9003752294568621,0.830615,2.2182539682539684,0.8766003282994086
