Technique,AUC,Credibility,LagGlobal,MAP
50Traced_NONETRACED_RFUNDER_SINGLE_LSA_29_MAX.csv,0.9027305366591081,0.8404767857142857,2.2182539682539684,0.878039219733813
