Technique,AUC,Credibility,LagGlobal,MAP
50Traced_NONETRACED_RFNONE_SINGLE_VSM_38_MEDIAN.csv,0.8752125850340137,0.8124154761904762,2.2182539682539684,0.8554242997973919
