Technique,AUC,Credibility,LagGlobal,MAP
50Traced_NONETRACED_MAX_SINGLE_LSA_90_MEDIAN.csv,0.9828987150415722,0.7473157142857143,1.0992063492063493,0.9701805979579264
