Technique,AUC,Credibility,LagGlobal,MAP
50Traced_NONETRACED_RFSMOTE_RAW_LSA_38_SUM.csv,0.8389988932080767,0.7503805646036916,2.2222222222222223,0.7721268083614423
