Technique,AUC,Credibility,LagGlobal,MAP
50Traced_NONETRACED_RFNONE_MULTI_LSA_60_MAX.csv,0.8996328690206241,0.8323127380952381,2.2182539682539684,0.8730613772237563
