Technique,AUC,Credibility,LagGlobal,MAP
50Traced_NONETRACED_SUM_MULTI_VSM_57_MEDIAN.csv,0.9226190476190477,-0.1972482142857143,1.4682539682539681,0.8770934215781049
