Technique,AUC,Credibility,LagGlobal,MAP
50Traced_NONETRACED_MEDIAN_SINGLE_LSA_51_SUM.csv,0.7778553881870209,0.6635640277425358,2.2936507936507935,0.680109208426031
