Technique,AUC,Credibility,LagGlobal,MAP
50Traced_NONETRACED_SUM_RAW_VSM_96_MEDIAN.csv,0.9460607655760718,0.4118404761904762,1.9722222222222223,0.918063540884885
