Technique,AUC,Credibility,LagGlobal,MAP
50Traced_NONETRACED_RFSMOTE_RAW_LSA_32_SUM.csv,0.8955060198682647,0.8022894071028593,2.1547619047619047,0.8635562619655364
