Technique,AUC,Credibility,LagGlobal,MAP
50Traced_NONETRACED_RFUNDER_MULTI_LSA_51_SUM.csv,0.8869081362703812,0.7959393565487616,2.2936507936507935,0.8006618881640138
