Technique,AUC,Credibility,LagGlobal,MAP
50Traced_NONETRACED_SUM_SINGLE_LSA_17_SUM.csv,0.9462868480725624,0.7437186425627992,1.2976190476190477,0.8971277165973359
