Technique,AUC,Credibility,LagGlobal,MAP
50Traced_NONETRACED_RFSMOTE_RAW_LSA_50_SUM.csv,0.8810569862865781,0.7968633533632231,2.2182539682539684,0.8550740939726102
