Technique,AUC,Credibility,LagGlobal,MAP
50Traced_NONETRACED_RFUNDER_RAW_LSA_3_SUM.csv,0.8773384353741497,0.8073642720043872,2.2936507936507935,0.8631922071547873
