Technique,AUC,Credibility,LagGlobal,MAP
50Traced_NONETRACED_RFSMOTE_SINGLE_VSM_17_MAX.csv,0.8840939153439152,0.7638710714285715,2.1785714285714284,0.8140103092246727
