Technique,AUC,Credibility,LagGlobal,MAP
50Traced_NONETRACED_MEDIAN_SINGLE_LSA_31_SUM.csv,0.781557067271353,0.6655984939557871,2.2936507936507935,0.6868283888373838
