Technique,AUC,Credibility,LagGlobal,MAP
50Traced_NONETRACED_SUM_SINGLE_LSA_9_MAX.csv,0.9670661915559875,-0.2633535714285714,1.1071428571428572,0.9269156658603098
