Technique,AUC,Credibility,LagGlobal,MAP
50Traced_NONETRACED_MAX_MULTI_LSA_81_MAX.csv,0.9724280585249974,0.744895,1.6706349206349207,0.9603693007900398
