Technique,AUC,Credibility,LagGlobal,MAP
50Traced_NONETRACED_RFUNDER_RAW_VSM_12_SUM.csv,0.8743824910916749,0.7984136544316907,2.2936507936507935,0.8549675903504776
