Technique,AUC,Credibility,LagGlobal,MAP
50Traced_NONETRACED_SUM_RAW_VSM_43_MAX.csv,0.9504575639779721,0.4091460714285714,1.8888888888888888,0.9267891526494252
