Technique,AUC,Credibility,LagGlobal,MAP
50Traced_NONETRACED_RFNONE_RAW_LSA_98_SUM.csv,0.8946320591728754,0.8069403103082619,2.2936507936507935,0.8811722967674835
