Technique,AUC,Credibility,LagGlobal,MAP
50Traced_NONETRACED_MAX_SINGLE_VSM_52_MAX.csv,0.9885204081632654,0.7555444047619048,1.0198412698412698,0.9796979539436472
