Technique,AUC,Credibility,LagGlobal,MAP
50Traced_NONETRACED_RFNONE_MULTI_VSM_38_SUM.csv,0.889722357196847,0.8126958992170125,2.2936507936507935,0.8472153241807178
