Technique,AUC,Credibility,LagGlobal,MAP
50Traced_NONETRACED_RFSMOTE_MULTI_VSM_68_MEDIAN.csv,0.8791470953460749,0.768087261904762,2.126984126984127,0.7711314428292025
