Technique,AUC,Credibility,LagGlobal,MAP
50Traced_NONETRACED_RFSMOTE_MULTI_VSM_37_SUM.csv,0.8292368534715473,0.7471930506047588,2.2936507936507935,0.7613967212633065
