Technique,AUC,Credibility,LagGlobal,MAP
50Traced_NONETRACED_RFUNDER_RAW_LSA_23_MAX.csv,0.8763598693445632,0.8045247619047619,2.2936507936507935,0.859288881734322
