Technique,AUC,Credibility,LagGlobal,MAP
50Traced_NONETRACED_RFNONE_SINGLE_LSA_75_MEDIAN.csv,0.8978073372206025,0.8202591666666667,2.2182539682539684,0.879067735068104
