Technique,AUC,Credibility,LagGlobal,MAP
50Traced_NONETRACED_SUM_MULTI_LSA_81_SUM.csv,0.936922983479106,0.7298557474916033,2.007936507936508,0.8950963400923749
