Technique,AUC,Credibility,LagGlobal,MAP
50Traced_NONETRACED_SUM_SINGLE_LSA_70_MAX.csv,0.9624703055825505,-0.30686654761904764,0.8571428571428571,0.9183409602428819
