Technique,AUC,Credibility,LagGlobal,MAP
50Traced_NONETRACED_MEDIAN_RAW_VSM_94_SUM.csv,0.779751781665047,0.6638169246384167,2.2936507936507935,0.681612919525045
