Technique,AUC,Credibility,LagGlobal,MAP
50Traced_NONETRACED_RFUNDER_SINGLE_VSM_92_SUM.csv,0.9230307202245978,0.8431623404320141,2.2182539682539684,0.916484783206751
