Technique,AUC,Credibility,LagGlobal,MAP
50Traced_NONETRACED_MEDIAN_RAW_VSM_49_SUM.csv,0.7827853363567648,0.6658276202281869,2.2936507936507935,0.6842172948063711
