Technique,AUC,Credibility,LagGlobal,MAP
50Traced_NONETRACED_SUM_SINGLE_VSM_94_MEDIAN.csv,0.9642418475326638,-0.20858333333333334,0.9563492063492064,0.9289796446833745
