Technique,AUC,Credibility,LagGlobal,MAP
50Traced_NONETRACED_SUM_SINGLE_VSM_66_MEDIAN.csv,0.9343449681459886,-0.30683059523809525,1.2182539682539681,0.8495447163817405
