Technique,AUC,Credibility,LagGlobal,MAP
50Traced_NONETRACED_RFNONE_SINGLE_VSM_36_SUM.csv,0.8711194795378469,0.8069403103082619,2.2182539682539684,0.8507426303747635
