Technique,AUC,Credibility,LagGlobal,MAP
50Traced_NONETRACED_MEDIAN_MULTI_VSM_88_SUM.csv,0.7829203109815355,0.6632085765034256,2.2936507936507935,0.6857538384538691
