Technique,AUC,Credibility,LagGlobal,MAP
50Traced_NONETRACED_RFUNDER_RAW_VSM_9_SUM.csv,0.904623555771515,0.8248824757030131,2.2936507936507935,0.8915303277133202
