Technique,AUC,Credibility,LagGlobal,MAP
50Traced_NONETRACED_MAX_RAW_LSA_84_MAX.csv,0.9321583792247057,0.7748654761904762,2.0198412698412698,0.9106252240265644
