Technique,AUC,Credibility,LagGlobal,MAP
50Traced_NONETRACED_RFSMOTE_MULTI_LSA_41_SUM.csv,0.8880351743872152,0.7974626786095116,2.2182539682539684,0.8327832309868792
