Technique,AUC,Credibility,LagGlobal,MAP
50Traced_NONETRACED_RFSMOTE_RAW_LSA_17_SUM.csv,0.8966229348882411,0.8007391060343919,2.2936507936507935,0.8546264451425553
