Technique,AUC,Credibility,LagGlobal,MAP
50Traced_NONETRACED_MAX_SINGLE_VSM_10_SUM.csv,0.9834554853687506,0.7492953567719923,0.9285714285714286,0.9693799951679921
