Technique,AUC,Credibility,LagGlobal,MAP
50Traced_NONETRACED_SUM_SINGLE_LSA_12_SUM.csv,0.9606953892668179,0.7490620439025022,1.503968253968254,0.9223203816489445
