Technique,AUC,Credibility,LagGlobal,MAP
50Traced_NONETRACED_MAX_SINGLE_VSM_24_MAX.csv,0.9789608303638916,0.7454566666666667,0.8253968253968254,0.962469533957266
