Technique,AUC,Credibility,LagGlobal,MAP
50Traced_NONETRACED_MAX_MULTI_LSA_83_SUM.csv,0.9674643666990606,0.7613917924893535,1.6865079365079365,0.9511103417712661
