Technique,AUC,Credibility,LagGlobal,MAP
50Traced_NONETRACED_SUM_SINGLE_VSM_12_MAX.csv,0.9525766655868697,-0.20710309523809525,0.7777777777777778,0.8971159074174996
