Technique,AUC,Credibility,LagGlobal,MAP
50Traced_NONETRACED_RFNONE_RAW_VSM_60_MAX.csv,0.8904950869236583,0.8121875,2.1785714285714284,0.8731848597732806
