Technique,AUC,Credibility,LagGlobal,MAP
50Traced_NONETRACED_MAX_MULTI_LSA_82_MEDIAN.csv,0.9579655274808336,0.7561963095238096,2.2023809523809526,0.9504130566668602
