Technique,AUC,Credibility,LagGlobal,MAP
50Traced_NONETRACED_RFSMOTE_SINGLE_VSM_90_SUM.csv,0.9095467552100205,0.7658549963961047,2.123015873015873,0.8483529124291074
