Technique,AUC,Credibility,LagGlobal,MAP
50Traced_NONETRACED_MAX_MULTI_LSA_26_SUM.csv,0.9679603984450923,0.7421527464907992,1.7976190476190477,0.9557242094574252
