Technique,AUC,Credibility,LagGlobal,MAP
50Traced_NONETRACED_MEDIAN_RAW_VSM_22_SUM.csv,0.7826098693445632,0.6643218726211622,2.2936507936507935,0.6847322756541947
