Technique,AUC,Credibility,LagGlobal,MAP
50Traced_NONETRACED_SUM_RAW_VSM_88_MAX.csv,0.9283048536875067,0.44102892857142856,2.3095238095238093,0.905537230091269
