Technique,AUC,Credibility,LagGlobal,MAP
50Traced_NONETRACED_RFNONE_RAW_LSA_73_SUM.csv,0.8752530774214449,0.802794305822137,2.2936507936507935,0.8555009600108332
