Technique,AUC,Credibility,LagGlobal,MAP
50Traced_NONETRACED_RFNONE_MULTI_LSA_34_MAX.csv,0.9008375175467013,0.8263880952380952,2.1785714285714284,0.8617555982397463
