Technique,AUC,Credibility,LagGlobal,MAP
50Traced_NONETRACED_RFUNDER_RAW_LSA_83_MEDIAN.csv,0.9055245113918583,0.8264095238095238,2.2182539682539684,0.8867987714797391
