Technique,AUC,Credibility,LagGlobal,MAP
50Traced_NONETRACED_SUM_MULTI_LSA_86_SUM.csv,0.9487737555339597,0.7293200652734984,1.3015873015873016,0.9029731670338188
