Technique,AUC,Credibility,LagGlobal,MAP
50Traced_NONETRACED_RFNONE_RAW_VSM_30_SUM.csv,0.8996497408487205,0.7997476617006367,2.2182539682539684,0.8814929392077034
