Technique,AUC,Credibility,LagGlobal,MAP
50Traced_NONETRACED_RFUNDER_SINGLE_VSM_5_MEDIAN.csv,0.926887620127416,0.8501927380952381,2.0476190476190474,0.9171969287403613
