Technique,AUC,Credibility,LagGlobal,MAP
50Traced_NONETRACED_MAX_SINGLE_LSA_98_MAX.csv,0.9861853471547348,0.7656819047619048,1.5595238095238095,0.973939040818339
