Technique,AUC,Credibility,LagGlobal,MAP
50Traced_NONETRACED_RFSMOTE_SINGLE_VSM_95_SUM.csv,0.8389988932080769,0.7558304301166637,2.2182539682539684,0.7771996767347735
