Technique,AUC,Credibility,LagGlobal,MAP
50Traced_NONETRACED_MEDIAN_SINGLE_LSA_99_SUM.csv,0.7823028020732102,0.664927048972342,2.2936507936507935,0.6852775227826566
