Technique,AUC,Credibility,LagGlobal,MAP
50Traced_NONETRACED_RFSMOTE_RAW_VSM_4_MAX.csv,0.8641615376309255,0.7887760714285714,2.2222222222222223,0.789679754194228
