Technique,AUC,Credibility,LagGlobal,MAP
50Traced_NONETRACED_MAX_SINGLE_VSM_15_MEDIAN.csv,0.9758665370910269,0.7401754761904762,0.8333333333333334,0.9566361096917363
