Technique,AUC,Credibility,LagGlobal,MAP
50Traced_NONETRACED_RFSMOTE_RAW_VSM_92_MAX.csv,0.9075592538602744,0.8237710714285714,2.2182539682539684,0.890123102219769
