Technique,AUC,Credibility,LagGlobal,MAP
50Traced_NONETRACED_MEDIAN_RAW_VSM_76_SUM.csv,0.7818000215959399,0.6638938932589021,2.2936507936507935,0.6835824794613318
