Technique,AUC,Credibility,LagGlobal,MAP
50Traced_NONETRACED_RFUNDER_RAW_VSM_3_SUM.csv,0.8890373609761365,0.821074170551138,2.2182539682539684,0.8660757974898305
