Technique,AUC,Credibility,LagGlobal,MAP
50Traced_NONETRACED_MAX_SINGLE_LSA_42_SUM.csv,0.9737204405571752,0.7327554246050167,1.1031746031746033,0.9567423256115837
