Technique,AUC,Credibility,LagGlobal,MAP
50Traced_NONETRACED_RFSMOTE_MULTI_VSM_49_SUM.csv,0.8870262390670554,0.8157425433385126,2.2936507936507935,0.8660330847033402
