Technique,AUC,Credibility,LagGlobal,MAP
50Traced_NONETRACED_RFSMOTE_MULTI_VSM_30_MAX.csv,0.8747131789223627,0.7712198809523809,2.2182539682539684,0.7792990081622065
