Technique,AUC,Credibility,LagGlobal,MAP
50Traced_NONETRACED_RFSMOTE_RAW_LSA_44_MEDIAN.csv,0.8798185941043084,0.8084980952380952,2.2182539682539684,0.8441907812078914
