Technique,AUC,Credibility,LagGlobal,MAP
50Traced_NONETRACED_SUM_RAW_LSA_83_SUM.csv,0.9579958967714071,0.7425575424868732,1.373015873015873,0.9321676475241034
