Technique,AUC,Credibility,LagGlobal,MAP
50Traced_NONETRACED_RFSMOTE_RAW_LSA_12_SUM.csv,0.86922646042544,0.7890844072753862,2.2936507936507935,0.8413445895466596
