Technique,AUC,Credibility,LagGlobal,MAP
50Traced_NONETRACED_RFSMOTE_RAW_LSA_59_SUM.csv,0.8590459993521218,0.76699623739451,2.2182539682539684,0.8169954375707659
