Technique,AUC,Credibility,LagGlobal,MAP
50Traced_NONETRACED_RFSMOTE_RAW_LSA_71_SUM.csv,0.8705424630169528,0.7898869985551195,2.2182539682539684,0.8455363720842222
