Technique,AUC,Credibility,LagGlobal,MAP
50Traced_NONETRACED_RFNONE_RAW_VSM_59_SUM.csv,0.870248893208077,0.7829911190323858,2.1785714285714284,0.8419003068563313
