Technique,AUC,Credibility,LagGlobal,MAP
50Traced_NONETRACED_MEDIAN_MULTI_LSA_19_SUM.csv,0.7802208184861246,0.6636566438298233,2.2976190476190474,0.6862802689689111
