Technique,AUC,Credibility,LagGlobal,MAP
50Traced_NONETRACED_SUM_SINGLE_VSM_61_SUM.csv,0.9580161429651226,0.7442746381352627,1.0793650793650793,0.9185092737528824
