Technique,AUC,Credibility,LagGlobal,MAP
50Traced_NONETRACED_RFSMOTE_RAW_LSA_55_SUM.csv,0.8718078501241766,0.7753745087286354,2.2222222222222223,0.825523687938632
