Technique,AUC,Credibility,LagGlobal,MAP
50Traced_NONETRACED_SUM_MULTI_LSA_49_MAX.csv,0.9637761850772055,-0.24222047619047618,0.7936507936507936,0.9262306056941388
