Technique,AUC,Credibility,LagGlobal,MAP
50Traced_NONETRACED_RFNONE_RAW_VSM_14_SUM.csv,0.9517431972789117,0.8302141029156385,1.8333333333333333,0.9317867257995075
