Technique,AUC,Credibility,LagGlobal,MAP
50Traced_NONETRACED_RFUNDER_SINGLE_LSA_77_MAX.csv,0.9063343591404817,0.8414103571428572,2.2182539682539684,0.8561460889220198
