Technique,AUC,Credibility,LagGlobal,MAP
50Traced_NONETRACED_RFUNDER_MULTI_VSM_2_MAX.csv,0.8771663427275673,0.7776046428571428,2.0515873015873014,0.6714764579686335
