Technique,AUC,Credibility,LagGlobal,MAP
50Traced_NONETRACED_MAX_RAW_VSM_94_MAX.csv,0.9404525699168557,0.8001697619047619,2.3174603174603177,0.9226095201489957
