Technique,AUC,Credibility,LagGlobal,MAP
50Traced_NONETRACED_MAX_SINGLE_LSA_93_MEDIAN.csv,0.9806615106360004,0.7453521428571429,1.0515873015873016,0.9676169535619953
