Technique,AUC,Credibility,LagGlobal,MAP
50Traced_NONETRACED_MAX_MULTI_VSM_60_MEDIAN.csv,0.9609450923226434,0.7542958333333334,2.0952380952380953,0.9469891615530075
