Technique,AUC,Credibility,LagGlobal,MAP
50Traced_NONETRACED_RFUNDER_MULTI_LSA_74_MAX.csv,0.9579216607277832,0.8691313095238096,2.0476190476190474,0.9243921298750021
