Technique,AUC,Credibility,LagGlobal,MAP
50Traced_NONETRACED_MAX_MULTI_VSM_33_MAX.csv,0.9254670122017061,0.7298366666666667,2.2023809523809526,0.900643192841557
