Technique,AUC,Credibility,LagGlobal,MAP
50Traced_NONETRACED_RFSMOTE_RAW_VSM_12_MAX.csv,0.8748447791815139,0.7808021428571429,2.1825396825396823,0.8158033036891826
