Technique,AUC,Credibility,LagGlobal,MAP
50Traced_NONETRACED_RFSMOTE_RAW_VSM_18_SUM.csv,0.8676033905625742,0.786037763153886,2.2222222222222223,0.8381331627033777
