Technique,AUC,Credibility,LagGlobal,MAP
50Traced_NONETRACED_MAX_SINGLE_LSA_28_MEDIAN.csv,0.9643262066731455,0.7313109523809523,1.0198412698412698,0.9403872290537681
