Technique,AUC,Credibility,LagGlobal,MAP
50Traced_NONETRACED_RFUNDER_RAW_LSA_2_MEDIAN.csv,0.8903634866645072,0.811764880952381,2.2182539682539684,0.8517488124252913
