Technique,AUC,Credibility,LagGlobal,MAP
50Traced_NONETRACED_RFNONE_SINGLE_VSM_33_SUM.csv,0.8934577799373717,0.8203125095207628,2.2936507936507935,0.8838827331082155
