Technique,AUC,Credibility,LagGlobal,MAP
50Traced_NONETRACED_RFNONE_MULTI_LSA_56_MEDIAN.csv,0.9040127955944282,0.8371741666666667,2.123015873015873,0.8685473082925935
