Technique,AUC,Credibility,LagGlobal,MAP
50Traced_NONETRACED_RFSMOTE_SINGLE_LSA_72_SUM.csv,0.8825552046215311,0.7922605087637661,2.2936507936507935,0.8525095142354926
