Technique,AUC,Credibility,LagGlobal,MAP
50Traced_NONETRACED_SUM_MULTI_LSA_1_MAX.csv,0.947319403952057,-0.19422023809523808,1.9365079365079365,0.9140571112326737
