Technique,AUC,Credibility,LagGlobal,MAP
50Traced_NONETRACED_MEDIAN_SINGLE_LSA_76_SUM.csv,0.7816684213367887,0.6636367673179396,2.2936507936507935,0.6844471592415438
