Technique,AUC,Credibility,LagGlobal,MAP
50Traced_NONETRACED_SUM_RAW_LSA_21_SUM.csv,0.9334575099881222,0.7477452533189684,2.3253968253968256,0.9062882514321724
