Technique,AUC,Credibility,LagGlobal,MAP
50Traced_NONETRACED_RFUNDER_MULTI_LSA_10_MAX.csv,0.9144092160673793,0.8402808333333334,2.2182539682539684,0.8212859107880219
