Technique,AUC,Credibility,LagGlobal,MAP
50Traced_NONETRACED_RFNONE_MULTI_VSM_70_SUM.csv,0.906749406111651,0.8241208146726381,2.2182539682539684,0.8886703278256431
