Technique,AUC,Credibility,LagGlobal,MAP
50Traced_NONETRACED_RFNONE_SINGLE_LSA_51_MAX.csv,0.8975981265522082,0.8003325,2.2936507936507935,0.8732936124762591
