Technique,AUC,Credibility,LagGlobal,MAP
50Traced_NONETRACED_RFUNDER_RAW_LSA_32_SUM.csv,0.8776320051830255,0.8119342381866375,2.2936507936507935,0.8571527727533023
