Technique,AUC,Credibility,LagGlobal,MAP
50Traced_NONETRACED_MEDIAN_MULTI_LSA_74_SUM.csv,0.7824613972573156,0.6635982830076969,2.2936507936507935,0.6844517097193784
