Technique,AUC,Credibility,LagGlobal,MAP
50Traced_NONETRACED_SUM_MULTI_LSA_97_MEDIAN.csv,0.9524720602526724,-0.1334547619047619,2.242063492063492,0.9261054911280935
