Technique,AUC,Credibility,LagGlobal,MAP
50Traced_NONETRACED_MEDIAN_MULTI_VSM_9_MEDIAN.csv,0.7780342295648419,0.6757263095238095,2.2976190476190474,0.6793491086103647
