Technique,AUC,Credibility,LagGlobal,MAP
50Traced_NONETRACED_RFNONE_RAW_VSM_58_MAX.csv,0.8830073696145125,0.7999946428571428,2.2182539682539684,0.8593441179901081
