Technique,AUC,Credibility,LagGlobal,MAP
50Traced_NONETRACED_RFNONE_RAW_LSA_57_MEDIAN.csv,0.8497563708022893,0.7801513095238095,2.2182539682539684,0.8190408445022113
