Technique,AUC,Credibility,LagGlobal,MAP
50Traced_NONETRACED_SUM_MULTI_LSA_23_MEDIAN.csv,0.934081767627686,-0.2052490476190476,1.9047619047619047,0.8768297624418878
