Technique,AUC,Credibility,LagGlobal,MAP
50Traced_NONETRACED_MEDIAN_RAW_LSA_28_SUM.csv,0.7813579796998164,0.6641821026812146,2.3015873015873014,0.6839861684311902
