Technique,AUC,Credibility,LagGlobal,MAP
50Traced_NONETRACED_MAX_MULTI_VSM_59_MEDIAN.csv,0.9392310495626822,0.73734,2.0476190476190474,0.9217196488247902
