Technique,AUC,Credibility,LagGlobal,MAP
50Traced_NONETRACED_RFUNDER_RAW_LSA_82_MAX.csv,0.908989984882842,0.8363719047619048,2.2936507936507935,0.902956424036672
