Technique,AUC,Credibility,LagGlobal,MAP
50Traced_NONETRACED_RFNONE_MULTI_LSA_3_MAX.csv,0.9016608627578016,0.8370664285714285,2.2182539682539684,0.8762078280022446
