Technique,AUC,Credibility,LagGlobal,MAP
50Traced_NONETRACED_MAX_SINGLE_VSM_21_SUM.csv,0.9578609221466364,0.7331455954545308,1.1547619047619047,0.9315909858251527
