Technique,AUC,Credibility,LagGlobal,MAP
50Traced_NONETRACED_SUM_RAW_LSA_25_MEDIAN.csv,0.9314801317352339,0.4588885714285714,2.134920634920635,0.8915162044747924
