Technique,AUC,Credibility,LagGlobal,MAP
50Traced_NONETRACED_MAX_SINGLE_VSM_34_MAX.csv,0.9841067379332684,0.7475033333333333,0.6785714285714286,0.9703762262883384
