Technique,AUC,Credibility,LagGlobal,MAP
50Traced_NONETRACED_MEDIAN_SINGLE_LSA_21_SUM.csv,0.7788272054853687,0.6651937858476724,2.2857142857142856,0.6837183195131895
