Technique,AUC,Credibility,LagGlobal,MAP
50Traced_NONETRACED_RFUNDER_MULTI_LSA_55_SUM.csv,0.9113047996976569,0.8050792889132621,2.2182539682539684,0.8263331075665582
