Technique,AUC,Credibility,LagGlobal,MAP
50Traced_NONETRACED_RFSMOTE_SINGLE_LSA_6_SUM.csv,0.8952563168124392,0.822597492611888,2.2936507936507935,0.8844778947205411
