Technique,AUC,Credibility,LagGlobal,MAP
50Traced_NONETRACED_MEDIAN_MULTI_LSA_57_MAX.csv,0.7781827016520894,0.6757672619047619,2.2936507936507935,0.679492735074926
