Technique,AUC,Credibility,LagGlobal,MAP
50Traced_NONETRACED_MAX_MULTI_LSA_41_MAX.csv,0.9676600799049779,0.7415036904761905,1.5634920634920635,0.9528564520772457
