Technique,AUC,Credibility,LagGlobal,MAP
50Traced_NONETRACED_RFNONE_RAW_LSA_78_MAX.csv,0.8428254238203219,0.7782529761904762,2.2936507936507935,0.8132073955640515
