Technique,AUC,Credibility,LagGlobal,MAP
50Traced_NONETRACED_RFUNDER_SINGLE_LSA_33_SUM.csv,0.9151110841161861,0.8347840690978887,2.123015873015873,0.9028726460436336
