Technique,AUC,Credibility,LagGlobal,MAP
50Traced_NONETRACED_RFUNDER_RAW_VSM_38_SUM.csv,0.9035808767951625,0.8172658653992627,2.2182539682539684,0.8798478225268755
