Technique,AUC,Credibility,LagGlobal,MAP
50Traced_NONETRACED_RFSMOTE_RAW_VSM_30_MAX.csv,0.877176465824425,0.7911532142857143,2.2182539682539684,0.8333221694035409
