Technique,AUC,Credibility,LagGlobal,MAP
50Traced_NONETRACED_RFSMOTE_MULTI_LSA_15_SUM.csv,0.8771663427275673,0.8005093227310118,2.2182539682539684,0.8135423985128349
