Technique,AUC,Credibility,LagGlobal,MAP
50Traced_NONETRACED_MAX_MULTI_VSM_98_MAX.csv,0.9546114080552857,0.7470911904761904,1.880952380952381,0.9432193013862341
