Technique,AUC,Credibility,LagGlobal,MAP
50Traced_NONETRACED_SUM_RAW_VSM_41_SUM.csv,0.9382558578987151,0.7414584041908285,2.2738095238095237,0.9244284829661983
