Technique,AUC,Credibility,LagGlobal,MAP
50Traced_NONETRACED_RFUNDER_MULTI_VSM_37_SUM.csv,0.8776590001079796,0.7761361697590105,2.2182539682539684,0.8005428469473264
