Technique,AUC,Credibility,LagGlobal,MAP
50Traced_NONETRACED_MAX_RAW_LSA_42_MEDIAN.csv,0.9546755210020516,0.7891822619047619,2.130952380952381,0.9301361952161459
