Technique,AUC,Credibility,LagGlobal,MAP
50Traced_NONETRACED_SUM_MULTI_LSA_49_SUM.csv,0.9631283068783069,0.7366110667852565,0.8333333333333334,0.9251457897837694
