Technique,AUC,Credibility,LagGlobal,MAP
50Traced_NONETRACED_RFUNDER_RAW_VSM_81_MEDIAN.csv,0.8694964096749811,0.7969329761904762,2.2182539682539684,0.8344504675029912
