Technique,AUC,Credibility,LagGlobal,MAP
50Traced_NONETRACED_RFNONE_MULTI_VSM_6_SUM.csv,0.9074613972573156,0.8317374249763885,2.2182539682539684,0.8989453607134373
