Technique,AUC,Credibility,LagGlobal,MAP
50Traced_NONETRACED_RFUNDER_RAW_VSM_80_SUM.csv,0.8635541518194579,0.8012709837613868,2.2936507936507935,0.8410143192205737
