Technique,AUC,Credibility,LagGlobal,MAP
50Traced_NONETRACED_MAX_MULTI_LSA_53_SUM.csv,0.9634050048590865,0.740958354377922,2.2976190476190474,0.9482285390837096
