Technique,AUC,Credibility,LagGlobal,MAP
50Traced_NONETRACED_MEDIAN_MULTI_VSM_20_MEDIAN.csv,0.7781961991145665,0.6757846428571429,2.2936507936507935,0.6794966836113542
