Technique,AUC,Credibility,LagGlobal,MAP
50Traced_NONETRACED_MEDIAN_SINGLE_VSM_84_SUM.csv,0.783605307202246,0.6703950992706199,2.2936507936507935,0.6902818293422811
