Technique,AUC,Credibility,LagGlobal,MAP
50Traced_NONETRACED_SUM_RAW_LSA_75_SUM.csv,0.9656354605334198,0.7514091876523413,1.6031746031746033,0.9489223075922935
