Technique,AUC,Credibility,LagGlobal,MAP
50Traced_NONETRACED_RFSMOTE_MULTI_LSA_46_SUM.csv,0.8910687290789331,0.7883366974866519,2.0317460317460316,0.800105401956211
