Technique,AUC,Credibility,LagGlobal,MAP
50Traced_NONETRACED_SUM_RAW_LSA_42_MAX.csv,0.9286726595400064,0.38444630952380954,2.253968253968254,0.8955819834579157
