Technique,AUC,Credibility,LagGlobal,MAP
50Traced_NONETRACED_RFSMOTE_RAW_VSM_36_SUM.csv,0.8963124932512689,0.8053900092397944,2.2936507936507935,0.8699428926132311
