Technique,AUC,Credibility,LagGlobal,MAP
50Traced_NONETRACED_MEDIAN_MULTI_VSM_44_SUM.csv,0.7858863783608682,0.6640744734838874,2.2936507936507935,0.6917559094230431
