Technique,AUC,Credibility,LagGlobal,MAP
50Traced_NONETRACED_RFNONE_MULTI_LSA_95_SUM.csv,0.8888112784796458,0.8073642720043872,2.2182539682539684,0.8360052611649216
