Technique,AUC,Credibility,LagGlobal,MAP
50Traced_NONETRACED_RFNONE_SINGLE_LSA_11_SUM.csv,0.8994810225677573,0.8195508484903878,2.2182539682539684,0.8833296155347521
