Technique,AUC,Credibility,LagGlobal,MAP
50Traced_NONETRACED_MEDIAN_SINGLE_VSM_6_MAX.csv,0.7793907245437858,0.6758597619047619,2.2936507936507935,0.6800800490425054
