Technique,AUC,Credibility,LagGlobal,MAP
50Traced_NONETRACED_RFUNDER_MULTI_LSA_31_MAX.csv,0.8996159971925277,0.8054326190476191,2.0238095238095237,0.7252425278817918
