Technique,AUC,Credibility,LagGlobal,MAP
50Traced_NONETRACED_MAX_SINGLE_LSA_64_MEDIAN.csv,0.9750938073642155,0.7449772619047619,0.8611111111111112,0.955361856841537
