Technique,AUC,Credibility,LagGlobal,MAP
50Traced_NONETRACED_RFNONE_MULTI_VSM_91_SUM.csv,0.9174461451247167,0.8081259330347622,2.2182539682539684,0.8582180169100438
