Technique,AUC,Credibility,LagGlobal,MAP
50Traced_NONETRACED_SUM_RAW_LSA_65_MEDIAN.csv,0.9311730644638808,0.4845132142857143,1.623015873015873,0.8837743895068386
