Technique,AUC,Credibility,LagGlobal,MAP
50Traced_NONETRACED_MAX_MULTI_VSM_57_SUM.csv,0.9472114242522405,0.736559263191117,2.0595238095238093,0.9305313242214635
