Technique,AUC,Credibility,LagGlobal,MAP
50Traced_NONETRACED_SUM_SINGLE_LSA_21_MAX.csv,0.953578852175791,-0.2946282142857143,1.6349206349206349,0.9000323406801443
