Technique,AUC,Credibility,LagGlobal,MAP
50Traced_NONETRACED_MAX_RAW_VSM_17_SUM.csv,0.9374932512687615,0.7652813118461973,2.2301587301587302,0.9172618701663988
