Technique,AUC,Credibility,LagGlobal,MAP
50Traced_NONETRACED_SUM_MULTI_LSA_28_MAX.csv,0.9372907893316056,-0.13915369047619047,2.1785714285714284,0.9016231234650866
