Technique,AUC,Credibility,LagGlobal,MAP
50Traced_NONETRACED_MAX_MULTI_VSM_98_SUM.csv,0.9464184483317135,0.7309732816061721,2.0555555555555554,0.9310459006392767
