Technique,AUC,Credibility,LagGlobal,MAP
50Traced_NONETRACED_RFUNDER_RAW_LSA_39_SUM.csv,0.8912543191879926,0.8077154608424956,2.2182539682539684,0.8748116538846231
