Technique,AUC,Credibility,LagGlobal,MAP
50Traced_NONETRACED_RFNONE_RAW_LSA_76_MEDIAN.csv,0.8993392992117482,0.8083554761904762,2.2936507936507935,0.8786822208969516
