Technique,AUC,Credibility,LagGlobal,MAP
50Traced_NONETRACED_RFSMOTE_MULTI_VSM_30_SUM.csv,0.8738797106144045,0.7705484868608901,2.2182539682539684,0.784616553651865
