Technique,AUC,Credibility,LagGlobal,MAP
50Traced_NONETRACED_RFNONE_RAW_LSA_97_MAX.csv,0.8775206511175899,0.7992011904761904,2.2936507936507935,0.8551782578481183
