Technique,AUC,Credibility,LagGlobal,MAP
50Traced_NONETRACED_MEDIAN_MULTI_LSA_96_SUM.csv,0.7864161537630925,0.6660162395331134,2.2936507936507935,0.6970710861408786
