Technique,AUC,Credibility,LagGlobal,MAP
50Traced_NONETRACED_MAX_SINGLE_VSM_39_SUM.csv,0.9665330417881439,0.728792682888297,1.1785714285714286,0.9441641059145828
