Technique,AUC,Credibility,LagGlobal,MAP
50Traced_NONETRACED_RFSMOTE_RAW_LSA_86_MEDIAN.csv,0.8488216715257532,0.7922196428571429,2.2936507936507935,0.7862506750074012
