Technique,AUC,Credibility,LagGlobal,MAP
50Traced_NONETRACED_MAX_RAW_VSM_38_MAX.csv,0.9752186588921283,0.8179872619047619,1.8611111111111112,0.9637391293549693
