Technique,AUC,Credibility,LagGlobal,MAP
50Traced_NONETRACED_SUM_MULTI_VSM_3_MAX.csv,0.949840055069647,-0.16896535714285715,2.0634920634920637,0.9012847289654246
