Technique,AUC,Credibility,LagGlobal,MAP
50Traced_NONETRACED_RFUNDER_MULTI_VSM_29_MEDIAN.csv,0.9071813249109167,0.8366469047619047,2.2182539682539684,0.8336718414230181
