Technique,AUC,Credibility,LagGlobal,MAP
50Traced_NONETRACED_MEDIAN_RAW_LSA_20_SUM.csv,0.7809665532879819,0.6635752212389381,2.2976190476190474,0.6823054536173737
