Technique,AUC,Credibility,LagGlobal,MAP
50Traced_NONETRACED_RFUNDER_RAW_LSA_91_SUM.csv,0.8730394935752078,0.8058409499436371,2.2936507936507935,0.8511113098652954
