Technique,AUC,Credibility,LagGlobal,MAP
50Traced_NONETRACED_SUM_MULTI_LSA_51_SUM.csv,0.949661213691826,0.7273635751545974,1.6111111111111112,0.9196066056321901
