Technique,AUC,Credibility,LagGlobal,MAP
50Traced_NONETRACED_RFSMOTE_RAW_VSM_1_SUM.csv,0.8630851149983803,0.769733084665042,2.2222222222222223,0.8099116673610114
