Technique,AUC,Credibility,LagGlobal,MAP
50Traced_NONETRACED_MAX_MULTI_VSM_93_MAX.csv,0.9730455674333225,0.751859880952381,1.4523809523809523,0.9606843884296196
