Technique,AUC,Credibility,LagGlobal,MAP
50Traced_NONETRACED_SUM_MULTI_VSM_56_MEDIAN.csv,0.9459055447575855,-0.27921535714285717,1.9404761904761905,0.9047729899653246
