Technique,AUC,Credibility,LagGlobal,MAP
50Traced_NONETRACED_RFNONE_MULTI_LSA_4_MAX.csv,0.8965858168664291,0.8248672619047619,2.2182539682539684,0.8730774876115573
