Technique,AUC,Credibility,LagGlobal,MAP
50Traced_NONETRACED_MAX_SINGLE_VSM_57_MAX.csv,0.9734504913076341,0.7383015476190476,1.0436507936507937,0.9546227967411307
