Technique,AUC,Credibility,LagGlobal,MAP
50Traced_NONETRACED_RFSMOTE_SINGLE_LSA_57_MEDIAN.csv,0.8092707321023647,0.7213242857142858,2.2936507936507935,0.7482991341533417
