Technique,AUC,Credibility,LagGlobal,MAP
50Traced_NONETRACED_SUM_RAW_LSA_14_SUM.csv,0.9613871342187669,0.7463477758704727,1.6507936507936507,0.9442452856596208
