Technique,AUC,Credibility,LagGlobal,MAP
50Traced_NONETRACED_MEDIAN_SINGLE_LSA_77_SUM.csv,0.7810036713097939,0.664762750570921,2.2936507936507935,0.6845593091935439
