Technique,AUC,Credibility,LagGlobal,MAP
50Traced_NONETRACED_RFSMOTE_SINGLE_LSA_42_SUM.csv,0.8225049940611164,0.7156740933995985,2.2182539682539684,0.7335816522025215
