Technique,AUC,Credibility,LagGlobal,MAP
50Traced_NONETRACED_MAX_SINGLE_VSM_3_SUM.csv,0.9648829770003239,0.7384142235282366,1.1507936507936507,0.9448127108888921
