Technique,AUC,Credibility,LagGlobal,MAP
50Traced_NONETRACED_MAX_RAW_VSM_43_MEDIAN.csv,0.9352830417881438,0.7827678571428571,2.0317460317460316,0.9083322724251262
