Technique,AUC,Credibility,LagGlobal,MAP
50Traced_NONETRACED_RFNONE_SINGLE_VSM_93_SUM.csv,0.9203042328042328,0.8324990860067636,2.0198412698412698,0.9050239956739342
