Technique,AUC,Credibility,LagGlobal,MAP
50Traced_NONETRACED_SUM_MULTI_VSM_55_SUM.csv,0.9289021164021165,0.7226859229882308,1.7023809523809523,0.8660753675388623
