Technique,AUC,Credibility,LagGlobal,MAP
50Traced_NONETRACED_MAX_SINGLE_VSM_47_MEDIAN.csv,0.982409432026779,0.752112738095238,0.6507936507936508,0.9661762638365639
