Technique,AUC,Credibility,LagGlobal,MAP
50Traced_NONETRACED_RFNONE_MULTI_LSA_28_MAX.csv,0.8838273404599936,0.8066022619047619,2.2182539682539684,0.8021215055621369
