Technique,AUC,Credibility,LagGlobal,MAP
50Traced_NONETRACED_RFSMOTE_MULTI_LSA_12_SUM.csv,0.8853997948385703,0.7609029491515096,2.2222222222222223,0.7873909598025136
