Technique,AUC,Credibility,LagGlobal,MAP
50Traced_NONETRACED_RFNONE_RAW_LSA_66_MAX.csv,0.8931979537846885,0.7985892857142857,2.1547619047619047,0.8660124621287415
