Technique,AUC,Credibility,LagGlobal,MAP
50Traced_NONETRACED_RFSMOTE_RAW_VSM_79_MEDIAN.csv,0.8759245761796782,0.7956011904761905,2.2936507936507935,0.8360412030172832
