Technique,AUC,Credibility,LagGlobal,MAP
50Traced_NONETRACED_RFSMOTE_SINGLE_LSA_30_SUM.csv,0.8392789655544757,0.7409031148867314,2.2222222222222223,0.7796561508925165
