Technique,AUC,Credibility,LagGlobal,MAP
50Traced_NONETRACED_SUM_RAW_LSA_93_MEDIAN.csv,0.9566832685455134,0.444467380952381,2.126984126984127,0.9349436227630763
