Technique,AUC,Credibility,LagGlobal,MAP
50Traced_NONETRACED_RFNONE_MULTI_VSM_17_MAX.csv,0.8593024511391858,0.7997054761904762,2.2936507936507935,0.7616884740223459
