Technique,AUC,Credibility,LagGlobal,MAP
50Traced_NONETRACED_MAX_RAW_LSA_11_MEDIAN.csv,0.9592477864161538,0.7997711904761905,1.8174603174603174,0.9427996307926906
