Technique,AUC,Credibility,LagGlobal,MAP
50Traced_NONETRACED_SUM_SINGLE_LSA_52_MEDIAN.csv,0.9446604038440773,-0.28715488095238095,1.6706349206349207,0.9106821298469283
