Technique,AUC,Credibility,LagGlobal,MAP
50Traced_NONETRACED_SUM_MULTI_LSA_27_MEDIAN.csv,0.9329850988014253,-0.13098702380952382,1.9880952380952381,0.8775221258488517
