Technique,AUC,Credibility,LagGlobal,MAP
50Traced_NONETRACED_RFSMOTE_RAW_VSM_23_MAX.csv,0.8574026832955404,0.7841171428571428,2.2936507936507935,0.7833118176679083
