Technique,AUC,Credibility,LagGlobal,MAP
50Traced_NONETRACED_RFSMOTE_MULTI_LSA_33_MAX.csv,0.877969441744952,0.7830848809523809,2.2182539682539684,0.7992568882612303
