Technique,AUC,Credibility,LagGlobal,MAP
50Traced_NONETRACED_RFSMOTE_MULTI_LSA_49_SUM.csv,0.8495944012525645,0.7604627733829689,2.2936507936507935,0.7840220298843995
