Technique,AUC,Credibility,LagGlobal,MAP
50Traced_NONETRACED_MAX_RAW_VSM_0_MAX.csv,0.9409013605442177,0.794479880952381,2.2698412698412698,0.9199980164698456
