Technique,AUC,Credibility,LagGlobal,MAP
50Traced_NONETRACED_SUM_SINGLE_VSM_20_SUM.csv,0.9505857898715042,0.7433105657450385,1.9444444444444444,0.9084278572237675
