Technique,AUC,Credibility,LagGlobal,MAP
50Traced_NONETRACED_RFNONE_MULTI_LSA_40_SUM.csv,0.9089731130547458,0.8317374249763885,2.2182539682539684,0.8929656388882851
