Technique,AUC,Credibility,LagGlobal,MAP
50Traced_NONETRACED_SUM_SINGLE_VSM_42_MEDIAN.csv,0.9757383111974949,-0.222605,0.6507936507936508,0.9485067215062281
