Technique,AUC,Credibility,LagGlobal,MAP
50Traced_NONETRACED_RFSMOTE_MULTI_LSA_1_MEDIAN.csv,0.8651704729510852,0.7430746428571429,2.2936507936507935,0.7105616602433524
