Technique,AUC,Credibility,LagGlobal,MAP
50Traced_NONETRACED_RFSMOTE_RAW_VSM_82_MAX.csv,0.8433484504913077,0.7559560714285715,2.2182539682539684,0.7439883985950422
