Technique,AUC,Credibility,LagGlobal,MAP
50Traced_NONETRACED_SUM_SINGLE_VSM_36_MAX.csv,0.9643430785012418,-0.2585588095238095,1.7658730158730158,0.9390727338851874
