Technique,AUC,Credibility,LagGlobal,MAP
50Traced_NONETRACED_MEDIAN_MULTI_LSA_66_SUM.csv,0.7859403682107764,0.6674409520637036,2.3015873015873014,0.699727146356395
