Technique,AUC,Credibility,LagGlobal,MAP
50Traced_NONETRACED_RFSMOTE_SINGLE_VSM_63_SUM.csv,0.8547841755749919,0.7651383314175162,2.2222222222222223,0.794677342104753
