Technique,AUC,Credibility,LagGlobal,MAP
50Traced_NONETRACED_SUM_RAW_VSM_5_SUM.csv,0.9708859734369939,0.7477750605689469,1.626984126984127,0.951372867764641
