Technique,AUC,Credibility,LagGlobal,MAP
50Traced_NONETRACED_RFSMOTE_SINGLE_VSM_49_MAX.csv,0.8708292840945903,0.7980563095238096,2.2936507936507935,0.8189709912552202
