Technique,AUC,Credibility,LagGlobal,MAP
50Traced_NONETRACED_MAX_MULTI_LSA_92_SUM.csv,0.9481022567757262,0.7280734296344933,2.2222222222222223,0.9296793492638834
