Technique,AUC,Credibility,LagGlobal,MAP
50Traced_NONETRACED_SUM_SINGLE_LSA_86_SUM.csv,0.9539567811251485,0.7482456353430892,1.7738095238095237,0.9081875686529032
