Technique,AUC,Credibility,LagGlobal,MAP
50Traced_NONETRACED_RFUNDER_RAW_LSA_95_MEDIAN.csv,0.8596668826260663,0.800015119047619,2.2182539682539684,0.8313736300019764
