Technique,AUC,Credibility,LagGlobal,MAP
50Traced_NONETRACED_MEDIAN_SINGLE_VSM_32_MAX.csv,0.7783277993737177,0.6757966666666667,2.2936507936507935,0.6796050664023031
