Technique,AUC,Credibility,LagGlobal,MAP
50Traced_NONETRACED_MAX_RAW_VSM_48_MAX.csv,0.9553537684915236,0.7925225,2.134920634920635,0.9373135074538875
