Technique,AUC,Credibility,LagGlobal,MAP
50Traced_NONETRACED_SUM_RAW_LSA_11_MEDIAN.csv,0.9359781611057121,0.5045838095238095,1.8214285714285714,0.9050404159481026
