Technique,AUC,Credibility,LagGlobal,MAP
50Traced_NONETRACED_SUM_RAW_LSA_88_MEDIAN.csv,0.939227675197063,0.5524233333333334,1.9087301587301588,0.9083349095976117
