Technique,AUC,Credibility,LagGlobal,MAP
50Traced_NONETRACED_MAX_SINGLE_LSA_57_MEDIAN.csv,0.9772837706511175,0.7431828571428571,0.9365079365079365,0.9596753195862772
