Technique,AUC,Credibility,LagGlobal,MAP
50Traced_NONETRACED_RFNONE_SINGLE_VSM_99_SUM.csv,0.8700025645178706,0.785276102123511,2.2182539682539684,0.8493910905464376
