Technique,AUC,Credibility,LagGlobal,MAP
50Traced_NONETRACED_RFSMOTE_SINGLE_LSA_15_SUM.csv,0.8339677140697549,0.741827665432627,2.2182539682539684,0.7677674111763122
