Technique,AUC,Credibility,LagGlobal,MAP
50Traced_NONETRACED_RFUNDER_RAW_LSA_58_SUM.csv,0.9023762282690855,0.8271674587941382,2.2182539682539684,0.8869278660677695
