Technique,AUC,Credibility,LagGlobal,MAP
50Traced_NONETRACED_RFUNDER_MULTI_VSM_13_MEDIAN.csv,0.9071880736421554,0.8341305952380952,2.2182539682539684,0.7976347471965565
