Technique,AUC,Credibility,LagGlobal,MAP
50Traced_NONETRACED_RFUNDER_RAW_LSA_89_MEDIAN.csv,0.8714265468092,0.8058735714285714,2.2182539682539684,0.8428693039972531
