Technique,AUC,Credibility,LagGlobal,MAP
50Traced_NONETRACED_RFNONE_RAW_LSA_52_SUM.csv,0.8565152251376742,0.785276102123511,2.2182539682539684,0.8264058085996605
