Technique,AUC,Credibility,LagGlobal,MAP
50Traced_NONETRACED_MAX_SINGLE_VSM_45_MEDIAN.csv,0.9735820915667854,0.7368033333333334,1.1746031746031746,0.9561848385746631
