Technique,AUC,Credibility,LagGlobal,MAP
50Traced_NONETRACED_MEDIAN_RAW_LSA_97_SUM.csv,0.7807775888133032,0.6642098029264992,2.2976190476190474,0.6838926569415693
