Technique,AUC,Credibility,LagGlobal,MAP
50Traced_NONETRACED_RFUNDER_SINGLE_LSA_18_SUM.csv,0.9112271892884138,0.8378307132193888,2.2182539682539684,0.90279001292025
