Technique,AUC,Credibility,LagGlobal,MAP
50Traced_NONETRACED_RFUNDER_RAW_VSM_40_MEDIAN.csv,0.8968760123096857,0.8151694047619048,2.1547619047619047,0.8722934316476344
