Technique,AUC,Credibility,LagGlobal,MAP
50Traced_NONETRACED_MAX_RAW_LSA_0_SUM.csv,0.9372367994816974,0.7599768658686168,2.123015873015873,0.9121049961685337
