Technique,AUC,Credibility,LagGlobal,MAP
50Traced_NONETRACED_RFNONE_RAW_VSM_69_MAX.csv,0.8958535795270489,0.8042440476190477,2.0198412698412698,0.8688919492885944
