Technique,AUC,Credibility,LagGlobal,MAP
50Traced_NONETRACED_SUM_RAW_LSA_28_MAX.csv,0.9451699330525861,0.42898166666666665,2.0476190476190474,0.9139939326497942
