Technique,AUC,Credibility,LagGlobal,MAP
50Traced_NONETRACED_RFSMOTE_MULTI_LSA_47_SUM.csv,0.8718415937803692,0.7875610852146361,2.2936507936507935,0.8112566236867674
