Technique,AUC,Credibility,LagGlobal,MAP
50Traced_NONETRACED_RFUNDER_MULTI_VSM_26_MAX.csv,0.9255277507828529,0.8353778571428572,2.0476190476190474,0.8293671210334862
