Technique,AUC,Credibility,LagGlobal,MAP
50Traced_NONETRACED_RFSMOTE_MULTI_VSM_29_SUM.csv,0.8829398823021273,0.775973863812626,2.2182539682539684,0.8034121820404344
