Technique,AUC,Credibility,LagGlobal,MAP
50Traced_NONETRACED_RFUNDER_SINGLE_LSA_96_SUM.csv,0.9283689666342727,0.840877357340889,2.2182539682539684,0.9141345597341635
