Technique,AUC,Credibility,LagGlobal,MAP
50Traced_NONETRACED_RFNONE_SINGLE_LSA_0_MEDIAN.csv,0.8986205593348451,0.8276152380952381,2.2182539682539684,0.8788404132324212
