Technique,AUC,Credibility,LagGlobal,MAP
50Traced_NONETRACED_RFSMOTE_RAW_VSM_7_SUM.csv,0.8546525753158406,0.7588809771857695,2.2936507936507935,0.8013901300724906
