Technique,AUC,Credibility,LagGlobal,MAP
50Traced_NONETRACED_MAX_SINGLE_LSA_13_SUM.csv,0.972617022999676,0.7356710201188973,1.1547619047619047,0.951692622052914
