Technique,AUC,Credibility,LagGlobal,MAP
50Traced_NONETRACED_RFUNDER_SINGLE_LSA_67_MAX.csv,0.9086086815678652,0.8463582142857143,2.2182539682539684,0.8937542176696132
