Technique,AUC,Credibility,LagGlobal,MAP
50Traced_NONETRACED_RFNONE_MULTI_LSA_44_MEDIAN.csv,0.9188431324910916,0.8489054761904762,2.2182539682539684,0.8911612601125338
