Technique,AUC,Credibility,LagGlobal,MAP
50Traced_NONETRACED_MAX_RAW_VSM_19_SUM.csv,0.9435907299427708,0.7606004415214942,1.757936507936508,0.9213530894633264
