Technique,AUC,Credibility,LagGlobal,MAP
50Traced_NONETRACED_SUM_SINGLE_LSA_62_MEDIAN.csv,0.9637491901522514,-0.25980857142857144,0.8373015873015873,0.9286859604139663
