Technique,AUC,Credibility,LagGlobal,MAP
50Traced_NONETRACED_SUM_RAW_LSA_52_MEDIAN.csv,0.9396865889212829,0.5328751190476191,1.7936507936507937,0.9005531072214222
