Technique,AUC,Credibility,LagGlobal,MAP
50Traced_NONETRACED_RFUNDER_SINGLE_VSM_66_SUM.csv,0.9091553287981858,0.8347840690978887,2.2182539682539684,0.8956542437866345
