Technique,AUC,Credibility,LagGlobal,MAP
50Traced_NONETRACED_SUM_RAW_LSA_76_SUM.csv,0.9416133516898824,0.7478160169726558,1.992063492063492,0.9204887935833931
