Technique,AUC,Credibility,LagGlobal,MAP
50Traced_NONETRACED_SUM_RAW_VSM_26_SUM.csv,0.9342538602742685,0.742014789029858,1.9325396825396826,0.891233862276697
