Technique,AUC,Credibility,LagGlobal,MAP
50Traced_NONETRACED_RFNONE_RAW_VSM_55_MEDIAN.csv,0.9160997732426304,0.8155425,2.2936507936507935,0.8920270098012077
