Technique,AUC,Credibility,LagGlobal,MAP
50Traced_NONETRACED_RFSMOTE_MULTI_VSM_14_MEDIAN.csv,0.8392722168232373,0.7498104761904761,2.2222222222222223,0.7224275740000337
