Technique,AUC,Credibility,LagGlobal,MAP
50Traced_NONETRACED_RFSMOTE_MULTI_VSM_22_MAX.csv,0.8338462369074613,0.7538758333333333,2.2261904761904763,0.7048630116620609
