Technique,AUC,Credibility,LagGlobal,MAP
50Traced_NONETRACED_SUM_MULTI_LSA_82_MAX.csv,0.9111495788791707,-0.2855875,2.0595238095238093,0.8374755828733296
