Technique,AUC,Credibility,LagGlobal,MAP
50Traced_NONETRACED_RFSMOTE_MULTI_LSA_28_SUM.csv,0.8631121099233344,0.7837527800627608,2.2222222222222223,0.8291570677894426
