Technique,AUC,Credibility,LagGlobal,MAP
50Traced_NONETRACED_RFUNDER_MULTI_LSA_47_SUM.csv,0.9247145286686104,0.8294524418852633,2.123015873015873,0.8667086894991056
