Technique,AUC,Credibility,LagGlobal,MAP
50Traced_NONETRACED_SUM_MULTI_LSA_0_MAX.csv,0.9304037091026887,-0.1074697619047619,1.7182539682539681,0.8736939234122062
