Technique,AUC,Credibility,LagGlobal,MAP
50Traced_NONETRACED_RFSMOTE_RAW_VSM_54_MAX.csv,0.8801695281287119,0.76609,2.2936507936507935,0.8263007971399194
