Technique,AUC,Credibility,LagGlobal,MAP
50Traced_NONETRACED_RFNONE_RAW_LSA_85_SUM.csv,0.8909877443040708,0.8073642720043872,2.1547619047619047,0.8718814055566884
