Technique,AUC,Credibility,LagGlobal,MAP
50Traced_NONETRACED_RFSMOTE_RAW_VSM_83_SUM.csv,0.8973315516682865,0.8069403103082619,2.2182539682539684,0.8802348622102304
