Technique,AUC,Credibility,LagGlobal,MAP
50Traced_NONETRACED_MAX_SINGLE_LSA_55_MAX.csv,0.9662833387323183,0.7352985714285715,1.1071428571428572,0.9488977040444706
