Technique,AUC,Credibility,LagGlobal,MAP
50Traced_NONETRACED_MEDIAN_MULTI_LSA_32_MAX.csv,0.7790127955944283,0.6758227380952381,2.2936507936507935,0.6797725412529736
