Technique,AUC,Credibility,LagGlobal,MAP
50Traced_NONETRACED_RFSMOTE_SINGLE_VSM_35_SUM.csv,0.8982797484072995,0.762679758173857,2.1785714285714284,0.8459316535570824
