Technique,AUC,Credibility,LagGlobal,MAP
50Traced_NONETRACED_RFNONE_RAW_LSA_19_MEDIAN.csv,0.8806756829716014,0.7944133333333333,2.2936507936507935,0.8579793156855076
