Technique,AUC,Credibility,LagGlobal,MAP
50Traced_NONETRACED_RFNONE_RAW_LSA_59_SUM.csv,0.8618433484504913,0.786037763153886,2.2936507936507935,0.8368873534503611
