Technique,AUC,Credibility,LagGlobal,MAP
50Traced_NONETRACED_RFNONE_RAW_VSM_19_SUM.csv,0.9010062358276644,0.8104109161258873,2.2182539682539684,0.8806743050981656
