Technique,AUC,Credibility,LagGlobal,MAP
50Traced_NONETRACED_MAX_SINGLE_LSA_21_MEDIAN.csv,0.9822744574020085,0.751969761904762,0.9761904761904762,0.9677138004770718
