Technique,AUC,Credibility,LagGlobal,MAP
50Traced_NONETRACED_RFNONE_SINGLE_LSA_3_SUM.csv,0.896687047835007,0.8172658653992627,2.2182539682539684,0.8833129456189346
