Technique,AUC,Credibility,LagGlobal,MAP
50Traced_NONETRACED_MAX_RAW_LSA_14_SUM.csv,0.9600475110679193,0.7910375268602823,1.4047619047619047,0.943656872728654
