Technique,AUC,Credibility,LagGlobal,MAP
50Traced_NONETRACED_RFUNDER_SINGLE_VSM_76_MAX.csv,0.9272790465392506,0.8543913095238095,2.2182539682539684,0.9186303410668414
