Technique,AUC,Credibility,LagGlobal,MAP
50Traced_NONETRACED_RFNONE_RAW_LSA_4_SUM.csv,0.8819613162725406,0.7991888049659244,2.2182539682539684,0.8661003739060846
