Technique,AUC,Credibility,LagGlobal,MAP
50Traced_NONETRACED_MEDIAN_MULTI_LSA_53_SUM.csv,0.7779431216931217,0.6633718176435761,2.2936507936507935,0.6811693788970845
