Technique,AUC,Credibility,LagGlobal,MAP
50Traced_NONETRACED_RFSMOTE_RAW_VSM_45_MAX.csv,0.8762080228916964,0.7858691666666666,2.2182539682539684,0.839697545425277
