Technique,AUC,Credibility,LagGlobal,MAP
50Traced_NONETRACED_RFUNDER_SINGLE_VSM_8_SUM.csv,0.9262768599503293,0.840115696310514,2.1547619047619047,0.9066533599761818
