Technique,AUC,Credibility,LagGlobal,MAP
50Traced_NONETRACED_RFSMOTE_SINGLE_LSA_71_SUM.csv,0.8623090109059497,0.777701066576215,2.2936507936507935,0.829275893233686
