Technique,AUC,Credibility,LagGlobal,MAP
50Traced_NONETRACED_MEDIAN_RAW_VSM_26_SUM.csv,0.7822791815138754,0.6646059839865149,2.3015873015873014,0.6859532792966132
