Technique,AUC,Credibility,LagGlobal,MAP
50Traced_NONETRACED_RFNONE_SINGLE_LSA_11_MAX.csv,0.898772405787712,0.8268669047619047,2.2182539682539684,0.8773410877663764
