Technique,AUC,Credibility,LagGlobal,MAP
50Traced_NONETRACED_RFSMOTE_SINGLE_LSA_50_SUM.csv,0.8665742090486988,0.7488294555607259,2.2182539682539684,0.7989971401783343
