Technique,AUC,Credibility,LagGlobal,MAP
50Traced_NONETRACED_SUM_RAW_VSM_37_SUM.csv,0.939585357952705,0.7356888163731031,2.238095238095238,0.9169933675964043
