Technique,AUC,Credibility,LagGlobal,MAP
50Traced_NONETRACED_RFSMOTE_SINGLE_VSM_64_MEDIAN.csv,0.8778749595076125,0.7640276190476191,2.0476190476190474,0.8117189098990347
