Technique,AUC,Credibility,LagGlobal,MAP
50Traced_NONETRACED_MAX_MULTI_VSM_85_SUM.csv,0.960249973005075,0.7297150904815138,1.6428571428571428,0.9370273820962833
