Technique,AUC,Credibility,LagGlobal,MAP
50Traced_NONETRACED_RFUNDER_MULTI_VSM_7_MEDIAN.csv,0.9078190800129575,0.8243177380952381,2.2182539682539684,0.7754738648008077
