Technique,AUC,Credibility,LagGlobal,MAP
50Traced_NONETRACED_SUM_RAW_VSM_83_SUM.csv,0.9427910052910055,0.7361185629479587,2.0634920634920637,0.9154317226989387
