Technique,AUC,Credibility,LagGlobal,MAP
50Traced_NONETRACED_RFUNDER_RAW_VSM_20_MEDIAN.csv,0.8823122502969442,0.7882903571428571,2.1547619047619047,0.8447011299244969
