Technique,AUC,Credibility,LagGlobal,MAP
50Traced_NONETRACED_MEDIAN_MULTI_LSA_95_MEDIAN.csv,0.7782366915019977,0.675795119047619,2.2936507936507935,0.6795107654487806
