Technique,AUC,Credibility,LagGlobal,MAP
50Traced_NONETRACED_MEDIAN_SINGLE_LSA_33_MEDIAN.csv,0.7787495950761258,0.6758411904761905,2.2936507936507935,0.6801477381178941
