Technique,AUC,Credibility,LagGlobal,MAP
50Traced_NONETRACED_RFSMOTE_SINGLE_VSM_10_SUM.csv,0.8943114944390456,0.7784211528501356,2.0476190476190474,0.8501874731142381
