Technique,AUC,Credibility,LagGlobal,MAP
50Traced_NONETRACED_RFUNDER_RAW_LSA_17_MAX.csv,0.8609457671957672,0.7923560714285715,2.2182539682539684,0.8344253509523948
