Technique,AUC,Credibility,LagGlobal,MAP
50Traced_NONETRACED_MAX_RAW_LSA_10_MEDIAN.csv,0.9546856440989093,0.7918234523809524,2.0555555555555554,0.9428496670629547
