Technique,AUC,Credibility,LagGlobal,MAP
50Traced_NONETRACED_RFUNDER_SINGLE_LSA_47_SUM.csv,0.895522891696361,0.8111725771562623,2.2936507936507935,0.8744479986133374
