Technique,AUC,Credibility,LagGlobal,MAP
50Traced_NONETRACED_RFUNDER_SINGLE_LSA_60_SUM.csv,0.9351581902602311,0.8439240014623892,2.123015873015873,0.92555714384617
