Technique,AUC,Credibility,LagGlobal,MAP
50Traced_NONETRACED_MEDIAN_MULTI_VSM_53_MAX.csv,0.778651738473167,0.6758127380952381,2.2936507936507935,0.6797559121878252
