Technique,AUC,Credibility,LagGlobal,MAP
50Traced_NONETRACED_MEDIAN_RAW_VSM_92_SUM.csv,0.7817156624554584,0.6647314999958857,2.2936507936507935,0.6825775366997081
