Technique,AUC,Credibility,LagGlobal,MAP
50Traced_NONETRACED_MAX_SINGLE_VSM_76_SUM.csv,0.9589002267573696,0.7239610518084435,1.3373015873015872,0.9351202622445525
