Technique,AUC,Credibility,LagGlobal,MAP
50Traced_NONETRACED_SUM_SINGLE_LSA_6_MAX.csv,0.9506364053557932,-0.2858829761904762,1.0436507936507937,0.9028000304585504
