Technique,AUC,Credibility,LagGlobal,MAP
50Traced_NONETRACED_MEDIAN_SINGLE_VSM_73_SUM.csv,0.7828629467660081,0.6647576757168231,2.2936507936507935,0.6852646204252258
