Technique,AUC,Credibility,LagGlobal,MAP
50Traced_NONETRACED_RFUNDER_MULTI_VSM_17_MAX.csv,0.8892296998164344,0.812867380952381,2.2182539682539684,0.7472087954990723
