Technique,AUC,Credibility,LagGlobal,MAP
50Traced_NONETRACED_RFSMOTE_MULTI_LSA_62_MAX.csv,0.8952563168124393,0.7942795238095238,2.0555555555555554,0.7454741620874863
