Technique,AUC,Credibility,LagGlobal,MAP
50Traced_NONETRACED_RFUNDER_RAW_LSA_84_MEDIAN.csv,0.8889462531044163,0.8246185714285714,2.2936507936507935,0.876863992612186
