Technique,AUC,Credibility,LagGlobal,MAP
50Traced_NONETRACED_RFSMOTE_RAW_LSA_9_SUM.csv,0.8774092970521542,0.7890844072753862,2.1825396825396823,0.8487448340284899
