Technique,AUC,Credibility,LagGlobal,MAP
50Traced_NONETRACED_RFNONE_SINGLE_VSM_84_SUM.csv,0.9237359626390239,0.8317374249763885,2.123015873015873,0.9104629914971619
