Technique,AUC,Credibility,LagGlobal,MAP
50Traced_NONETRACED_RFSMOTE_RAW_VSM_56_MAX.csv,0.873835843861354,0.7800825,2.2182539682539684,0.8400066201361335
