Technique,AUC,Credibility,LagGlobal,MAP
50Traced_NONETRACED_RFSMOTE_MULTI_LSA_88_SUM.csv,0.8755803908865134,0.7624262712122597,2.2182539682539684,0.7621632184152027
