Technique,AUC,Credibility,LagGlobal,MAP
50Traced_NONETRACED_MAX_RAW_VSM_53_MEDIAN.csv,0.9662732156354605,0.7993346428571428,1.6904761904761905,0.9456108851678054
