Technique,AUC,Credibility,LagGlobal,MAP
50Traced_NONETRACED_RFNONE_RAW_LSA_54_MAX.csv,0.8870734801857252,0.7983455952380952,2.2936507936507935,0.8671596577390867
