Technique,AUC,Credibility,LagGlobal,MAP
50Traced_NONETRACED_RFUNDER_RAW_LSA_34_MAX.csv,0.8429199060576611,0.7823953571428571,2.2936507936507935,0.814026175351133
