Technique,AUC,Credibility,LagGlobal,MAP
50Traced_NONETRACED_RFUNDER_RAW_LSA_67_MEDIAN.csv,0.8874345373069863,0.821620119047619,2.2182539682539684,0.8722057370479578
