Technique,AUC,Credibility,LagGlobal,MAP
50Traced_NONETRACED_MEDIAN_SINGLE_VSM_27_SUM.csv,0.7808619479537848,0.6695899450521234,2.2936507936507935,0.6838976687712258
