Technique,AUC,Credibility,LagGlobal,MAP
50Traced_NONETRACED_RFUNDER_RAW_VSM_77_MEDIAN.csv,0.9020995302883059,0.8184753571428571,2.2182539682539684,0.8758378476013633
