Technique,AUC,Credibility,LagGlobal,MAP
50Traced_NONETRACED_RFSMOTE_RAW_VSM_64_MAX.csv,0.8652008422416586,0.7867366666666666,2.2936507936507935,0.8144755645329074
