Technique,AUC,Credibility,LagGlobal,MAP
50Traced_NONETRACED_RFNONE_RAW_LSA_58_MAX.csv,0.8786915559874744,0.8039959523809523,2.2936507936507935,0.8584366892414379
