Technique,AUC,Credibility,LagGlobal,MAP
50Traced_NONETRACED_MEDIAN_MULTI_VSM_95_MAX.csv,0.7782704351581903,0.6757288095238095,2.2936507936507935,0.6795514587724776
