Technique,AUC,Credibility,LagGlobal,MAP
50Traced_NONETRACED_RFSMOTE_MULTI_LSA_64_MAX.csv,0.8837092376633193,0.7845570238095239,2.2936507936507935,0.8378606565094381
