Technique,AUC,Credibility,LagGlobal,MAP
50Traced_NONETRACED_MAX_SINGLE_VSM_11_MAX.csv,0.9790215689450383,0.7434034523809524,1.0793650793650793,0.9683341828524505
