Technique,AUC,Credibility,LagGlobal,MAP
50Traced_NONETRACED_RFSMOTE_RAW_LSA_41_SUM.csv,0.863439423388403,0.7959393565487616,2.2222222222222223,0.8410557216137857
