Technique,AUC,Credibility,LagGlobal,MAP
50Traced_NONETRACED_MAX_RAW_VSM_26_SUM.csv,0.9521413724219846,0.7800271608035353,2.2777777777777777,0.9290040659637469
