Technique,AUC,Credibility,LagGlobal,MAP
50Traced_NONETRACED_MAX_RAW_VSM_93_SUM.csv,0.9662934618291762,0.7660619032193376,1.8214285714285714,0.9456421949435239
