Technique,AUC,Credibility,LagGlobal,MAP
50Traced_NONETRACED_RFNONE_RAW_LSA_94_MAX.csv,0.8985395745599827,0.7981416666666666,2.1785714285714284,0.8711505578793362
