Technique,AUC,Credibility,LagGlobal,MAP
50Traced_NONETRACED_RFUNDER_MULTI_VSM_55_MAX.csv,0.9065874365619264,0.8298135714285714,2.2936507936507935,0.8267191574551458
