Technique,AUC,Credibility,LagGlobal,MAP
50Traced_NONETRACED_RFSMOTE_MULTI_LSA_97_MAX.csv,0.8336370262390671,0.7721683333333333,2.2182539682539684,0.715289363666151
