Technique,AUC,Credibility,LagGlobal,MAP
50Traced_NONETRACED_RFSMOTE_RAW_VSM_49_SUM.csv,0.8848160295864378,0.7736472002481775,2.126984126984127,0.8155671926164394
