Technique,AUC,Credibility,LagGlobal,MAP
50Traced_NONETRACED_RFSMOTE_RAW_VSM_12_SUM.csv,0.8772844455242415,0.7784211528501356,2.1825396825396823,0.8405442060026637
