Technique,AUC,Credibility,LagGlobal,MAP
50Traced_NONETRACED_RFUNDER_MULTI_VSM_41_MEDIAN.csv,0.9064895799589678,0.8320045238095238,2.2936507936507935,0.8002951403725789
