Technique,AUC,Credibility,LagGlobal,MAP
50Traced_NONETRACED_RFUNDER_SINGLE_LSA_16_SUM.csv,0.8897594752186588,0.8224433209929368,2.2182539682539684,0.8633589135555538
