Technique,AUC,Credibility,LagGlobal,MAP
50Traced_NONETRACED_RFNONE_SINGLE_VSM_9_MEDIAN.csv,0.8946590540978296,0.8260617857142857,2.2936507936507935,0.8817181192744806
