Technique,AUC,Credibility,LagGlobal,MAP
50Traced_NONETRACED_RFUNDER_MULTI_VSM_15_SUM.csv,0.9228147608249648,0.8302141029156385,2.2182539682539684,0.8698890032035607
