Technique,AUC,Credibility,LagGlobal,MAP
50Traced_NONETRACED_RFUNDER_RAW_LSA_7_MEDIAN.csv,0.8900024295432458,0.8227960714285715,2.2182539682539684,0.8720231600438618
