Technique,AUC,Credibility,LagGlobal,MAP
50Traced_NONETRACED_RFUNDER_SINGLE_LSA_74_SUM.csv,0.9101473922902494,0.8324990860067636,2.2182539682539684,0.89809121101052
