Technique,AUC,Credibility,LagGlobal,MAP
50Traced_NONETRACED_RFNONE_MULTI_LSA_73_SUM.csv,0.916670041032286,0.8324990860067636,2.0476190476190474,0.8969149317275212
