Technique,AUC,Credibility,LagGlobal,MAP
50Traced_NONETRACED_MAX_RAW_LSA_21_SUM.csv,0.9354348882410106,0.7697510286707594,2.2777777777777777,0.9182930536934681
