Technique,AUC,Credibility,LagGlobal,MAP
50Traced_NONETRACED_RFSMOTE_SINGLE_LSA_13_MAX.csv,0.8350475110679193,0.7169085714285715,2.2936507936507935,0.7480930255213811
