Technique,AUC,Credibility,LagGlobal,MAP
50Traced_NONETRACED_RFNONE_SINGLE_VSM_12_MEDIAN.csv,0.9019409351042005,0.8302616666666667,2.011904761904762,0.8818330922151868
