Technique,AUC,Credibility,LagGlobal,MAP
50Traced_NONETRACED_RFUNDER_RAW_VSM_87_MAX.csv,0.8844279775402225,0.7989514285714285,2.123015873015873,0.8528235806076948
