Technique,AUC,Credibility,LagGlobal,MAP
50Traced_NONETRACED_SUM_RAW_VSM_59_SUM.csv,0.9286861570024837,0.7415559740181838,2.3095238095238093,0.9075551005874256
