Technique,AUC,Credibility,LagGlobal,MAP
50Traced_NONETRACED_MAX_SINGLE_LSA_80_MEDIAN.csv,0.9728835978835979,0.7451884523809523,1.0753968253968254,0.9513666983418314
