Technique,AUC,Credibility,LagGlobal,MAP
50Traced_NONETRACED_RFNONE_RAW_VSM_67_SUM.csv,0.8592619587517546,0.7867994241842611,2.2936507936507935,0.8368962018764093
