Technique,AUC,Credibility,LagGlobal,MAP
50Traced_NONETRACED_SUM_SINGLE_VSM_22_MEDIAN.csv,0.9609687128819783,-0.2232813095238095,0.9325396825396826,0.9206463734187155
