Technique,AUC,Credibility,LagGlobal,MAP
50Traced_NONETRACED_RFNONE_SINGLE_VSM_15_SUM.csv,0.8753408109275456,0.8088875940651372,2.2182539682539684,0.8469115354633849
