Technique,AUC,Credibility,LagGlobal,MAP
50Traced_NONETRACED_SUM_SINGLE_VSM_63_MAX.csv,0.9666443958535795,-0.2353620238095238,1.257936507936508,0.9318515312219312
