Technique,AUC,Credibility,LagGlobal,MAP
50Traced_NONETRACED_RFSMOTE_MULTI_VSM_23_SUM.csv,0.8745343375445416,0.7776594918197606,2.2182539682539684,0.7964836678906871
