Technique,AUC,Credibility,LagGlobal,MAP
50Traced_NONETRACED_RFNONE_RAW_LSA_17_MAX.csv,0.8631863459669582,0.7877345238095238,2.2936507936507935,0.838085873794384
