Technique,AUC,Credibility,LagGlobal,MAP
50Traced_NONETRACED_MEDIAN_MULTI_VSM_65_MEDIAN.csv,0.7782096965770435,0.6757754761904762,2.2936507936507935,0.6795045765630219
