Technique,AUC,Credibility,LagGlobal,MAP
50Traced_NONETRACED_RFNONE_RAW_VSM_43_MEDIAN.csv,0.8681770327178491,0.7911544047619048,2.2182539682539684,0.8387933645477088
