Technique,AUC,Credibility,LagGlobal,MAP
50Traced_NONETRACED_RFNONE_MULTI_LSA_54_SUM.csv,0.8969738689126444,0.8256441367333882,2.2182539682539684,0.8632011834989093
