Technique,AUC,Credibility,LagGlobal,MAP
50Traced_NONETRACED_RFSMOTE_RAW_VSM_3_SUM.csv,0.8689160187884678,0.7822294580020108,2.2936507936507935,0.837909899768689
