Technique,AUC,Credibility,LagGlobal,MAP
50Traced_NONETRACED_SUM_MULTI_VSM_20_SUM.csv,0.9371321941475003,0.7314760888184871,2.134920634920635,0.9031364996742327
