Technique,AUC,Credibility,LagGlobal,MAP
50Traced_NONETRACED_RFUNDER_RAW_LSA_77_MAX.csv,0.8970481049562682,0.8243244047619047,2.2936507936507935,0.8545909273004121
