Technique,AUC,Credibility,LagGlobal,MAP
50Traced_NONETRACED_SUM_SINGLE_VSM_28_MAX.csv,0.9685002969441746,-0.24179107142857142,1.0119047619047619,0.930751809849254
