Technique,AUC,Credibility,LagGlobal,MAP
50Traced_NONETRACED_RFUNDER_MULTI_LSA_19_MEDIAN.csv,0.9112946766007991,0.8339204761904762,2.1626984126984126,0.8052050590131915
