Technique,AUC,Credibility,LagGlobal,MAP
50Traced_NONETRACED_MAX_SINGLE_VSM_64_MAX.csv,0.9764772972681136,0.7443435714285714,1.0595238095238095,0.9594363371837287
