Technique,AUC,Credibility,LagGlobal,MAP
50Traced_NONETRACED_SUM_RAW_LSA_82_SUM.csv,0.9250418421336788,0.7411872049637789,2.265873015873016,0.9022902784045054
