Technique,AUC,Credibility,LagGlobal,MAP
50Traced_NONETRACED_RFUNDER_SINGLE_LSA_12_MAX.csv,0.9192548050966419,0.8446147619047619,2.123015873015873,0.9017048215878118
