Technique,AUC,Credibility,LagGlobal,MAP
50Traced_NONETRACED_RFSMOTE_MULTI_LSA_98_SUM.csv,0.8597040006478782,0.772833686801977,2.2182539682539684,0.8241233962849221
