Technique,AUC,Credibility,LagGlobal,MAP
50Traced_NONETRACED_RFUNDER_MULTI_LSA_19_SUM.csv,0.9183875931324911,0.8264057977637632,2.1626984126984126,0.8553143356879372
