Technique,AUC,Credibility,LagGlobal,MAP
50Traced_NONETRACED_MAX_MULTI_LSA_46_SUM.csv,0.9469549724651765,0.7338074979422293,2.126984126984127,0.9288874422179484
