Technique,AUC,Credibility,LagGlobal,MAP
50Traced_NONETRACED_MAX_MULTI_LSA_11_SUM.csv,0.9574425008098477,0.7246354629766845,1.373015873015873,0.9357736352453272
