Technique,AUC,Credibility,LagGlobal,MAP
50Traced_NONETRACED_SUM_RAW_LSA_80_SUM.csv,0.9532785336356766,0.7394246083241671,1.8531746031746033,0.9191363858307708
