Technique,AUC,Credibility,LagGlobal,MAP
50Traced_NONETRACED_RFSMOTE_SINGLE_VSM_97_MEDIAN.csv,0.894432971601339,0.8171022619047619,2.2182539682539684,0.8597096684055514
