Technique,AUC,Credibility,LagGlobal,MAP
50Traced_NONETRACED_RFSMOTE_MULTI_LSA_82_MEDIAN.csv,0.8569437695713207,0.7446346428571429,2.1825396825396823,0.7276889144457865
