Technique,AUC,Credibility,LagGlobal,MAP
50Traced_NONETRACED_MAX_MULTI_LSA_37_SUM.csv,0.9333664021164021,0.7437622590019615,2.134920634920635,0.9056626522095363
