Technique,AUC,Credibility,LagGlobal,MAP
50Traced_NONETRACED_RFNONE_RAW_LSA_92_MAX.csv,0.8880689180434078,0.8044976190476191,2.2182539682539684,0.8608942874486659
