Technique,AUC,Credibility,LagGlobal,MAP
50Traced_NONETRACED_SUM_MULTI_LSA_53_MAX.csv,0.9299178004535148,-0.15761785714285714,1.5674603174603174,0.8681262942168879
