Technique,AUC,Credibility,LagGlobal,MAP
50Traced_NONETRACED_SUM_RAW_VSM_95_MEDIAN.csv,0.9427538872691934,0.4593736904761905,1.9801587301587302,0.9105466241448197
