Technique,AUC,Credibility,LagGlobal,MAP
50Traced_NONETRACED_MAX_MULTI_VSM_36_SUM.csv,0.9422038656732534,0.7327643219724438,2.3015873015873014,0.9281841330582786
