Technique,AUC,Credibility,LagGlobal,MAP
50Traced_NONETRACED_MAX_SINGLE_LSA_23_MAX.csv,0.974152359356441,0.748935119047619,1.6587301587301588,0.9582701777909151
