Technique,AUC,Credibility,LagGlobal,MAP
50Traced_NONETRACED_RFNONE_MULTI_VSM_21_SUM.csv,0.8771899632869021,0.8088875940651372,2.2182539682539684,0.8533466858570511
