Technique,AUC,Credibility,LagGlobal,MAP
50Traced_NONETRACED_MAX_MULTI_LSA_15_MEDIAN.csv,0.9397945686210993,0.7410597619047619,2.2896825396825395,0.918512592748788
