Technique,AUC,Credibility,LagGlobal,MAP
50Traced_NONETRACED_RFNONE_RAW_VSM_82_MEDIAN.csv,0.9048462639023864,0.8082860714285715,2.2182539682539684,0.8789306924739868
