Technique,AUC,Credibility,LagGlobal,MAP
50Traced_NONETRACED_RFSMOTE_MULTI_VSM_9_MEDIAN.csv,0.8108330633840839,0.713382619047619,2.2182539682539684,0.7076149373017784
