Technique,AUC,Credibility,LagGlobal,MAP
50Traced_NONETRACED_RFNONE_RAW_LSA_39_MEDIAN.csv,0.8902386351365944,0.8060717857142857,2.2936507936507935,0.8696672169489369
