Technique,AUC,Credibility,LagGlobal,MAP
50Traced_NONETRACED_RFUNDER_RAW_VSM_18_MAX.csv,0.8797173631357305,0.8145378571428571,2.2936507936507935,0.8613792183758977
