Technique,AUC,Credibility,LagGlobal,MAP
50Traced_NONETRACED_SUM_SINGLE_LSA_33_MAX.csv,0.952671147824209,-0.2921567857142857,1.4047619047619047,0.9080924022598897
