Technique,AUC,Credibility,LagGlobal,MAP
50Traced_NONETRACED_RFSMOTE_SINGLE_LSA_54_MEDIAN.csv,0.829219981643451,0.7460409523809524,2.2936507936507935,0.7601194722265734
