Technique,AUC,Credibility,LagGlobal,MAP
50Traced_NONETRACED_RFNONE_MULTI_VSM_98_SUM.csv,0.8917098585465932,0.8134575602473875,2.1547619047619047,0.8566670675653475
