Technique,AUC,Credibility,LagGlobal,MAP
50Traced_NONETRACED_MEDIAN_RAW_VSM_34_SUM.csv,0.7802714339704135,0.6640463503340945,2.2936507936507935,0.6816600574560688
