Technique,AUC,Credibility,LagGlobal,MAP
50Traced_NONETRACED_MAX_SINGLE_LSA_30_SUM.csv,0.977533473706943,0.7349500631834447,0.9682539682539683,0.9612129399469197
