Technique,AUC,Credibility,LagGlobal,MAP
50Traced_NONETRACED_SUM_SINGLE_VSM_43_MAX.csv,0.9744189342403627,-0.25662416666666665,0.9444444444444444,0.9431263277037695
