Technique,AUC,Credibility,LagGlobal,MAP
50Traced_NONETRACED_RFNONE_SINGLE_LSA_92_SUM.csv,0.9011884515711046,0.8108738172793547,2.2182539682539684,0.883112530832566
