Technique,AUC,Credibility,LagGlobal,MAP
50Traced_NONETRACED_RFNONE_RAW_VSM_50_SUM.csv,0.8986846722816113,0.7875610852146361,2.2936507936507935,0.8727693196939623
