Technique,AUC,Credibility,LagGlobal,MAP
50Traced_NONETRACED_RFSMOTE_MULTI_VSM_10_MEDIAN.csv,0.8671579743008314,0.7778641666666667,2.2182539682539684,0.801316598293679
