Technique,AUC,Credibility,LagGlobal,MAP
50Traced_NONETRACED_RFNONE_SINGLE_LSA_30_SUM.csv,0.9022614998380305,0.8126958992170125,2.1547619047619047,0.8846560066067212
