Technique,AUC,Credibility,LagGlobal,MAP
50Traced_NONETRACED_MAX_SINGLE_VSM_67_MEDIAN.csv,0.986570024835331,0.7531438095238095,0.6349206349206349,0.9761900777387164
