Technique,AUC,Credibility,LagGlobal,MAP
50Traced_NONETRACED_RFUNDER_SINGLE_LSA_35_SUM.csv,0.8930967228161106,0.8286907808548883,2.2182539682539684,0.8799469554064325
