Technique,AUC,Credibility,LagGlobal,MAP
50Traced_NONETRACED_RFUNDER_MULTI_LSA_77_MAX.csv,0.9366125418421336,0.8576478571428572,2.0476190476190474,0.8787532502517998
