Technique,AUC,Credibility,LagGlobal,MAP
50Traced_NONETRACED_RFSMOTE_SINGLE_LSA_95_MAX.csv,0.8270333927221682,0.7149154761904762,2.2261904761904763,0.7236735225717505
