Technique,AUC,Credibility,LagGlobal,MAP
50Traced_NONETRACED_MEDIAN_MULTI_LSA_13_SUM.csv,0.7922099395313682,0.6683111676925485,2.2976190476190474,0.70432204185061
