Technique,AUC,Credibility,LagGlobal,MAP
50Traced_NONETRACED_RFSMOTE_RAW_LSA_3_MEDIAN.csv,0.8500769355361192,0.7658271428571428,2.2182539682539684,0.8007917681109937
