Technique,AUC,Credibility,LagGlobal,MAP
50Traced_NONETRACED_RFUNDER_RAW_VSM_56_MEDIAN.csv,0.9002503779289494,0.8319180952380952,2.2936507936507935,0.8941750432307174
