Technique,AUC,Credibility,LagGlobal,MAP
50Traced_NONETRACED_RFSMOTE_SINGLE_LSA_71_MAX.csv,0.8620863027750783,0.7774635714285715,2.2936507936507935,0.8254092797046054
