Technique,AUC,Credibility,LagGlobal,MAP
50Traced_NONETRACED_RFUNDER_SINGLE_LSA_1_MEDIAN.csv,0.8893478026131088,0.8334996428571428,2.2936507936507935,0.8783359409611459
