Technique,AUC,Credibility,LagGlobal,MAP
50Traced_NONETRACED_MEDIAN_MULTI_LSA_4_SUM.csv,0.7829877982939207,0.6667242375419067,2.2936507936507935,0.6921680236148403
