Technique,AUC,Credibility,LagGlobal,MAP
50Traced_NONETRACED_RFUNDER_RAW_VSM_94_SUM.csv,0.8674954108627577,0.7898460683057612,2.2182539682539684,0.8422449727031026
