Technique,AUC,Credibility,LagGlobal,MAP
50Traced_NONETRACED_RFUNDER_RAW_VSM_24_SUM.csv,0.8904714663643235,0.8203125095207628,2.2936507936507935,0.8616955836342813
