Technique,AUC,Credibility,LagGlobal,MAP
50Traced_NONETRACED_RFNONE_MULTI_VSM_31_SUM.csv,0.8868642695173308,0.8165042043688877,2.1547619047619047,0.8659257873078604
