Technique,AUC,Credibility,LagGlobal,MAP
50Traced_NONETRACED_MEDIAN_RAW_LSA_61_SUM.csv,0.7799846128927762,0.6655978325592473,2.2936507936507935,0.6820387021632832
