Technique,AUC,Credibility,LagGlobal,MAP
50Traced_NONETRACED_SUM_SINGLE_LSA_87_MEDIAN.csv,0.9735820915667854,-0.31872011904761904,0.8849206349206349,0.9461401743317289
