Technique,AUC,Credibility,LagGlobal,MAP
50Traced_NONETRACED_RFNONE_SINGLE_VSM_59_SUM.csv,0.8720643019112406,0.7907093997208003,2.2182539682539684,0.8468079471523975
