Technique,AUC,Credibility,LagGlobal,MAP
50Traced_NONETRACED_RFSMOTE_SINGLE_LSA_37_MAX.csv,0.8149430407083469,0.7236579761904762,2.2936507936507935,0.7443474906930412
