Technique,AUC,Credibility,LagGlobal,MAP
50Traced_NONETRACED_MAX_RAW_LSA_40_SUM.csv,0.9425817946226109,0.7716314220503983,2.1507936507936507,0.927131416638846
