Technique,AUC,Credibility,LagGlobal,MAP
50Traced_NONETRACED_RFNONE_RAW_VSM_22_SUM.csv,0.9044514631249326,0.7974626786095116,2.2936507936507935,0.8834148549078361
