Technique,AUC,Credibility,LagGlobal,MAP
50Traced_NONETRACED_MEDIAN_MULTI_VSM_76_SUM.csv,0.7932897365295326,0.6673530406834137,2.2936507936507935,0.7018298828094323
