Technique,AUC,Credibility,LagGlobal,MAP
50Traced_NONETRACED_SUM_MULTI_VSM_68_SUM.csv,0.9479942770759098,0.7335064508600884,1.8888888888888888,0.9193001297820359
