Technique,AUC,Credibility,LagGlobal,MAP
50Traced_NONETRACED_RFNONE_SINGLE_LSA_93_MAX.csv,0.8920371720116618,0.8215686904761905,2.123015873015873,0.8728522781402894
