Technique,AUC,Credibility,LagGlobal,MAP
50Traced_NONETRACED_RFUNDER_RAW_LSA_66_SUM.csv,0.8943114944390456,0.8119342381866375,2.1547619047619047,0.8728945357001643
