Technique,AUC,Credibility,LagGlobal,MAP
50Traced_NONETRACED_RFSMOTE_MULTI_VSM_89_MEDIAN.csv,0.8575342835546917,0.7652114285714285,2.2182539682539684,0.7908124821847037
