Technique,AUC,Credibility,LagGlobal,MAP
50Traced_NONETRACED_RFUNDER_RAW_LSA_80_MAX.csv,0.8564038710722385,0.801634880952381,2.2182539682539684,0.8323880972337677
