Technique,AUC,Credibility,LagGlobal,MAP
50Traced_NONETRACED_SUM_MULTI_VSM_33_MAX.csv,0.9159715473490984,-0.20318571428571428,2.0952380952380953,0.8602155806044716
