Technique,AUC,Credibility,LagGlobal,MAP
50Traced_NONETRACED_RFUNDER_SINGLE_VSM_96_SUM.csv,0.9260609005506965,0.8462089845535143,2.2936507936507935,0.9179041748906229
