Technique,AUC,Credibility,LagGlobal,MAP
50Traced_NONETRACED_SUM_RAW_LSA_63_MEDIAN.csv,0.9629967066191556,0.44579690476190476,2.1865079365079363,0.9485433620927246
