Technique,AUC,Credibility,LagGlobal,MAP
50Traced_NONETRACED_MEDIAN_MULTI_LSA_54_SUM.csv,0.7865983695065327,0.667013609040231,2.2976190476190474,0.6923998429736632
