Technique,AUC,Credibility,LagGlobal,MAP
50Traced_NONETRACED_SUM_SINGLE_LSA_77_MEDIAN.csv,0.9592241658568189,-0.24309714285714284,1.1944444444444444,0.9221112864076791
