Technique,AUC,Credibility,LagGlobal,MAP
50Traced_NONETRACED_RFSMOTE_MULTI_LSA_99_SUM.csv,0.8833785498326314,0.7883227462450111,2.2182539682539684,0.8092455136908774
