Technique,AUC,Credibility,LagGlobal,MAP
50Traced_NONETRACED_SUM_RAW_LSA_51_MEDIAN.csv,0.9509434726271462,0.42244,1.6111111111111112,0.9233480458132538
