Technique,AUC,Credibility,LagGlobal,MAP
50Traced_NONETRACED_RFNONE_RAW_VSM_93_MAX.csv,0.8635642749163158,0.7916760714285714,2.2936507936507935,0.8335646416004722
