Technique,AUC,Credibility,LagGlobal,MAP
50Traced_NONETRACED_MEDIAN_SINGLE_LSA_75_SUM.csv,0.7805548806824316,0.6647225746426457,2.2976190476190474,0.6849056167421462
