Technique,AUC,Credibility,LagGlobal,MAP
50Traced_NONETRACED_MEDIAN_RAW_LSA_77_SUM.csv,0.7793063654033042,0.6635729087372071,2.2936507936507935,0.6814793014545127
