Technique,AUC,Credibility,LagGlobal,MAP
50Traced_NONETRACED_MEDIAN_RAW_LSA_89_SUM.csv,0.7860955890292627,0.6648911020891483,2.2936507936507935,0.6877392093388213
