Technique,AUC,Credibility,LagGlobal,MAP
50Traced_NONETRACED_RFUNDER_SINGLE_LSA_8_MEDIAN.csv,0.9303463448871613,0.849814880952381,2.123015873015873,0.9205298586539503
