Technique,AUC,Credibility,LagGlobal,MAP
50Traced_NONETRACED_SUM_MULTI_LSA_22_SUM.csv,0.9497860652197386,0.7380385380308007,1.3888888888888888,0.9153047266740367
