Technique,AUC,Credibility,LagGlobal,MAP
50Traced_NONETRACED_RFSMOTE_SINGLE_LSA_74_MAX.csv,0.8493683187560738,0.7494367857142857,2.2936507936507935,0.768459643084531
