Technique,AUC,Credibility,LagGlobal,MAP
50Traced_NONETRACED_RFSMOTE_SINGLE_LSA_59_MEDIAN.csv,0.8856528722600151,0.7993895238095238,2.2936507936507935,0.8266503525772836
