Technique,AUC,Credibility,LagGlobal,MAP
50Traced_NONETRACED_RFNONE_SINGLE_VSM_79_MAX.csv,0.9014820213799807,0.8316665476190476,2.2182539682539684,0.8904348917228216
