Technique,AUC,Credibility,LagGlobal,MAP
50Traced_NONETRACED_MAX_RAW_VSM_65_SUM.csv,0.9531638052046215,0.7690860470644164,1.8849206349206349,0.9312710379216966
