Technique,AUC,Credibility,LagGlobal,MAP
50Traced_NONETRACED_RFUNDER_RAW_LSA_7_SUM.csv,0.8896818648094158,0.8165042043688877,2.2182539682539684,0.8701214456383056
