Technique,AUC,Credibility,LagGlobal,MAP
50Traced_NONETRACED_SUM_RAW_LSA_34_SUM.csv,0.9511526832955404,0.7394648114836989,1.7023809523809523,0.9207152678649808
