Technique,AUC,Credibility,LagGlobal,MAP
50Traced_NONETRACED_RFSMOTE_MULTI_VSM_45_SUM.csv,0.8536773836518734,0.76699623739451,2.2222222222222223,0.7777028333135506
