Technique,AUC,Credibility,LagGlobal,MAP
50Traced_NONETRACED_SUM_RAW_LSA_92_SUM.csv,0.9323574667962423,0.7331103159004928,1.8333333333333333,0.8947595981906329
