Technique,AUC,Credibility,LagGlobal,MAP
50Traced_NONETRACED_RFSMOTE_SINGLE_LSA_69_SUM.csv,0.8385804718712881,0.7441464064832587,2.2182539682539684,0.7808229499431979
