Technique,AUC,Credibility,LagGlobal,MAP
50Traced_NONETRACED_MEDIAN_SINGLE_LSA_49_SUM.csv,0.780085843861354,0.6643342792952583,2.2976190476190474,0.6829798063797068
