Technique,AUC,Credibility,LagGlobal,MAP
50Traced_NONETRACED_MAX_SINGLE_VSM_31_MAX.csv,0.971554097829608,0.730437380952381,1.0833333333333333,0.9484688812531272
