Technique,AUC,Credibility,LagGlobal,MAP
50Traced_NONETRACED_RFUNDER_SINGLE_LSA_44_MAX.csv,0.91115295324479,0.8447829761904762,2.2182539682539684,0.8967961284984867
