Technique,AUC,Credibility,LagGlobal,MAP
50Traced_NONETRACED_RFUNDER_RAW_VSM_62_MEDIAN.csv,0.891399416909621,0.8083295238095238,2.2936507936507935,0.871990455316421
