Technique,AUC,Credibility,LagGlobal,MAP
50Traced_NONETRACED_RFSMOTE_SINGLE_LSA_5_SUM.csv,0.8501106791923119,0.7548096609085093,2.2936507936507935,0.8067232528827859
