Technique,AUC,Credibility,LagGlobal,MAP
50Traced_NONETRACED_RFUNDER_MULTI_LSA_25_SUM.csv,0.9226392938127632,0.8294524418852633,2.0476190476190474,0.8723731809677309
