Technique,AUC,Credibility,LagGlobal,MAP
50Traced_NONETRACED_SUM_MULTI_VSM_84_MEDIAN.csv,0.9310279667422524,-0.13359619047619048,2.015873015873016,0.8824981042454177
