Technique,AUC,Credibility,LagGlobal,MAP
50Traced_NONETRACED_RFNONE_SINGLE_VSM_97_MEDIAN.csv,0.8536233938019652,0.7917828571428571,2.2936507936507935,0.8329735740233748
