Technique,AUC,Credibility,LagGlobal,MAP
50Traced_NONETRACED_RFNONE_RAW_LSA_18_MEDIAN.csv,0.8693580606845913,0.7926955952380952,2.2182539682539684,0.8409846174374745
