Technique,AUC,Credibility,LagGlobal,MAP
50Traced_NONETRACED_RFUNDER_RAW_LSA_65_MEDIAN.csv,0.8692737015441097,0.8035667857142857,2.2936507936507935,0.8456619917663257
