Technique,AUC,Credibility,LagGlobal,MAP
50Traced_NONETRACED_SUM_MULTI_VSM_25_SUM.csv,0.9304610733182161,0.7276389543920222,1.3134920634920635,0.8621353375882412
