Technique,AUC,Credibility,LagGlobal,MAP
50Traced_NONETRACED_RFNONE_SINGLE_LSA_52_MAX.csv,0.9035640049670662,0.8228919047619048,2.2182539682539684,0.8842136261878164
