Technique,AUC,Credibility,LagGlobal,MAP
50Traced_NONETRACED_MEDIAN_RAW_LSA_51_SUM.csv,0.7800352283770651,0.6639765710902478,2.2936507936507935,0.6820555517158069
