Technique,AUC,Credibility,LagGlobal,MAP
50Traced_NONETRACED_RFSMOTE_RAW_LSA_20_MEDIAN.csv,0.8804496004751107,0.8117109523809524,2.2182539682539684,0.8416858993881755
