Technique,AUC,Credibility,LagGlobal,MAP
50Traced_NONETRACED_RFSMOTE_SINGLE_VSM_78_SUM.csv,0.8775543947737825,0.7666672095548317,2.2182539682539684,0.8214298862975079
