Technique,AUC,Credibility,LagGlobal,MAP
50Traced_NONETRACED_RFSMOTE_MULTI_LSA_83_SUM.csv,0.881259448223734,0.7617259859545785,2.2222222222222223,0.8114983306445114
