Technique,AUC,Credibility,LagGlobal,MAP
50Traced_NONETRACED_RFUNDER_SINGLE_VSM_27_MAX.csv,0.9123407299427708,0.8454726190476191,2.1547619047619047,0.8982247420482805
