Technique,AUC,Credibility,LagGlobal,MAP
50Traced_NONETRACED_RFNONE_RAW_LSA_51_MAX.csv,0.8754116726055502,0.8027184523809524,2.2936507936507935,0.8527629653333738
