Technique,AUC,Credibility,LagGlobal,MAP
50Traced_NONETRACED_RFNONE_RAW_VSM_41_MEDIAN.csv,0.8455924036281179,0.7773746428571429,2.2936507936507935,0.8115385894013764
