Technique,AUC,Credibility,LagGlobal,MAP
50Traced_NONETRACED_RFSMOTE_RAW_VSM_30_SUM.csv,0.8789108897527265,0.7891118480208856,2.2182539682539684,0.8508215289974926
