Technique,AUC,Credibility,LagGlobal,MAP
50Traced_NONETRACED_RFUNDER_RAW_LSA_32_MAX.csv,0.8769233884029803,0.8163013095238095,2.2936507936507935,0.8485618973510897
