Technique,AUC,Credibility,LagGlobal,MAP
50Traced_NONETRACED_RFNONE_SINGLE_VSM_84_MAX.csv,0.923735962639024,0.8422647619047618,2.123015873015873,0.910462991497162
