Technique,AUC,Credibility,LagGlobal,MAP
50Traced_NONETRACED_RFSMOTE_SINGLE_LSA_16_MAX.csv,0.8707685455134435,0.784575,2.2182539682539684,0.8324589523272142
