Technique,AUC,Credibility,LagGlobal,MAP
50Traced_NONETRACED_SUM_RAW_LSA_89_SUM.csv,0.9404795648418097,0.7342453296688392,2.0793650793650795,0.9210308546285703
