Technique,AUC,Credibility,LagGlobal,MAP
50Traced_NONETRACED_MEDIAN_SINGLE_LSA_10_SUM.csv,0.780915937803693,0.6696374798579667,2.3015873015873014,0.6844201312648697
