Technique,AUC,Credibility,LagGlobal,MAP
50Traced_NONETRACED_RFUNDER_RAW_LSA_61_MEDIAN.csv,0.8557391210452435,0.7939477380952381,2.2936507936507935,0.8349324860580238
