Technique,AUC,Credibility,LagGlobal,MAP
50Traced_NONETRACED_MEDIAN_SINGLE_LSA_40_SUM.csv,0.7797315354713314,0.6642519299312488,2.2936507936507935,0.6828034661437109
