Technique,AUC,Credibility,LagGlobal,MAP
50Traced_NONETRACED_MEDIAN_SINGLE_LSA_96_SUM.csv,0.7800790951301155,0.6647403548414094,2.2936507936507935,0.6797505997278784
