Technique,AUC,Credibility,LagGlobal,MAP
50Traced_NONETRACED_RFSMOTE_SINGLE_VSM_4_MEDIAN.csv,0.857294703595724,0.738057619047619,2.1785714285714284,0.751531020174109
