Technique,AUC,Credibility,LagGlobal,MAP
50Traced_NONETRACED_RFUNDER_RAW_LSA_58_MAX.csv,0.901141210452435,0.8346059523809524,2.2182539682539684,0.876437672344301
