Technique,AUC,Credibility,LagGlobal,MAP
50Traced_NONETRACED_MEDIAN_RAW_LSA_60_SUM.csv,0.7806763578447252,0.664196058529984,2.2936507936507935,0.683076907603891
