Technique,AUC,Credibility,LagGlobal,MAP
50Traced_NONETRACED_RFSMOTE_MULTI_VSM_4_MAX.csv,0.8667867940827125,0.7934285714285715,2.2936507936507935,0.7950197767155782
