Technique,AUC,Credibility,LagGlobal,MAP
50Traced_NONETRACED_SUM_RAW_LSA_38_MAX.csv,0.9352358006694742,0.5061172619047619,1.8888888888888888,0.9040596943521001
