Technique,AUC,Credibility,LagGlobal,MAP
50Traced_NONETRACED_SUM_MULTI_VSM_57_SUM.csv,0.9253286632113162,0.7295996796917764,1.507936507936508,0.8797259159716603
