Technique,AUC,Credibility,LagGlobal,MAP
50Traced_NONETRACED_RFNONE_RAW_LSA_0_SUM.csv,0.8829500053989849,0.7883227462450111,2.2936507936507935,0.8562162705555644
