Technique,AUC,Credibility,LagGlobal,MAP
50Traced_NONETRACED_RFNONE_RAW_VSM_88_SUM.csv,0.8839893100097183,0.8096492550955123,2.1785714285714284,0.8663994714033527
