Technique,AUC,Credibility,LagGlobal,MAP
50Traced_NONETRACED_MAX_SINGLE_LSA_52_MAX.csv,0.9835533419717093,0.7410144047619047,0.7261904761904762,0.9686937022057394
