Technique,AUC,Credibility,LagGlobal,MAP
50Traced_NONETRACED_RFSMOTE_SINGLE_VSM_56_MEDIAN.csv,0.8260109599395314,0.7079339285714286,2.2182539682539684,0.6813588633485261
