Technique,AUC,Credibility,LagGlobal,MAP
50Traced_NONETRACED_SUM_RAW_LSA_36_SUM.csv,0.9416032285930245,0.7342383674477572,2.1944444444444446,0.9182420633424517
