Technique,AUC,Credibility,LagGlobal,MAP
50Traced_NONETRACED_SUM_SINGLE_VSM_18_MEDIAN.csv,0.9643936939855308,-0.2515832142857143,1.2896825396825398,0.9294065786759954
