Technique,AUC,Credibility,LagGlobal,MAP
50Traced_NONETRACED_MAX_MULTI_LSA_54_SUM.csv,0.9557721898283122,0.745338528840861,2.2777777777777777,0.9319306155984771
