Technique,AUC,Credibility,LagGlobal,MAP
50Traced_NONETRACED_MAX_RAW_VSM_65_MAX.csv,0.9573952596911779,0.7893992857142857,1.9880952380952381,0.9402243659709089
