Technique,AUC,Credibility,LagGlobal,MAP
50Traced_NONETRACED_MEDIAN_SINGLE_LSA_39_SUM.csv,0.7827043515819027,0.6644960218922616,2.2936507936507935,0.6801840881184924
