Technique,AUC,Credibility,LagGlobal,MAP
50Traced_NONETRACED_RFUNDER_MULTI_VSM_23_SUM.csv,0.90363824101069,0.8165042043688877,2.2182539682539684,0.846818291149445
