Technique,AUC,Credibility,LagGlobal,MAP
50Traced_NONETRACED_MAX_MULTI_LSA_92_MEDIAN.csv,0.9542402278371667,0.7435395238095238,2.2142857142857144,0.9382211757973136
