Technique,AUC,Credibility,LagGlobal,MAP
50Traced_NONETRACED_MAX_SINGLE_LSA_24_SUM.csv,0.977506478781989,0.7461297457896097,0.9642857142857143,0.9600570944335213
