Technique,AUC,Credibility,LagGlobal,MAP
50Traced_NONETRACED_MAX_MULTI_LSA_56_SUM.csv,0.9545574182053774,0.7386802523281425,1.5515873015873016,0.9297425911579531
