Technique,AUC,Credibility,LagGlobal,MAP
50Traced_NONETRACED_RFUNDER_MULTI_VSM_3_MEDIAN.csv,0.8968388942878738,0.8139488095238095,2.2182539682539684,0.7420488016745029
