Technique,AUC,Credibility,LagGlobal,MAP
50Traced_NONETRACED_RFSMOTE_MULTI_LSA_9_SUM.csv,0.9024504643127093,0.7891582906778346,2.1547619047619047,0.851595141833994
