Technique,AUC,Credibility,LagGlobal,MAP
50Traced_NONETRACED_RFSMOTE_MULTI_LSA_68_SUM.csv,0.8568594104308389,0.7455053831641947,2.2182539682539684,0.7235863452339086
