Technique,AUC,Credibility,LagGlobal,MAP
50Traced_NONETRACED_SUM_MULTI_LSA_0_SUM.csv,0.9314463880790412,0.7291657137198407,1.8571428571428572,0.8756987421081215
