Technique,AUC,Credibility,LagGlobal,MAP
50Traced_NONETRACED_RFUNDER_SINGLE_VSM_47_SUM.csv,0.9185259421228809,0.839354035280139,2.123015873015873,0.9010048249561706
