Technique,AUC,Credibility,LagGlobal,MAP
50Traced_NONETRACED_RFUNDER_RAW_VSM_3_MEDIAN.csv,0.8890609815354713,0.8271488095238095,2.2182539682539684,0.8635820966460968
