Technique,AUC,Credibility,LagGlobal,MAP
50Traced_NONETRACED_RFSMOTE_SINGLE_LSA_0_MEDIAN.csv,0.8740349314328907,0.7514942857142857,2.2182539682539684,0.8133707905103953
