Technique,AUC,Credibility,LagGlobal,MAP
50Traced_NONETRACED_MEDIAN_SINGLE_VSM_76_SUM.csv,0.780122961883166,0.6639296446879972,2.2936507936507935,0.6785755961035079
