Technique,AUC,Credibility,LagGlobal,MAP
50Traced_NONETRACED_SUM_SINGLE_VSM_93_MAX.csv,0.9593827610409242,-0.2711190476190476,1.2777777777777777,0.9154798207390634
