Technique,AUC,Credibility,LagGlobal,MAP
50Traced_NONETRACED_RFUNDER_SINGLE_LSA_93_SUM.csv,0.8927187938667531,0.804317627882887,2.2182539682539684,0.8699872341037814
