Technique,AUC,Credibility,LagGlobal,MAP
50Traced_NONETRACED_RFUNDER_SINGLE_VSM_85_SUM.csv,0.9132619317568297,0.8363073911586387,2.2936507936507935,0.9064290130542512
