Technique,AUC,Credibility,LagGlobal,MAP
50Traced_NONETRACED_MEDIAN_RAW_VSM_82_SUM.csv,0.7801702030018356,0.6638738052947645,2.2936507936507935,0.6829960750186506
