Technique,AUC,Credibility,LagGlobal,MAP
50Traced_NONETRACED_RFNONE_RAW_LSA_29_SUM.csv,0.907734720872476,0.8126958992170125,2.1785714285714284,0.8889145524466888
