Technique,AUC,Credibility,LagGlobal,MAP
50Traced_NONETRACED_MEDIAN_MULTI_VSM_41_SUM.csv,0.7836120559334845,0.6654321297015561,2.2936507936507935,0.6945187947211341
