Technique,AUC,Credibility,LagGlobal,MAP
50Traced_NONETRACED_MAX_MULTI_LSA_14_MEDIAN.csv,0.9541187506748732,0.7464636904761904,1.9404761904761905,0.930082128960354
