Technique,AUC,Credibility,LagGlobal,MAP
50Traced_NONETRACED_RFSMOTE_SINGLE_VSM_58_SUM.csv,0.8426195875175468,0.7565555255830683,2.2182539682539684,0.7867883666323938
