Technique,AUC,Credibility,LagGlobal,MAP
50Traced_NONETRACED_RFUNDER_MULTI_VSM_98_MEDIAN.csv,0.8872658190260232,0.7995282142857143,2.0238095238095237,0.7147892751008055
