Technique,AUC,Credibility,LagGlobal,MAP
50Traced_NONETRACED_MEDIAN_RAW_LSA_78_SUM.csv,0.7798530126336249,0.6650560099948506,2.2976190476190474,0.6813851082001794
