Technique,AUC,Credibility,LagGlobal,MAP
50Traced_NONETRACED_RFUNDER_RAW_VSM_86_MAX.csv,0.883371801101393,0.8190565476190477,2.2936507936507935,0.8660059293584274
