Technique,AUC,Credibility,LagGlobal,MAP
50Traced_NONETRACED_SUM_SINGLE_VSM_58_MAX.csv,0.95055879494655,-0.4017185714285714,1.0793650793650793,0.8973048433369102
