Technique,AUC,Credibility,LagGlobal,MAP
50Traced_NONETRACED_RFNONE_SINGLE_LSA_67_SUM.csv,0.8971459615592269,0.8195508484903878,2.123015873015873,0.8804628663204128
