Technique,AUC,Credibility,LagGlobal,MAP
50Traced_NONETRACED_MAX_SINGLE_LSA_56_SUM.csv,0.9681831065759637,0.740427737588173,0.9642857142857143,0.9463653133499805
