Technique,AUC,Credibility,LagGlobal,MAP
50Traced_NONETRACED_RFNONE_SINGLE_LSA_28_MAX.csv,0.8936973598963395,0.8351965476190476,2.2182539682539684,0.8870334461262034
