Technique,AUC,Credibility,LagGlobal,MAP
50Traced_NONETRACED_SUM_MULTI_LSA_41_SUM.csv,0.957381762228701,0.735496541898057,1.1507936507936507,0.9191421735544619
