Technique,AUC,Credibility,LagGlobal,MAP
50Traced_NONETRACED_RFUNDER_RAW_VSM_66_SUM.csv,0.8974597775618185,0.8030645576370932,2.2936507936507935,0.8810654055681629
