Technique,AUC,Credibility,LagGlobal,MAP
50Traced_NONETRACED_RFNONE_SINGLE_LSA_13_SUM.csv,0.879018869452543,0.7906077293361362,2.2936507936507935,0.8506895724528655
