Technique,AUC,Credibility,LagGlobal,MAP
50Traced_NONETRACED_RFNONE_RAW_LSA_0_MEDIAN.csv,0.8829500053989849,0.7923647619047619,2.2936507936507935,0.8562162705555646
