Technique,AUC,Credibility,LagGlobal,MAP
50Traced_NONETRACED_RFSMOTE_RAW_VSM_16_MEDIAN.csv,0.8795891372421986,0.8006073809523809,2.2936507936507935,0.8394328269426374
