Technique,AUC,Credibility,LagGlobal,MAP
50Traced_NONETRACED_MAX_MULTI_VSM_16_SUM.csv,0.9676938235611705,0.73126632374822,1.3214285714285714,0.9468713439945686
