Technique,AUC,Credibility,LagGlobal,MAP
50Traced_NONETRACED_MAX_RAW_LSA_18_SUM.csv,0.9434591296836194,0.7641329659179712,1.4246031746031746,0.9113522872359011
