Technique,AUC,Credibility,LagGlobal,MAP
50Traced_NONETRACED_SUM_SINGLE_LSA_27_SUM.csv,0.9452610409243063,0.7402782127001744,1.0753968253968254,0.8897744531797475
