Technique,AUC,Credibility,LagGlobal,MAP
50Traced_NONETRACED_SUM_RAW_VSM_31_MAX.csv,0.9506127847964583,0.42983738095238094,1.6984126984126984,0.9256654289169342
