Technique,AUC,Credibility,LagGlobal,MAP
50Traced_NONETRACED_RFSMOTE_SINGLE_LSA_81_SUM.csv,0.8736603768491523,0.7707792422368458,2.2182539682539684,0.818754318478704
