Technique,AUC,Credibility,LagGlobal,MAP
50Traced_NONETRACED_MAX_MULTI_VSM_14_MAX.csv,0.9836748191340028,0.7563780952380953,1.1944444444444444,0.9719596158849952
