Technique,AUC,Credibility,LagGlobal,MAP
50Traced_NONETRACED_SUM_SINGLE_LSA_39_MEDIAN.csv,0.9614546215311522,-0.28526309523809523,0.8928571428571429,0.921248826120258
