Technique,AUC,Credibility,LagGlobal,MAP
50Traced_NONETRACED_MAX_RAW_LSA_55_SUM.csv,0.9534371288197818,0.7688384665792922,1.8333333333333333,0.9319197573107622
