Technique,AUC,Credibility,LagGlobal,MAP
50Traced_NONETRACED_RFUNDER_MULTI_VSM_9_SUM.csv,0.8999568081200735,0.821074170551138,2.2182539682539684,0.8485079501844387
