Technique,AUC,Credibility,LagGlobal,MAP
50Traced_NONETRACED_SUM_SINGLE_VSM_17_MEDIAN.csv,0.9661753590325018,-0.3572540476190476,0.8373015873015873,0.9239281714649199
