Technique,AUC,Credibility,LagGlobal,MAP
50Traced_NONETRACED_RFSMOTE_MULTI_LSA_32_SUM.csv,0.8741024187452759,0.7601218948807037,2.130952380952381,0.7849563786894643
