Technique,AUC,Credibility,LagGlobal,MAP
50Traced_NONETRACED_RFUNDER_RAW_VSM_88_MEDIAN.csv,0.8750944822373394,0.8076242857142857,2.2936507936507935,0.8450137129713556
