Technique,AUC,Credibility,LagGlobal,MAP
50Traced_NONETRACED_RFUNDER_SINGLE_LSA_88_SUM.csv,0.8896818648094159,0.8203125095207628,2.2936507936507935,0.8504252014527204
