Technique,AUC,Credibility,LagGlobal,MAP
50Traced_NONETRACED_MAX_MULTI_VSM_10_SUM.csv,0.9401859950329338,0.728446903732,2.119047619047619,0.919350346586117
