Technique,AUC,Credibility,LagGlobal,MAP
50Traced_NONETRACED_SUM_SINGLE_LSA_0_SUM.csv,0.9524889320807687,0.7467894556639773,1.6904761904761905,0.8993135021931433
