Technique,AUC,Credibility,LagGlobal,MAP
50Traced_NONETRACED_SUM_MULTI_VSM_82_SUM.csv,0.9240767735665695,0.7262717617496328,1.7738095238095237,0.8782755588698656
