Technique,AUC,Credibility,LagGlobal,MAP
50Traced_NONETRACED_MAX_RAW_LSA_9_SUM.csv,0.9419237933268545,0.7745778397882488,2.3055555555555554,0.9254137562264567
