Technique,AUC,Credibility,LagGlobal,MAP
50Traced_NONETRACED_RFUNDER_MULTI_VSM_96_MEDIAN.csv,0.9314598855415182,0.8495241666666666,2.0476190476190474,0.8478029701517515
