Technique,AUC,Credibility,LagGlobal,MAP
50Traced_NONETRACED_RFNONE_MULTI_VSM_43_SUM.csv,0.896879386675305,0.8203125095207628,2.2182539682539684,0.8584792896813087
