Technique,AUC,Credibility,LagGlobal,MAP
50Traced_NONETRACED_MEDIAN_MULTI_LSA_66_MEDIAN.csv,0.778074721952273,0.6756777380952381,2.2976190476190474,0.6794719768330767
