Technique,AUC,Credibility,LagGlobal,MAP
50Traced_NONETRACED_RFUNDER_MULTI_LSA_31_SUM.csv,0.9131438289601554,0.8020326447917618,2.0238095238095237,0.8173785145165027
