Technique,AUC,Credibility,LagGlobal,MAP
50Traced_NONETRACED_MAX_MULTI_VSM_81_SUM.csv,0.9623589515171148,0.7374449216041513,2.0634920634920637,0.9434800196483804
