Technique,AUC,Credibility,LagGlobal,MAP
50Traced_NONETRACED_RFSMOTE_SINGLE_LSA_97_SUM.csv,0.8025456214231724,0.7167266093897572,2.2936507936507935,0.7350885886453223
