Technique,AUC,Credibility,LagGlobal,MAP
50Traced_NONETRACED_MAX_MULTI_LSA_18_SUM.csv,0.9473295270489149,0.7293077092268778,2.0357142857142856,0.9293632301250069
