Technique,AUC,Credibility,LagGlobal,MAP
50Traced_NONETRACED_RFSMOTE_MULTI_VSM_54_MEDIAN.csv,0.8470973706943095,0.7797817857142857,2.2182539682539684,0.7756078018441179
