Technique,AUC,Credibility,LagGlobal,MAP
50Traced_NONETRACED_RFUNDER_SINGLE_LSA_95_MAX.csv,0.9067527804772704,0.840455,2.1547619047619047,0.8759346221010851
