Technique,AUC,Credibility,LagGlobal,MAP
50Traced_NONETRACED_MEDIAN_RAW_VSM_48_SUM.csv,0.7832307526185078,0.6640689573739521,2.2936507936507935,0.6851598942362784
