Technique,AUC,Credibility,LagGlobal,MAP
50Traced_NONETRACED_MAX_MULTI_VSM_69_MAX.csv,0.9429496004751107,0.7426145238095238,2.1626984126984126,0.9248429653771116
