Technique,AUC,Credibility,LagGlobal,MAP
50Traced_NONETRACED_MAX_SINGLE_VSM_46_SUM.csv,0.982972951085196,0.7475427090134779,0.9365079365079365,0.9682977607099579
