Technique,AUC,Credibility,LagGlobal,MAP
50Traced_NONETRACED_MAX_MULTI_LSA_31_SUM.csv,0.9414986232588274,0.7289265410856094,2.0674603174603177,0.9254519785814102
