Technique,AUC,Credibility,LagGlobal,MAP
50Traced_NONETRACED_MEDIAN_SINGLE_LSA_88_SUM.csv,0.7818843807364215,0.6653309227776368,2.2936507936507935,0.6879251317153388
