Technique,AUC,Credibility,LagGlobal,MAP
50Traced_NONETRACED_MAX_RAW_LSA_2_SUM.csv,0.951493494223086,0.7713538607219093,1.7222222222222223,0.9289703056555649
