Technique,AUC,Credibility,LagGlobal,MAP
50Traced_NONETRACED_SUM_RAW_VSM_8_MEDIAN.csv,0.950761256883706,0.48223845238095236,2.2936507936507935,0.9361866339807923
