Technique,AUC,Credibility,LagGlobal,MAP
50Traced_NONETRACED_RFUNDER_SINGLE_LSA_36_SUM.csv,0.9090844671201814,0.8302141029156385,2.1785714285714284,0.8787880595261016
