Technique,AUC,Credibility,LagGlobal,MAP
50Traced_NONETRACED_SUM_SINGLE_VSM_61_MAX.csv,0.959558228053126,-0.28682416666666666,0.9682539682539683,0.9214173454994143
