Technique,AUC,Credibility,LagGlobal,MAP
50Traced_NONETRACED_RFUNDER_SINGLE_VSM_40_MEDIAN.csv,0.9155902440341217,0.846387380952381,2.2182539682539684,0.8805105560298636
