Technique,AUC,Credibility,LagGlobal,MAP
50Traced_NONETRACED_SUM_MULTI_VSM_38_SUM.csv,0.93488824101069,0.7285146269912693,1.8531746031746033,0.8667930143227671
