Technique,AUC,Credibility,LagGlobal,MAP
50Traced_NONETRACED_MEDIAN_SINGLE_VSM_89_SUM.csv,0.782633489903898,0.6650336420685258,2.2936507936507935,0.6854411779275162
