Technique,AUC,Credibility,LagGlobal,MAP
50Traced_NONETRACED_MAX_RAW_VSM_83_SUM.csv,0.9492191717957024,0.763302633419821,1.8015873015873016,0.9241028034065333
