Technique,AUC,Credibility,LagGlobal,MAP
50Traced_NONETRACED_RFUNDER_RAW_VSM_98_MEDIAN.csv,0.8983742306446387,0.8286621428571429,2.2182539682539684,0.8565377067276367
