Technique,AUC,Credibility,LagGlobal,MAP
50Traced_NONETRACED_MEDIAN_RAW_LSA_39_SUM.csv,0.7787833387323184,0.6639780512560264,2.2936507936507935,0.6817722981307712
