Technique,AUC,Credibility,LagGlobal,MAP
50Traced_NONETRACED_MEDIAN_MULTI_VSM_90_SUM.csv,0.7767958373825722,0.662861473390345,2.2738095238095237,0.6776053969040728
