Technique,AUC,Credibility,LagGlobal,MAP
50Traced_NONETRACED_RFSMOTE_RAW_VSM_10_MEDIAN.csv,0.8748312817190368,0.7932116666666666,2.2936507936507935,0.8340057733747991
