Technique,AUC,Credibility,LagGlobal,MAP
50Traced_NONETRACED_MAX_RAW_LSA_25_MAX.csv,0.9787212504049239,0.8073173809523809,1.5634920634920635,0.9632559037301089
