Technique,AUC,Credibility,LagGlobal,MAP
50Traced_NONETRACED_RFUNDER_SINGLE_VSM_36_MAX.csv,0.8990828474246841,0.8387492857142858,2.2182539682539684,0.8887423206848414
