Technique,AUC,Credibility,LagGlobal,MAP
50Traced_NONETRACED_RFUNDER_RAW_LSA_54_MEDIAN.csv,0.8787624176654789,0.7967428571428572,2.2182539682539684,0.8537419468392649
