Technique,AUC,Credibility,LagGlobal,MAP
50Traced_NONETRACED_RFNONE_RAW_VSM_86_SUM.csv,0.8897324802937048,0.8020326447917618,2.2182539682539684,0.8705711183883003
