Technique,AUC,Credibility,LagGlobal,MAP
50Traced_NONETRACED_RFSMOTE_SINGLE_VSM_74_MEDIAN.csv,0.8640535579311089,0.7464691666666666,2.2182539682539684,0.7962316301724622
