Technique,AUC,Credibility,LagGlobal,MAP
50Traced_NONETRACED_RFNONE_RAW_VSM_94_SUM.csv,0.8445902170391967,0.784514441093136,2.2936507936507935,0.8171080064513175
