Technique,AUC,Credibility,LagGlobal,MAP
50Traced_NONETRACED_MAX_RAW_LSA_37_MEDIAN.csv,0.9253151657488393,0.7851227380952381,2.119047619047619,0.908735173266459
