Technique,AUC,Credibility,LagGlobal,MAP
50Traced_NONETRACED_MAX_SINGLE_LSA_80_SUM.csv,0.963961775186265,0.7369634585528493,1.1150793650793651,0.9391712590465223
