Technique,AUC,Credibility,LagGlobal,MAP
50Traced_NONETRACED_RFNONE_MULTI_VSM_67_MEDIAN.csv,0.9313620289385596,0.8392757142857142,2.123015873015873,0.9150244681155523
