Technique,AUC,Credibility,LagGlobal,MAP
50Traced_NONETRACED_SUM_SINGLE_VSM_68_MAX.csv,0.9506060360652199,-0.248495,1.7142857142857142,0.8994824947111137
