Technique,AUC,Credibility,LagGlobal,MAP
50Traced_NONETRACED_RFUNDER_RAW_VSM_70_MEDIAN.csv,0.8951314652845265,0.8192054761904762,2.2182539682539684,0.8750808500587158
