Technique,AUC,Credibility,LagGlobal,MAP
50Traced_NONETRACED_RFNONE_RAW_VSM_47_MEDIAN.csv,0.9180299103768492,0.8129658333333334,2.1785714285714284,0.8958027895114123
