Technique,AUC,Credibility,LagGlobal,MAP
50Traced_NONETRACED_MEDIAN_RAW_VSM_96_SUM.csv,0.7829473059064896,0.6647693055907976,2.2936507936507935,0.6856879500550811
