Technique,AUC,Credibility,LagGlobal,MAP
50Traced_NONETRACED_RFSMOTE_RAW_VSM_54_SUM.csv,0.8809726271460965,0.7639495932730098,2.2936507936507935,0.8362350219304684
