Technique,AUC,Credibility,LagGlobal,MAP
50Traced_NONETRACED_RFSMOTE_SINGLE_VSM_87_SUM.csv,0.8765420850880035,0.7802205972601188,2.2222222222222223,0.8346697334090202
