Technique,AUC,Credibility,LagGlobal,MAP
50Traced_NONETRACED_RFUNDER_MULTI_VSM_88_MAX.csv,0.8659533257747543,0.7895453571428571,2.2936507936507935,0.6935644529652101
