Technique,AUC,Credibility,LagGlobal,MAP
50Traced_NONETRACED_RFSMOTE_MULTI_LSA_72_MAX.csv,0.9010669744088112,0.7975489285714286,2.1587301587301586,0.8053602559486595
