Technique,AUC,Credibility,LagGlobal,MAP
50Traced_NONETRACED_SUM_RAW_LSA_61_MAX.csv,0.9459764064355901,0.4710992857142857,1.496031746031746,0.9103509287578457
