Technique,AUC,Credibility,LagGlobal,MAP
50Traced_NONETRACED_RFNONE_RAW_LSA_35_MEDIAN.csv,0.8750236205593348,0.8024139285714286,2.2182539682539684,0.8555545623001131
