Technique,AUC,Credibility,LagGlobal,MAP
50Traced_NONETRACED_RFNONE_RAW_LSA_20_MAX.csv,0.8957995896771407,0.821947619047619,2.2936507936507935,0.8819722611427051
