Technique,AUC,Credibility,LagGlobal,MAP
50Traced_NONETRACED_RFUNDER_MULTI_VSM_24_SUM.csv,0.9071172119641508,0.8195508484903878,2.123015873015873,0.8340155877695221
