Technique,AUC,Credibility,LagGlobal,MAP
50Traced_NONETRACED_SUM_SINGLE_LSA_25_MEDIAN.csv,0.9503934510312062,-0.27214357142857143,0.9841269841269841,0.9014520486723305
