Technique,AUC,Credibility,LagGlobal,MAP
50Traced_NONETRACED_RFNONE_MULTI_VSM_85_MAX.csv,0.89896474462801,0.8284719047619048,2.2936507936507935,0.8508352515379437
