Technique,AUC,Credibility,LagGlobal,MAP
50Traced_NONETRACED_SUM_RAW_LSA_99_MEDIAN.csv,0.9469347262714609,0.49031178571428574,1.7936507936507937,0.9248077451988557
