Technique,AUC,Credibility,LagGlobal,MAP
50Traced_NONETRACED_MAX_MULTI_VSM_16_MEDIAN.csv,0.9721007450599286,0.7445776190476191,1.4761904761904763,0.9565884139468468
