Technique,AUC,Credibility,LagGlobal,MAP
50Traced_NONETRACED_MEDIAN_MULTI_VSM_45_MAX.csv,0.7782434402332361,0.6757661904761905,2.2936507936507935,0.6794775089837641
