Technique,AUC,Credibility,LagGlobal,MAP
50Traced_NONETRACED_SUM_SINGLE_LSA_56_SUM.csv,0.9557485692689773,0.7493819644045479,1.7658730158730158,0.9143882446308303
