Technique,AUC,Credibility,LagGlobal,MAP
50Traced_NONETRACED_RFSMOTE_RAW_VSM_73_SUM.csv,0.906263497462477,0.8066026109740121,2.1587301587301586,0.8769804118783091
