Technique,AUC,Credibility,LagGlobal,MAP
50Traced_NONETRACED_RFSMOTE_RAW_LSA_36_SUM.csv,0.8822177680596048,0.8046148587055606,2.2936507936507935,0.8573896599776458
