Technique,AUC,Credibility,LagGlobal,MAP
50Traced_NONETRACED_MEDIAN_MULTI_LSA_90_SUM.csv,0.7793502321563546,0.6673026048026048,2.2936507936507935,0.6860385842103218
