Technique,AUC,Credibility,LagGlobal,MAP
50Traced_NONETRACED_RFSMOTE_RAW_VSM_97_SUM.csv,0.8416578933160566,0.7720585362677432,2.2182539682539684,0.800729066016295
