Technique,AUC,Credibility,LagGlobal,MAP
50Traced_NONETRACED_MAX_RAW_LSA_72_SUM.csv,0.9478559280855199,0.7698744532137798,1.9880952380952381,0.921114219200395
