Technique,AUC,Credibility,LagGlobal,MAP
50Traced_NONETRACED_MAX_SINGLE_LSA_27_SUM.csv,0.9823554421768708,0.7327769493103795,1.3253968253968254,0.9700758376606237
