Technique,AUC,Credibility,LagGlobal,MAP
50Traced_NONETRACED_MAX_RAW_LSA_39_SUM.csv,0.9584210668394342,0.7837796104806484,1.7063492063492063,0.9398523400150243
