Technique,AUC,Credibility,LagGlobal,MAP
50Traced_NONETRACED_RFUNDER_MULTI_VSM_73_SUM.csv,0.9212085627901954,0.8172658653992627,2.2936507936507935,0.874519080016607
