Technique,AUC,Credibility,LagGlobal,MAP
50Traced_NONETRACED_RFSMOTE_SINGLE_VSM_95_MAX.csv,0.8361205593348451,0.7500133333333333,2.2182539682539684,0.7411293822175021
