Technique,AUC,Credibility,LagGlobal,MAP
50Traced_NONETRACED_RFSMOTE_SINGLE_LSA_67_SUM.csv,0.8695267789655544,0.7720585362677432,2.2182539682539684,0.8236986514380634
