Technique,AUC,Credibility,LagGlobal,MAP
50Traced_NONETRACED_RFNONE_SINGLE_LSA_39_SUM.csv,0.8943351149983804,0.8149808823081376,2.2936507936507935,0.8775489339669914
