Technique,AUC,Credibility,LagGlobal,MAP
50Traced_NONETRACED_MAX_SINGLE_LSA_37_MAX.csv,0.971220035633301,0.7402813095238095,1.0515873015873016,0.9500376696373694
