Technique,AUC,Credibility,LagGlobal,MAP
50Traced_NONETRACED_RFNONE_SINGLE_LSA_35_SUM.csv,0.9000614134542706,0.8081259330347622,2.2182539682539684,0.8853749616378088
