Technique,AUC,Credibility,LagGlobal,MAP
50Traced_NONETRACED_MAX_MULTI_LSA_95_MAX.csv,0.966215851419933,0.7512308333333333,2.2261904761904763,0.9542433497081841
