Technique,AUC,Credibility,LagGlobal,MAP
50Traced_NONETRACED_RFNONE_MULTI_VSM_53_SUM.csv,0.8889091350826044,0.821074170551138,2.1785714285714284,0.8722986503514525
