Technique,AUC,Credibility,LagGlobal,MAP
50Traced_NONETRACED_RFNONE_MULTI_VSM_12_MEDIAN.csv,0.9160322859302452,0.8259396428571428,2.0476190476190474,0.8666371528264951
