Technique,AUC,Credibility,LagGlobal,MAP
50Traced_NONETRACED_RFSMOTE_RAW_VSM_42_SUM.csv,0.8496382680056149,0.7700428815160101,2.2222222222222223,0.8105019978671381
