Technique,AUC,Credibility,LagGlobal,MAP
50Traced_NONETRACED_MEDIAN_SINGLE_VSM_18_SUM.csv,0.7839157488392183,0.6653034339846062,2.3055555555555554,0.6888766783307749
