Technique,AUC,Credibility,LagGlobal,MAP
50Traced_NONETRACED_RFUNDER_RAW_LSA_36_MAX.csv,0.9139098099557283,0.8103738095238096,2.1547619047619047,0.8944890337524052
