Technique,AUC,Credibility,LagGlobal,MAP
50Traced_NONETRACED_MAX_RAW_VSM_82_MAX.csv,0.9465028074721953,0.8011216666666666,2.138888888888889,0.9317076184408455
