Technique,AUC,Credibility,LagGlobal,MAP
50Traced_NONETRACED_RFNONE_MULTI_VSM_94_MEDIAN.csv,0.9013369236583523,0.8331147619047619,2.2936507936507935,0.8673195671247682
