Technique,AUC,Credibility,LagGlobal,MAP
50Traced_NONETRACED_RFUNDER_MULTI_LSA_71_SUM.csv,0.9111057121261203,0.7982243396398867,2.142857142857143,0.8554950973743056
