Technique,AUC,Credibility,LagGlobal,MAP
50Traced_NONETRACED_RFSMOTE_MULTI_VSM_71_MEDIAN.csv,0.9122833657272432,0.8069460714285714,2.2182539682539684,0.8448919472768008
