Technique,AUC,Credibility,LagGlobal,MAP
50Traced_NONETRACED_RFUNDER_SINGLE_VSM_51_MAX.csv,0.8988972573156248,0.8345132142857142,2.2182539682539684,0.8750465496107287
