Technique,AUC,Credibility,LagGlobal,MAP
50Traced_NONETRACED_MEDIAN_SINGLE_VSM_79_MEDIAN.csv,0.778395286686103,0.6758052380952381,2.2936507936507935,0.6795792909849974
