Technique,AUC,Credibility,LagGlobal,MAP
50Traced_NONETRACED_RFUNDER_SINGLE_LSA_41_MEDIAN.csv,0.9253252888456971,0.8494671428571429,2.2182539682539684,0.9078278273816274
