Technique,AUC,Credibility,LagGlobal,MAP
50Traced_NONETRACED_MAX_RAW_VSM_94_SUM.csv,0.9311224489795918,0.7670928494375097,2.3174603174603177,0.9122375376695705
