Technique,AUC,Credibility,LagGlobal,MAP
50Traced_NONETRACED_MAX_RAW_LSA_97_MEDIAN.csv,0.9375944822373392,0.7809711904761905,2.1626984126984126,0.9193922762794287
