Technique,AUC,Credibility,LagGlobal,MAP
50Traced_NONETRACED_RFNONE_SINGLE_LSA_9_MAX.csv,0.8918718280963178,0.8268777380952381,2.2936507936507935,0.877737607136266
