Technique,AUC,Credibility,LagGlobal,MAP
50Traced_NONETRACED_MEDIAN_SINGLE_LSA_86_SUM.csv,0.7845771245005939,0.666887458239422,2.2976190476190474,0.6868151452254608
