Technique,AUC,Credibility,LagGlobal,MAP
50Traced_NONETRACED_RFSMOTE_RAW_LSA_64_SUM.csv,0.8548280423280423,0.7761361697590105,2.2222222222222223,0.8083515332176585
