Technique,AUC,Credibility,LagGlobal,MAP
50Traced_NONETRACED_MEDIAN_RAW_LSA_2_SUM.csv,0.7797214123744736,0.6638689418929206,2.2976190476190474,0.6844083755772024
