Technique,AUC,Credibility,LagGlobal,MAP
50Traced_NONETRACED_RFNONE_SINGLE_LSA_57_MEDIAN.csv,0.9067426573804125,0.8310564285714286,2.2182539682539684,0.8943760727067992
