Technique,AUC,Credibility,LagGlobal,MAP
50Traced_NONETRACED_RFUNDER_SINGLE_LSA_90_SUM.csv,0.9129413670229997,0.8302141029156385,2.2182539682539684,0.8958355757808419
