Technique,AUC,Credibility,LagGlobal,MAP
50Traced_NONETRACED_MAX_RAW_VSM_3_MEDIAN.csv,0.9713381384299751,0.7994397619047618,1.619047619047619,0.9575822397834794
