Technique,AUC,Credibility,LagGlobal,MAP
50Traced_NONETRACED_RFNONE_MULTI_LSA_29_SUM.csv,0.9269584818054206,0.840877357340889,2.2182539682539684,0.913508756419247
