Technique,AUC,Credibility,LagGlobal,MAP
50Traced_NONETRACED_RFUNDER_MULTI_LSA_20_SUM.csv,0.8962315084764064,0.8157425433385126,2.2182539682539684,0.8310567318582766
