Technique,AUC,Credibility,LagGlobal,MAP
50Traced_NONETRACED_MEDIAN_RAW_LSA_17_SUM.csv,0.7835715635460534,0.6645375539203248,2.2976190476190474,0.6869267519925724
