Technique,AUC,Credibility,LagGlobal,MAP
50Traced_NONETRACED_RFUNDER_SINGLE_LSA_50_SUM.csv,0.9299110517222762,0.8424006794016391,2.123015873015873,0.9152534086765536
