Technique,AUC,Credibility,LagGlobal,MAP
50Traced_NONETRACED_SUM_MULTI_LSA_57_MEDIAN.csv,0.9357891966310334,-0.22238285714285713,1.9722222222222223,0.8984602473998294
