Technique,AUC,Credibility,LagGlobal,MAP
50Traced_NONETRACED_RFSMOTE_MULTI_VSM_57_SUM.csv,0.8616577583414318,0.7951776955183865,2.2182539682539684,0.8277987311288172
