Technique,AUC,Credibility,LagGlobal,MAP
50Traced_NONETRACED_SUM_SINGLE_LSA_51_SUM.csv,0.9647142587193608,0.7466043386591793,1.1507936507936507,0.9341121658823073
