Technique,AUC,Credibility,LagGlobal,MAP
50Traced_NONETRACED_MAX_RAW_VSM_37_SUM.csv,0.9255378738797106,0.7654781457948135,2.1706349206349205,0.9087417099520154
