Technique,AUC,Credibility,LagGlobal,MAP
50Traced_NONETRACED_SUM_SINGLE_LSA_44_MAX.csv,0.9464724381816219,-0.15779416666666665,1.126984126984127,0.8882324253461596
