Technique,AUC,Credibility,LagGlobal,MAP
50Traced_NONETRACED_SUM_SINGLE_LSA_84_MEDIAN.csv,0.9655207321023648,-0.3077497619047619,0.9087301587301587,0.9268080876901316
