Technique,AUC,Credibility,LagGlobal,MAP
50Traced_NONETRACED_RFNONE_RAW_LSA_59_MAX.csv,0.8618433484504914,0.7881213095238095,2.2936507936507935,0.8368873534503611
