Technique,AUC,Credibility,LagGlobal,MAP
50Traced_NONETRACED_SUM_MULTI_LSA_25_SUM.csv,0.9141291437209804,0.7210175418734394,1.4047619047619047,0.8470634992339812
