Technique,AUC,Credibility,LagGlobal,MAP
50Traced_NONETRACED_MAX_RAW_LSA_80_SUM.csv,0.9389914696037145,0.7592014088740519,2.011904761904762,0.9182573443575471
