Technique,AUC,Credibility,LagGlobal,MAP
50Traced_NONETRACED_SUM_RAW_LSA_96_MAX.csv,0.9630169528128711,0.44448035714285716,1.746031746031746,0.935718407291303
