Technique,AUC,Credibility,LagGlobal,MAP
50Traced_NONETRACED_SUM_MULTI_VSM_81_MAX.csv,0.9483654572940287,-0.2306347619047619,1.4206349206349207,0.9069412079550373
