Technique,AUC,Credibility,LagGlobal,MAP
50Traced_NONETRACED_RFNONE_SINGLE_VSM_54_MAX.csv,0.926067649281935,0.8361233333333333,2.123015873015873,0.8956506300102826
