Technique,AUC,Credibility,LagGlobal,MAP
50Traced_NONETRACED_MEDIAN_RAW_LSA_93_SUM.csv,0.7835310711586222,0.6647868561278863,2.2936507936507935,0.6878492173851918
