Technique,AUC,Credibility,LagGlobal,MAP
50Traced_NONETRACED_MAX_MULTI_LSA_76_SUM.csv,0.9459527858762552,0.7517062128784767,2.1468253968253967,0.9267223150372651
