Technique,AUC,Credibility,LagGlobal,MAP
50Traced_NONETRACED_MEDIAN_RAW_VSM_33_SUM.csv,0.7796640481589461,0.6641111250838363,2.2936507936507935,0.6828395464940907
