Technique,AUC,Credibility,LagGlobal,MAP
50Traced_NONETRACED_MEDIAN_RAW_LSA_15_SUM.csv,0.7823939099449303,0.6650231774125579,2.2976190476190474,0.6865509732507137
