Technique,AUC,Credibility,LagGlobal,MAP
50Traced_NONETRACED_RFSMOTE_SINGLE_VSM_96_SUM.csv,0.8601426681783826,0.7682790152071909,2.2182539682539684,0.8112693583801833
