Technique,AUC,Credibility,LagGlobal,MAP
50Traced_NONETRACED_RFNONE_MULTI_LSA_7_SUM.csv,0.9040667854443365,0.8294524418852633,2.2936507936507935,0.892570636384106
