Technique,AUC,Credibility,LagGlobal,MAP
50Traced_NONETRACED_RFNONE_SINGLE_VSM_60_MEDIAN.csv,0.9131438289601554,0.8148283333333334,2.2936507936507935,0.8894071938130058
