Technique,AUC,Credibility,LagGlobal,MAP
50Traced_NONETRACED_RFNONE_MULTI_LSA_53_MAX.csv,0.837591782744844,0.7515997619047619,2.0396825396825395,0.6393098279755188
