Technique,AUC,Credibility,LagGlobal,MAP
50Traced_NONETRACED_RFUNDER_MULTI_VSM_43_MAX.csv,0.9124250890832523,0.8294735714285715,2.2182539682539684,0.7982535927467581
