Technique,AUC,Credibility,LagGlobal,MAP
50Traced_NONETRACED_RFUNDER_SINGLE_VSM_83_MAX.csv,0.8985092052694093,0.8359063095238095,2.2182539682539684,0.8825439791515741
