Technique,AUC,Credibility,LagGlobal,MAP
50Traced_NONETRACED_SUM_RAW_LSA_35_MEDIAN.csv,0.9225549346722818,0.47950202380952384,2.3095238095238093,0.8977762781538822
