Technique,AUC,Credibility,LagGlobal,MAP
50Traced_NONETRACED_SUM_SINGLE_LSA_76_MAX.csv,0.9498636756289818,-0.23609059523809522,1.6071428571428572,0.8955583401191072
