Technique,AUC,Credibility,LagGlobal,MAP
50Traced_NONETRACED_RFUNDER_RAW_VSM_41_SUM.csv,0.931250674873124,0.839354035280139,2.123015873015873,0.9154111125637052
