Technique,AUC,Credibility,LagGlobal,MAP
50Traced_NONETRACED_SUM_SINGLE_VSM_99_MAX.csv,0.9720602526724975,-0.26353,1.1706349206349207,0.9463913080732929
