Technique,AUC,Credibility,LagGlobal,MAP
50Traced_NONETRACED_MAX_SINGLE_VSM_85_MAX.csv,0.9838232912212503,0.7507734523809524,0.8888888888888888,0.9708623747994597
