Technique,AUC,Credibility,LagGlobal,MAP
50Traced_NONETRACED_SUM_MULTI_LSA_12_MAX.csv,0.9349388564949789,-0.25274619047619046,1.7301587301587302,0.890569873965857
