Technique,AUC,Credibility,LagGlobal,MAP
50Traced_NONETRACED_RFSMOTE_SINGLE_VSM_43_SUM.csv,0.8841782744843969,0.7833812154518885,2.2222222222222223,0.8452239917427355
