Technique,AUC,Credibility,LagGlobal,MAP
50Traced_NONETRACED_RFUNDER_SINGLE_VSM_86_MAX.csv,0.9004393424036281,0.837542738095238,2.2182539682539684,0.8811605512009673
