Technique,AUC,Credibility,LagGlobal,MAP
50Traced_NONETRACED_MEDIAN_MULTI_LSA_38_SUM.csv,0.780764091350826,0.6657075460543429,2.2976190476190474,0.6878366985433128
