Technique,AUC,Credibility,LagGlobal,MAP
50Traced_NONETRACED_SUM_SINGLE_VSM_21_MEDIAN.csv,0.9701537360976137,-0.27321107142857143,0.9801587301587301,0.9445811107366555
