Technique,AUC,Credibility,LagGlobal,MAP
50Traced_NONETRACED_RFUNDER_RAW_LSA_0_SUM.csv,0.8661827826368643,0.8046148587055606,2.2936507936507935,0.8492966200460039
