Technique,AUC,Credibility,LagGlobal,MAP
50Traced_NONETRACED_RFSMOTE_RAW_LSA_26_MEDIAN.csv,0.8666214501673686,0.775757380952381,2.2182539682539684,0.7732155537581861
