Technique,AUC,Credibility,LagGlobal,MAP
50Traced_NONETRACED_RFNONE_MULTI_VSM_69_MAX.csv,0.9101608897527265,0.8370925,2.2182539682539684,0.8980619786510322
