Technique,AUC,Credibility,LagGlobal,MAP
50Traced_NONETRACED_RFNONE_MULTI_VSM_60_SUM.csv,0.8946185617103986,0.8256441367333882,2.2182539682539684,0.8726777244841354
