Technique,AUC,Credibility,LagGlobal,MAP
50Traced_NONETRACED_RFSMOTE_SINGLE_VSM_72_SUM.csv,0.8309004157218444,0.7371673098098347,2.2182539682539684,0.7562136909125771
