Technique,AUC,Credibility,LagGlobal,MAP
50Traced_NONETRACED_RFUNDER_MULTI_VSM_28_MAX.csv,0.9141696361084117,0.8340645238095238,2.2182539682539684,0.8138367270507577
