Technique,AUC,Credibility,LagGlobal,MAP
50Traced_NONETRACED_RFNONE_MULTI_LSA_81_SUM.csv,0.8975542597991577,0.8005093227310118,2.2936507936507935,0.8590832521310225
