Technique,AUC,Credibility,LagGlobal,MAP
50Traced_NONETRACED_MEDIAN_MULTI_VSM_82_MAX.csv,0.7785842511607818,0.6757364285714286,2.2976190476190474,0.6797521736317068
