Technique,AUC,Credibility,LagGlobal,MAP
50Traced_NONETRACED_MAX_SINGLE_VSM_93_SUM.csv,0.9760791221250404,0.7363032665359415,0.876984126984127,0.9571291189527806
