Technique,AUC,Credibility,LagGlobal,MAP
50Traced_NONETRACED_MAX_MULTI_LSA_12_SUM.csv,0.9490234585897851,0.7413249636026406,1.5634920634920635,0.9234294251443023
