Technique,AUC,Credibility,LagGlobal,MAP
50Traced_NONETRACED_RFUNDER_RAW_LSA_8_MAX.csv,0.8858249649065976,0.8023308333333333,2.2182539682539684,0.858605018807536
