Technique,AUC,Credibility,LagGlobal,MAP
50Traced_NONETRACED_RFNONE_RAW_LSA_13_SUM.csv,0.8613169474138861,0.7829106437470157,2.2182539682539684,0.8288372732384577
