Technique,AUC,Credibility,LagGlobal,MAP
50Traced_NONETRACED_MAX_SINGLE_LSA_62_SUM.csv,0.9759677680596048,0.7442454115001504,1.2936507936507937,0.956177982675254
