Technique,AUC,Credibility,LagGlobal,MAP
50Traced_NONETRACED_MAX_MULTI_VSM_91_MAX.csv,0.9682843375445417,0.748625,1.7261904761904763,0.9546515296214307
