Technique,AUC,Credibility,LagGlobal,MAP
50Traced_NONETRACED_RFUNDER_SINGLE_LSA_87_SUM.csv,0.8963968523917504,0.8264057977637632,2.2936507936507935,0.8897887062989556
