Technique,AUC,Credibility,LagGlobal,MAP
50Traced_NONETRACED_MAX_RAW_LSA_43_SUM.csv,0.9406685293164886,0.7638375213277493,2.1547619047619047,0.9257329747756395
