Technique,AUC,Credibility,LagGlobal,MAP
50Traced_NONETRACED_MAX_RAW_LSA_88_MEDIAN.csv,0.928385838462369,0.7949310714285714,2.0992063492063493,0.9141076822112271
