Technique,AUC,Credibility,LagGlobal,MAP
50Traced_NONETRACED_RFUNDER_SINGLE_LSA_75_SUM.csv,0.8984349692257856,0.8286907808548883,2.2182539682539684,0.8806450834119238
