Technique,AUC,Credibility,LagGlobal,MAP
50Traced_NONETRACED_RFUNDER_RAW_LSA_17_SUM.csv,0.8609457671957672,0.7913693903665113,2.2182539682539684,0.8344253509523947
