Technique,AUC,Credibility,LagGlobal,MAP
50Traced_NONETRACED_MAX_SINGLE_VSM_97_MAX.csv,0.972795864377497,0.7484901190476191,0.9682539682539683,0.9579108276343911
