Technique,AUC,Credibility,LagGlobal,MAP
50Traced_NONETRACED_RFUNDER_MULTI_VSM_61_MEDIAN.csv,0.9263342241658568,0.8405146428571428,2.126984126984127,0.8243794761161328
