Technique,AUC,Credibility,LagGlobal,MAP
50Traced_NONETRACED_MAX_SINGLE_LSA_83_SUM.csv,0.9858040438397582,0.7522225638923056,0.8253968253968254,0.9740969545694904
