Technique,AUC,Credibility,LagGlobal,MAP
50Traced_NONETRACED_RFNONE_MULTI_VSM_12_SUM.csv,0.9177363405679733,0.8180275264296377,2.0476190476190474,0.88414398290197
