Technique,AUC,Credibility,LagGlobal,MAP
50Traced_NONETRACED_RFNONE_RAW_VSM_1_MEDIAN.csv,0.9203379764604254,0.830932738095238,2.2182539682539684,0.9092604195650338
