Technique,AUC,Credibility,LagGlobal,MAP
50Traced_NONETRACED_MAX_RAW_VSM_10_MAX.csv,0.9620113918583306,0.7875042857142857,2.0,0.9415073250125894
