Technique,AUC,Credibility,LagGlobal,MAP
50Traced_NONETRACED_MAX_SINGLE_VSM_65_SUM.csv,0.9758597883597883,0.7344525183241278,1.2261904761904763,0.9590702445458722
