Technique,AUC,Credibility,LagGlobal,MAP
50Traced_NONETRACED_SUM_MULTI_LSA_8_MAX.csv,0.9557047025159271,-0.22946404761904762,1.8968253968253967,0.9322832055386152
