Technique,AUC,Credibility,LagGlobal,MAP
50Traced_NONETRACED_SUM_MULTI_LSA_64_MAX.csv,0.9404998110355253,-0.2775194047619048,1.873015873015873,0.8984808264955062
