Technique,AUC,Credibility,LagGlobal,MAP
50Traced_NONETRACED_RFNONE_MULTI_LSA_66_MAX.csv,0.8945308282042976,0.83279,2.2936507936507935,0.8435739468173662
