Technique,AUC,Credibility,LagGlobal,MAP
50Traced_NONETRACED_RFSMOTE_RAW_LSA_24_MAX.csv,0.8710654896879386,0.7650433333333333,2.123015873015873,0.76035624629913
