Technique,AUC,Credibility,LagGlobal,MAP
50Traced_NONETRACED_SUM_MULTI_LSA_80_MAX.csv,0.9495869776482021,-0.14453738095238094,1.0714285714285714,0.8989341719887388
