Technique,AUC,Credibility,LagGlobal,MAP
50Traced_NONETRACED_MAX_RAW_LSA_78_SUM.csv,0.9274140211640212,0.7595302936850595,2.011904761904762,0.8973322332757698
