Technique,AUC,Credibility,LagGlobal,MAP
50Traced_NONETRACED_MAX_RAW_LSA_18_MAX.csv,0.952245977756182,0.7914221428571429,1.8253968253968254,0.925494015780751
