Technique,AUC,Credibility,LagGlobal,MAP
50Traced_NONETRACED_RFUNDER_RAW_VSM_31_MEDIAN.csv,0.8747806662347479,0.800215119047619,2.1785714285714284,0.8506659038920821
