Technique,AUC,Credibility,LagGlobal,MAP
50Traced_NONETRACED_RFNONE_MULTI_VSM_73_SUM.csv,0.9083353579527049,0.8247687725956381,2.2936507936507935,0.882912360851712
