Technique,AUC,Credibility,LagGlobal,MAP
50Traced_NONETRACED_MAX_RAW_LSA_66_SUM.csv,0.9397878198898608,0.7610780744149656,2.1031746031746033,0.9184784014923293
