Technique,AUC,Credibility,LagGlobal,MAP
50Traced_NONETRACED_SUM_MULTI_VSM_2_SUM.csv,0.9281833765252133,0.7273768277979219,1.6706349206349207,0.8715209585380131
