Technique,AUC,Credibility,LagGlobal,MAP
50Traced_NONETRACED_RFUNDER_SINGLE_VSM_2_SUM.csv,0.8960256721736314,0.8385923742497639,2.2182539682539684,0.8789266090903332
