Technique,AUC,Credibility,LagGlobal,MAP
50Traced_NONETRACED_RFUNDER_MULTI_LSA_0_SUM.csv,0.8979726811359465,0.8119342381866375,2.2182539682539684,0.836791666067843
