Technique,AUC,Credibility,LagGlobal,MAP
50Traced_NONETRACED_RFSMOTE_SINGLE_VSM_6_MAX.csv,0.8615970197602851,0.7580360714285714,2.2261904761904763,0.7919259828085786
