Technique,AUC,Credibility,LagGlobal,MAP
50Traced_NONETRACED_RFUNDER_RAW_VSM_94_MEDIAN.csv,0.8674954108627578,0.7927888095238095,2.2182539682539684,0.8422449727031025
