Technique,AUC,Credibility,LagGlobal,MAP
50Traced_NONETRACED_MEDIAN_RAW_VSM_68_SUM.csv,0.7828393262066731,0.6644958978262708,2.2936507936507935,0.6863426777737337
