Technique,AUC,Credibility,LagGlobal,MAP
50Traced_NONETRACED_RFSMOTE_SINGLE_VSM_44_MAX.csv,0.8599435806068458,0.7582528571428572,2.2182539682539684,0.7683533863826576
