Technique,AUC,Credibility,LagGlobal,MAP
50Traced_NONETRACED_MEDIAN_MULTI_LSA_51_MAX.csv,0.7779734909836952,0.6756791666666667,2.2936507936507935,0.6794283250794553
