Technique,AUC,Credibility,LagGlobal,MAP
50Traced_NONETRACED_MAX_RAW_LSA_0_MAX.csv,0.9406010420041033,0.7812010714285714,2.0515873015873014,0.9177550163393042
