Technique,AUC,Credibility,LagGlobal,MAP
50Traced_NONETRACED_RFUNDER_MULTI_VSM_92_MAX.csv,0.878509340244034,0.7995066666666667,2.2182539682539684,0.7079797570673284
