Technique,AUC,Credibility,LagGlobal,MAP
50Traced_NONETRACED_RFSMOTE_RAW_LSA_9_MAX.csv,0.875114728431055,0.7920760714285714,2.1825396825396823,0.8283513301040905
