Technique,AUC,Credibility,LagGlobal,MAP
50Traced_NONETRACED_RFNONE_SINGLE_LSA_33_SUM.csv,0.8667530504265198,0.8050792889132621,2.2182539682539684,0.8470669847527831
