Technique,AUC,Credibility,LagGlobal,MAP
50Traced_NONETRACED_MAX_SINGLE_VSM_95_MAX.csv,0.9770306932296728,0.7546764285714286,0.9285714285714286,0.959512700925759
