Technique,AUC,Credibility,LagGlobal,MAP
50Traced_NONETRACED_MEDIAN_MULTI_LSA_99_SUM.csv,0.7958272594752187,0.6720617953016281,2.3015873015873014,0.7044106074453642
