Technique,AUC,Credibility,LagGlobal,MAP
50Traced_NONETRACED_RFUNDER_MULTI_VSM_78_MAX.csv,0.8953609221466364,0.8298429761904762,2.2936507936507935,0.8072308914998125
