Technique,AUC,Credibility,LagGlobal,MAP
50Traced_NONETRACED_RFUNDER_RAW_VSM_6_MAX.csv,0.8838745815786633,0.8145229761904762,2.2182539682539684,0.8629561730478469
