Technique,AUC,Credibility,LagGlobal,MAP
50Traced_NONETRACED_SUM_SINGLE_VSM_72_MAX.csv,0.974499919015225,-0.3373419047619048,0.7658730158730159,0.9482182760729634
