Technique,AUC,Credibility,LagGlobal,MAP
50Traced_NONETRACED_SUM_MULTI_LSA_70_MEDIAN.csv,0.9319221736313573,-0.16702797619047619,1.3373015873015872,0.8786769297403778
