Technique,AUC,Credibility,LagGlobal,MAP
50Traced_NONETRACED_MAX_RAW_VSM_90_MEDIAN.csv,0.95743237771299,0.7965125,2.3174603174603177,0.9430603903049113
