Technique,AUC,Credibility,LagGlobal,MAP
50Traced_NONETRACED_SUM_MULTI_VSM_49_SUM.csv,0.92824411510636,0.7316409883133164,2.0436507936507935,0.8779153691871694
