Technique,AUC,Credibility,LagGlobal,MAP
50Traced_NONETRACED_SUM_RAW_LSA_33_MEDIAN.csv,0.9255716175359032,0.4509488095238095,1.9563492063492063,0.8881950062090878
