Technique,AUC,Credibility,LagGlobal,MAP
50Traced_NONETRACED_RFSMOTE_SINGLE_VSM_71_MEDIAN.csv,0.8401326800561495,0.7364942857142858,2.2222222222222223,0.7381156668528314
