Technique,AUC,Credibility,LagGlobal,MAP
50Traced_NONETRACED_MAX_SINGLE_LSA_26_MEDIAN.csv,0.9755291005291005,0.7518136904761905,0.9285714285714286,0.9597859975714624
