Technique,AUC,Credibility,LagGlobal,MAP
50Traced_NONETRACED_RFSMOTE_MULTI_VSM_20_SUM.csv,0.8317338840298024,0.7532863388477592,2.2182539682539684,0.7736725496297191
