Technique,AUC,Credibility,LagGlobal,MAP
50Traced_NONETRACED_RFNONE_MULTI_LSA_67_SUM.csv,0.9133192959723573,0.8187891874600128,2.2936507936507935,0.8873499564355809
