Technique,AUC,Credibility,LagGlobal,MAP
50Traced_NONETRACED_MAX_RAW_VSM_31_SUM.csv,0.9279302991037686,0.7498474962504086,2.2857142857142856,0.9069164350634336
