Technique,AUC,Credibility,LagGlobal,MAP
50Traced_NONETRACED_MAX_RAW_VSM_64_MEDIAN.csv,0.9498063114134543,0.782594880952381,2.0277777777777777,0.9276929696596795
