Technique,AUC,Credibility,LagGlobal,MAP
50Traced_NONETRACED_SUM_RAW_LSA_32_SUM.csv,0.9336093564409892,0.7492189711874351,2.1785714285714284,0.9038709779840968
