Technique,AUC,Credibility,LagGlobal,MAP
50Traced_NONETRACED_MAX_SINGLE_VSM_30_MEDIAN.csv,0.9773006424792139,0.7436807142857143,1.0238095238095237,0.9599466696644513
