Technique,AUC,Credibility,LagGlobal,MAP
50Traced_NONETRACED_RFUNDER_MULTI_VSM_18_MEDIAN.csv,0.8745984504913077,0.8033663095238095,2.2182539682539684,0.7233643302156552
