Technique,AUC,Credibility,LagGlobal,MAP
50Traced_NONETRACED_RFNONE_MULTI_LSA_83_MAX.csv,0.8792550750458914,0.8218891666666667,2.2182539682539684,0.8296677106780533
