Technique,AUC,Credibility,LagGlobal,MAP
50Traced_NONETRACED_RFUNDER_SINGLE_LSA_46_SUM.csv,0.9196259853147608,0.8431623404320141,2.2182539682539684,0.9135913385652157
