Technique,AUC,Credibility,LagGlobal,MAP
50Traced_NONETRACED_MAX_SINGLE_VSM_96_SUM.csv,0.9837524295432459,0.7450249285682037,1.6746031746031746,0.9733401221780189
