Technique,AUC,Credibility,LagGlobal,MAP
50Traced_NONETRACED_MAX_SINGLE_VSM_56_SUM.csv,0.976804610733182,0.7268154586018529,1.0555555555555556,0.9593715806303678
