Technique,AUC,Credibility,LagGlobal,MAP
50Traced_NONETRACED_RFSMOTE_MULTI_LSA_33_SUM.csv,0.8805980725623582,0.7799444749108857,2.2182539682539684,0.8300897449546614
