Technique,AUC,Credibility,LagGlobal,MAP
50Traced_NONETRACED_RFSMOTE_RAW_LSA_29_SUM.csv,0.8588469117805853,0.7817771243780137,2.2182539682539684,0.8282965512544795
