Technique,AUC,Credibility,LagGlobal,MAP
50Traced_NONETRACED_MAX_SINGLE_LSA_86_MEDIAN.csv,0.9856926897743226,0.7452042857142858,0.8571428571428571,0.9735817286958972
