Technique,AUC,Credibility,LagGlobal,MAP
50Traced_NONETRACED_RFNONE_SINGLE_VSM_43_MAX.csv,0.8584656084656085,0.8040459523809523,2.2182539682539684,0.8355445408612316
