Technique,AUC,Credibility,LagGlobal,MAP
50Traced_NONETRACED_RFNONE_RAW_LSA_95_SUM.csv,0.8787151765468093,0.7974626786095116,2.2936507936507935,0.8597453929055713
