Technique,AUC,Credibility,LagGlobal,MAP
50Traced_NONETRACED_RFSMOTE_SINGLE_VSM_37_SUM.csv,0.8925129575639781,0.8088875940651372,2.2182539682539684,0.869834778549276
