Technique,AUC,Credibility,LagGlobal,MAP
50Traced_NONETRACED_RFNONE_SINGLE_LSA_70_MAX.csv,0.8914669042220063,0.8327617857142857,2.2182539682539684,0.873988434689064
