Technique,AUC,Credibility,LagGlobal,MAP
50Traced_NONETRACED_MEDIAN_MULTI_VSM_20_SUM.csv,0.7945213799805637,0.6676475083440732,2.2936507936507935,0.7061757617725604
