Technique,AUC,Credibility,LagGlobal,MAP
50Traced_NONETRACED_RFSMOTE_RAW_LSA_33_SUM.csv,0.8604969765684052,0.782135493212782,2.2182539682539684,0.8251675309035734
