Technique,AUC,Credibility,LagGlobal,MAP
50Traced_NONETRACED_RFUNDER_MULTI_LSA_1_MAX.csv,0.947498245329878,0.8621785714285715,2.2182539682539684,0.8905738686092256
