Technique,AUC,Credibility,LagGlobal,MAP
50Traced_NONETRACED_SUM_SINGLE_VSM_75_SUM.csv,0.9568654842889537,0.7509702522961836,1.3452380952380953,0.8981490867257161
