Technique,AUC,Credibility,LagGlobal,MAP
50Traced_NONETRACED_RFUNDER_SINGLE_VSM_78_MEDIAN.csv,0.9175203811683402,0.8469554761904762,2.2182539682539684,0.8923018529066745
