Technique,AUC,Credibility,LagGlobal,MAP
50Traced_NONETRACED_MAX_MULTI_VSM_75_MAX.csv,0.9512572886297375,0.7431095238095238,2.242063492063492,0.9280078758851179
