Technique,AUC,Credibility,LagGlobal,MAP
50Traced_NONETRACED_MAX_SINGLE_VSM_95_SUM.csv,0.9667996166720657,0.7396045904269262,1.4682539682539681,0.9474350936192707
