Technique,AUC,Credibility,LagGlobal,MAP
50Traced_NONETRACED_RFNONE_RAW_LSA_37_SUM.csv,0.8446509556203432,0.7768978307893855,2.2182539682539684,0.8131377121030814
