Technique,AUC,Credibility,LagGlobal,MAP
50Traced_NONETRACED_MAX_RAW_LSA_36_MEDIAN.csv,0.9528398661051721,0.7916608333333334,2.0277777777777777,0.9341766711399799
