Technique,AUC,Credibility,LagGlobal,MAP
50Traced_NONETRACED_RFNONE_MULTI_LSA_47_SUM.csv,0.8902723787927869,0.8142192212777626,2.2182539682539684,0.8340843365814034
