Technique,AUC,Credibility,LagGlobal,MAP
50Traced_NONETRACED_RFUNDER_RAW_VSM_35_SUM.csv,0.8726413184321348,0.7936543734576365,2.2936507936507935,0.8474935106506962
