Technique,AUC,Credibility,LagGlobal,MAP
50Traced_NONETRACED_RFSMOTE_MULTI_LSA_98_MEDIAN.csv,0.8586107061872368,0.7737564285714286,2.2182539682539684,0.8100875741766045
