Technique,AUC,Credibility,LagGlobal,MAP
50Traced_NONETRACED_RFNONE_SINGLE_VSM_55_SUM.csv,0.8883759853147608,0.8162421167190669,2.2182539682539684,0.8721890607676468
