Technique,AUC,Credibility,LagGlobal,MAP
50Traced_NONETRACED_SUM_SINGLE_VSM_46_SUM.csv,0.9629022243818162,0.7568514893105093,1.5436507936507937,0.9348533114537124
