Technique,AUC,Credibility,LagGlobal,MAP
50Traced_NONETRACED_MAX_RAW_LSA_23_SUM.csv,0.9273026670985856,0.7550170856108894,2.3253968253968256,0.8967512855066213
