Technique,AUC,Credibility,LagGlobal,MAP
50Traced_NONETRACED_SUM_MULTI_LSA_40_SUM.csv,0.9343584656084657,0.729525993399061,2.2936507936507935,0.9046821882170136
