Technique,AUC,Credibility,LagGlobal,MAP
50Traced_NONETRACED_SUM_MULTI_LSA_69_MEDIAN.csv,0.9506634002807473,-0.21413273809523808,1.376984126984127,0.9145104437087602
