Technique,AUC,Credibility,LagGlobal,MAP
50Traced_NONETRACED_SUM_RAW_LSA_72_MEDIAN.csv,0.9335013767411726,0.41692142857142855,2.2857142857142856,0.9108165503891962
