Technique,AUC,Credibility,LagGlobal,MAP
50Traced_NONETRACED_MAX_RAW_VSM_40_MEDIAN.csv,0.9651225569592917,0.7952778571428571,1.369047619047619,0.9435675511152064
