Technique,AUC,Credibility,LagGlobal,MAP
50Traced_NONETRACED_RFNONE_SINGLE_LSA_91_MAX.csv,0.8722802613108736,0.807780119047619,2.2182539682539684,0.8546780315194672
