Technique,AUC,Credibility,LagGlobal,MAP
50Traced_NONETRACED_RFUNDER_MULTI_LSA_96_SUM.csv,0.9080957779937373,0.8233591536422631,2.126984126984127,0.8530171316678676
