Technique,AUC,Credibility,LagGlobal,MAP
50Traced_NONETRACED_SUM_MULTI_LSA_14_MAX.csv,0.9341020138214015,-0.20283619047619048,1.8253968253968254,0.887823439956091
