Technique,AUC,Credibility,LagGlobal,MAP
50Traced_NONETRACED_MAX_SINGLE_VSM_10_MAX.csv,0.9888342241658568,0.755635119047619,0.5595238095238095,0.9780518651710128
