Technique,AUC,Credibility,LagGlobal,MAP
50Traced_NONETRACED_RFNONE_RAW_LSA_7_SUM.csv,0.8841107871720117,0.7959393565487616,2.2936507936507935,0.8623264735287011
