Technique,AUC,Credibility,LagGlobal,MAP
50Traced_NONETRACED_RFSMOTE_MULTI_VSM_62_MAX.csv,0.8400584440125256,0.7702065476190476,2.2936507936507935,0.7883327173654779
