Technique,AUC,Credibility,LagGlobal,MAP
50Traced_NONETRACED_RFNONE_SINGLE_VSM_62_MAX.csv,0.9361907461397256,0.8472291666666667,2.2182539682539684,0.9256511355621325
