Technique,AUC,Credibility,LagGlobal,MAP
50Traced_NONETRACED_RFSMOTE_RAW_LSA_96_MAX.csv,0.8493649443904545,0.7617505952380952,2.2976190476190474,0.7411743464505167
