Technique,AUC,Credibility,LagGlobal,MAP
50Traced_NONETRACED_RFSMOTE_SINGLE_VSM_0_SUM.csv,0.8673604362379872,0.7542447104567166,2.2936507936507935,0.8062825356277181
