Technique,AUC,Credibility,LagGlobal,MAP
50Traced_NONETRACED_MEDIAN_RAW_VSM_69_SUM.csv,0.7812803692905733,0.6642497674025205,2.2936507936507935,0.6834840064640262
