Technique,AUC,Credibility,LagGlobal,MAP
50Traced_NONETRACED_MAX_MULTI_LSA_44_MEDIAN.csv,0.9745842781557066,0.7498413095238096,1.2142857142857142,0.9568700597273003
