Technique,AUC,Credibility,LagGlobal,MAP
50Traced_NONETRACED_RFUNDER_SINGLE_VSM_82_MAX.csv,0.8927997786416153,0.826047619047619,2.2182539682539684,0.8620719347076098
