Technique,AUC,Credibility,LagGlobal,MAP
50Traced_NONETRACED_RFNONE_RAW_LSA_25_MAX.csv,0.8586613216715258,0.7956579761904762,2.2182539682539684,0.8355694078067606
