Technique,AUC,Credibility,LagGlobal,MAP
50Traced_NONETRACED_MAX_RAW_LSA_31_SUM.csv,0.9350097181729835,0.7694902885105901,2.3253968253968256,0.910490453529498
