Technique,AUC,Credibility,LagGlobal,MAP
50Traced_NONETRACED_RFUNDER_RAW_LSA_68_SUM.csv,0.8980097991577582,0.8111725771562623,2.2182539682539684,0.881592804677195
