Technique,AUC,Credibility,LagGlobal,MAP
50Traced_NONETRACED_MAX_RAW_VSM_85_SUM.csv,0.9456119749487096,0.7753656947030008,2.0396825396825395,0.9338004392035808
