Technique,AUC,Credibility,LagGlobal,MAP
50Traced_NONETRACED_RFNONE_SINGLE_VSM_87_SUM.csv,0.8902892506208833,0.8149808823081376,2.2936507936507935,0.8755031877949083
