Technique,AUC,Credibility,LagGlobal,MAP
50Traced_NONETRACED_RFUNDER_MULTI_VSM_95_SUM.csv,0.8950268599503293,0.821074170551138,2.2936507936507935,0.84597989345323
