Technique,AUC,Credibility,LagGlobal,MAP
50Traced_NONETRACED_MAX_SINGLE_VSM_98_SUM.csv,0.9630506964690638,0.7336944944063883,1.1150793650793651,0.9395947086803098
