Technique,AUC,Credibility,LagGlobal,MAP
50Traced_NONETRACED_RFSMOTE_RAW_VSM_87_MEDIAN.csv,0.8712713259907138,0.7887020238095238,2.2222222222222223,0.8015581206365789
