Technique,AUC,Credibility,LagGlobal,MAP
50Traced_NONETRACED_RFSMOTE_MULTI_LSA_75_SUM.csv,0.8172072400388728,0.7457034181037958,2.2222222222222223,0.7423271144530945
