Technique,AUC,Credibility,LagGlobal,MAP
50Traced_NONETRACED_MAX_RAW_LSA_30_SUM.csv,0.949762444660404,0.7678386360646912,2.0595238095238093,0.938602193286727
