Technique,AUC,Credibility,LagGlobal,MAP
50Traced_NONETRACED_MAX_MULTI_LSA_70_SUM.csv,0.9727654950869237,0.7423634341975215,1.5277777777777777,0.9568099711955634
