Technique,AUC,Credibility,LagGlobal,MAP
50Traced_NONETRACED_MAX_RAW_VSM_29_SUM.csv,0.9293002915451896,0.7609811989520727,1.9325396825396826,0.9055336860792393
