Technique,AUC,Credibility,LagGlobal,MAP
50Traced_NONETRACED_SUM_RAW_VSM_25_MAX.csv,0.9375776104092431,0.4868627380952381,1.873015873015873,0.9085708904332219
