Technique,AUC,Credibility,LagGlobal,MAP
50Traced_NONETRACED_RFNONE_SINGLE_VSM_71_MAX.csv,0.890555825504805,0.8039811904761904,2.2182539682539684,0.8683971210213611
