Technique,AUC,Credibility,LagGlobal,MAP
50Traced_NONETRACED_SUM_MULTI_LSA_85_SUM.csv,0.9336093564409891,0.725139819625591,1.9484126984126984,0.8946771155900475
