Technique,AUC,Credibility,LagGlobal,MAP
50Traced_NONETRACED_MEDIAN_MULTI_VSM_62_SUM.csv,0.780328798185941,0.6638310919394401,2.2936507936507935,0.6817148700793436
