Technique,AUC,Credibility,LagGlobal,MAP
50Traced_NONETRACED_RFSMOTE_RAW_VSM_77_SUM.csv,0.9372199276536012,0.8241208146726381,2.0515873015873014,0.9174529491991584
