Technique,AUC,Credibility,LagGlobal,MAP
50Traced_NONETRACED_SUM_RAW_LSA_68_MAX.csv,0.9473733938019653,0.46534345238095237,1.4444444444444444,0.9180147517523745
