Technique,AUC,Credibility,LagGlobal,MAP
50Traced_NONETRACED_RFSMOTE_MULTI_VSM_95_SUM.csv,0.9052073210236475,0.8134575602473875,2.1547619047619047,0.8626246847164286
