Technique,AUC,Credibility,LagGlobal,MAP
50Traced_NONETRACED_SUM_MULTI_LSA_89_MEDIAN.csv,0.9418630547457078,-0.14788464285714287,2.1944444444444446,0.9079902587930853
