Technique,AUC,Credibility,LagGlobal,MAP
50Traced_NONETRACED_RFSMOTE_RAW_LSA_40_MAX.csv,0.8947602850664074,0.8152561904761905,2.1547619047619047,0.8617650063491638
