Technique,AUC,Credibility,LagGlobal,MAP
50Traced_NONETRACED_RFNONE_SINGLE_VSM_18_SUM.csv,0.875792975920527,0.7906621490893532,2.2936507936507935,0.8491650357352116
