Technique,AUC,Credibility,LagGlobal,MAP
50Traced_NONETRACED_RFNONE_SINGLE_VSM_61_MAX.csv,0.8821469063816002,0.82047,2.2182539682539684,0.8629898863199662
