Technique,AUC,Credibility,LagGlobal,MAP
50Traced_NONETRACED_RFNONE_MULTI_LSA_69_SUM.csv,0.8957321023647554,0.8195508484903878,2.2182539682539684,0.8772896300293332
