Technique,AUC,Credibility,LagGlobal,MAP
50Traced_NONETRACED_RFSMOTE_RAW_LSA_59_MAX.csv,0.8580606845912968,0.7681994047619047,2.2182539682539684,0.8035102289736362
