Technique,AUC,Credibility,LagGlobal,MAP
50Traced_NONETRACED_RFSMOTE_MULTI_LSA_21_MEDIAN.csv,0.8522567757261634,0.7347620238095238,2.2182539682539684,0.7377634115065166
