Technique,AUC,Credibility,LagGlobal,MAP
50Traced_NONETRACED_RFNONE_RAW_LSA_68_SUM.csv,0.8772743224273836,0.8038397081713269,2.2182539682539684,0.8584295322198141
