Technique,AUC,Credibility,LagGlobal,MAP
50Traced_NONETRACED_SUM_SINGLE_VSM_84_SUM.csv,0.9654532447899794,0.7473665782359432,1.1785714285714286,0.9339350965824901
