Technique,AUC,Credibility,LagGlobal,MAP
50Traced_NONETRACED_SUM_RAW_LSA_96_SUM.csv,0.9646940125256452,0.7500866078564518,1.5515873015873016,0.9392678316895305
