Technique,AUC,Credibility,LagGlobal,MAP
50Traced_NONETRACED_SUM_RAW_VSM_0_MAX.csv,0.9419102958643775,0.4695214285714286,2.0396825396825395,0.9152778483704928
