Technique,AUC,Credibility,LagGlobal,MAP
50Traced_NONETRACED_MEDIAN_MULTI_VSM_2_SUM.csv,0.7864633948817622,0.6676118745003101,2.2936507936507935,0.6864762777859394
