Technique,AUC,Credibility,LagGlobal,MAP
50Traced_NONETRACED_RFSMOTE_MULTI_VSM_47_MEDIAN.csv,0.8734072994277076,0.7720338095238095,2.2261904761904763,0.7949458325600638
