Technique,AUC,Credibility,LagGlobal,MAP
50Traced_NONETRACED_MEDIAN_SINGLE_LSA_82_SUM.csv,0.7804334035201382,0.6641628605260932,2.2936507936507935,0.682968605770282
