Technique,AUC,Credibility,LagGlobal,MAP
50Traced_NONETRACED_RFNONE_MULTI_VSM_33_MEDIAN.csv,0.9173415397905194,0.8446810714285714,2.2936507936507935,0.9086260190949889
