Technique,AUC,Credibility,LagGlobal,MAP
50Traced_NONETRACED_RFSMOTE_MULTI_LSA_86_MAX.csv,0.875769355361192,0.8045011904761905,2.2936507936507935,0.7918021551338675
