Technique,AUC,Credibility,LagGlobal,MAP
50Traced_NONETRACED_MEDIAN_SINGLE_VSM_49_SUM.csv,0.7825795000539899,0.6655380119851299,2.2936507936507935,0.6856003902710726
