Technique,AUC,Credibility,LagGlobal,MAP
50Traced_NONETRACED_RFSMOTE_MULTI_LSA_82_SUM.csv,0.8592248407299428,0.74889325736358,2.1825396825396823,0.7642014336404056
