Technique,AUC,Credibility,LagGlobal,MAP
50Traced_NONETRACED_RFNONE_MULTI_LSA_47_MEDIAN.csv,0.8894659054097829,0.8197705952380953,2.2182539682539684,0.8142684154029407
