Technique,AUC,Credibility,LagGlobal,MAP
50Traced_NONETRACED_RFUNDER_MULTI_VSM_75_MAX.csv,0.9196293596803802,0.8362029761904762,2.2182539682539684,0.8183225867019435
