Technique,AUC,Credibility,LagGlobal,MAP
50Traced_NONETRACED_SUM_MULTI_VSM_1_MAX.csv,0.9199971655328798,-0.18563392857142857,1.5992063492063493,0.8702811808249872
