Technique,AUC,Credibility,LagGlobal,MAP
50Traced_NONETRACED_RFUNDER_RAW_LSA_78_SUM.csv,0.9014853957455997,0.8081259330347622,2.2182539682539684,0.8848984492743648
