Technique,AUC,Credibility,LagGlobal,MAP
50Traced_NONETRACED_RFNONE_MULTI_LSA_98_SUM.csv,0.92104996760609,0.8347840690978887,2.2182539682539684,0.9024861786963652
