Technique,AUC,Credibility,LagGlobal,MAP
50Traced_NONETRACED_SUM_MULTI_VSM_13_MAX.csv,0.9365754238203217,-0.20874654761904762,1.996031746031746,0.9029636877807541
