Technique,AUC,Credibility,LagGlobal,MAP
50Traced_NONETRACED_SUM_SINGLE_VSM_30_SUM.csv,0.9516385919447143,0.7414761134581689,1.8015873015873016,0.905856348745473
