Technique,AUC,Credibility,LagGlobal,MAP
50Traced_NONETRACED_MEDIAN_SINGLE_VSM_19_SUM.csv,0.7826233668070404,0.6654795737122557,2.2936507936507935,0.6866252927640822
