Technique,AUC,Credibility,LagGlobal,MAP
50Traced_NONETRACED_RFNONE_RAW_LSA_73_MAX.csv,0.8752530774214446,0.8062586904761905,2.2936507936507935,0.8555009600108333
