Technique,AUC,Credibility,LagGlobal,MAP
50Traced_NONETRACED_SUM_MULTI_VSM_49_MAX.csv,0.9254163967174172,-0.21441702380952382,1.9404761904761905,0.8745961329415035
