Technique,AUC,Credibility,LagGlobal,MAP
50Traced_NONETRACED_SUM_MULTI_LSA_47_MAX.csv,0.9462024889320807,-0.22791654761904762,1.5436507936507937,0.8992037454627817
