Technique,AUC,Credibility,LagGlobal,MAP
50Traced_NONETRACED_RFSMOTE_SINGLE_VSM_76_MEDIAN.csv,0.899308929921175,0.8110447619047619,2.0476190476190474,0.8046514866106776
