Technique,AUC,Credibility,LagGlobal,MAP
50Traced_NONETRACED_RFNONE_SINGLE_LSA_14_MEDIAN.csv,0.9022783716661267,0.8275704761904762,2.2182539682539684,0.8823912939467682
