Technique,AUC,Credibility,LagGlobal,MAP
50Traced_NONETRACED_RFUNDER_RAW_VSM_88_SUM.csv,0.8754454162617428,0.802794305822137,2.2936507936507935,0.8517296123407065
