Technique,AUC,Credibility,LagGlobal,MAP
50Traced_NONETRACED_RFNONE_SINGLE_LSA_86_MEDIAN.csv,0.8962787495950763,0.8191382142857143,2.2936507936507935,0.8759266906206395
