Technique,AUC,Credibility,LagGlobal,MAP
50Traced_NONETRACED_MAX_SINGLE_VSM_69_SUM.csv,0.9731096803800885,0.7477150879527267,0.9523809523809523,0.9548755551514466
