Technique,AUC,Credibility,LagGlobal,MAP
50Traced_NONETRACED_RFNONE_MULTI_LSA_2_MEDIAN.csv,0.8756208832739445,0.8207384523809523,2.2182539682539684,0.8532070921901957
