Technique,AUC,Credibility,LagGlobal,MAP
50Traced_NONETRACED_SUM_SINGLE_LSA_8_MEDIAN.csv,0.9431284418529317,-0.26760702380952384,1.1825396825396826,0.8913920394386327
