Technique,AUC,Credibility,LagGlobal,MAP
50Traced_NONETRACED_SUM_SINGLE_LSA_78_SUM.csv,0.960148742036497,0.7463806844625266,1.0992063492063493,0.9165075896742833
