Technique,AUC,Credibility,LagGlobal,MAP
50Traced_NONETRACED_MEDIAN_SINGLE_VSM_90_SUM.csv,0.7854915775834144,0.6679416760815045,2.2936507936507935,0.690095028472515
