Technique,AUC,Credibility,LagGlobal,MAP
50Traced_NONETRACED_SUM_SINGLE_LSA_58_SUM.csv,0.9357858222654141,0.7424362555339016,1.3531746031746033,0.8812775863549209
