Technique,AUC,Credibility,LagGlobal,MAP
50Traced_NONETRACED_RFUNDER_RAW_VSM_74_SUM.csv,0.8919933052586115,0.8119342381866375,2.2936507936507935,0.8722987124290894
