Technique,AUC,Credibility,LagGlobal,MAP
50Traced_NONETRACED_RFSMOTE_MULTI_VSM_87_SUM.csv,0.8658655922686536,0.7836857942812494,2.1825396825396823,0.8097961870168524
