Technique,AUC,Credibility,LagGlobal,MAP
50Traced_NONETRACED_MEDIAN_MULTI_LSA_17_MAX.csv,0.778445902170392,0.6758095238095239,2.2936507936507935,0.6795983380094226
