Technique,AUC,Credibility,LagGlobal,MAP
50Traced_NONETRACED_RFUNDER_SINGLE_VSM_71_MEDIAN.csv,0.9476197224921714,0.8682634523809524,2.0476190476190474,0.9387704323834618
