Technique,AUC,Credibility,LagGlobal,MAP
50Traced_NONETRACED_SUM_SINGLE_VSM_10_MEDIAN.csv,0.9636850772054855,-0.251324880952381,1.1071428571428572,0.923691076011554
