Technique,AUC,Credibility,LagGlobal,MAP
50Traced_NONETRACED_RFSMOTE_SINGLE_LSA_33_SUM.csv,0.8328238041248246,0.7251762132448608,2.2182539682539684,0.7441864999304508
