Technique,AUC,Credibility,LagGlobal,MAP
50Traced_NONETRACED_RFNONE_MULTI_VSM_11_SUM.csv,0.8892364485476731,0.8142192212777626,2.2182539682539684,0.8648993549141883
