Technique,AUC,Credibility,LagGlobal,MAP
50Traced_NONETRACED_SUM_MULTI_VSM_25_MAX.csv,0.9294015225137675,-0.12463690476190477,1.5436507936507937,0.8602274098506277
