Technique,AUC,Credibility,LagGlobal,MAP
50Traced_NONETRACED_RFNONE_RAW_VSM_17_SUM.csv,0.889671741712558,0.8050792889132621,2.2936507936507935,0.8744735260971506
