Technique,AUC,Credibility,LagGlobal,MAP
50Traced_NONETRACED_SUM_RAW_VSM_38_MEDIAN.csv,0.9437459507612569,0.4084315476190476,1.5833333333333333,0.910655020584535
