Technique,AUC,Credibility,LagGlobal,MAP
50Traced_NONETRACED_RFSMOTE_MULTI_VSM_70_SUM.csv,0.9120201652089408,0.8340224080675136,2.2182539682539684,0.8915382646243236
