Technique,AUC,Credibility,LagGlobal,MAP
50Traced_NONETRACED_MEDIAN_MULTI_VSM_83_MEDIAN.csv,0.7781422092646583,0.6757491666666666,2.2936507936507935,0.6794782114431812
