Technique,AUC,Credibility,LagGlobal,MAP
50Traced_NONETRACED_MEDIAN_MULTI_LSA_13_MAX.csv,0.7797214123744737,0.6758496428571429,2.2936507936507935,0.6802851972418821
