Technique,AUC,Credibility,LagGlobal,MAP
50Traced_NONETRACED_RFSMOTE_MULTI_VSM_80_MAX.csv,0.8238851095993954,0.7476469047619048,2.2976190476190474,0.6588751906834351
