Technique,AUC,Credibility,LagGlobal,MAP
50Traced_NONETRACED_MAX_MULTI_LSA_87_MAX.csv,0.9722222222222222,0.750107619047619,1.4603174603174602,0.9555263633438577
