Technique,AUC,Credibility,LagGlobal,MAP
50Traced_NONETRACED_MEDIAN_MULTI_LSA_94_SUM.csv,0.7834197170931867,0.6671608907943313,2.2936507936507935,0.6911722367610169
