Technique,AUC,Credibility,LagGlobal,MAP
50Traced_NONETRACED_RFSMOTE_RAW_LSA_75_SUM.csv,0.857524160457834,0.7768978307893855,2.2182539682539684,0.811375996726882
