Technique,AUC,Credibility,LagGlobal,MAP
50Traced_NONETRACED_MEDIAN_RAW_LSA_1_SUM.csv,0.7845467552100205,0.6661410874873444,2.2936507936507935,0.6859569923730179
