Technique,AUC,Credibility,LagGlobal,MAP
50Traced_NONETRACED_RFSMOTE_RAW_LSA_63_MAX.csv,0.863851095993953,0.7764861904761905,2.2936507936507935,0.8311434416366605
