Technique,AUC,Credibility,LagGlobal,MAP
50Traced_NONETRACED_RFUNDER_RAW_LSA_31_SUM.csv,0.881542894935752,0.8134575602473875,2.2936507936507935,0.8566604616385334
