Technique,AUC,Credibility,LagGlobal,MAP
50Traced_NONETRACED_MAX_MULTI_VSM_9_SUM.csv,0.936028776590001,0.7371083287068151,2.0476190476190474,0.9156704367670931
