Technique,AUC,Credibility,LagGlobal,MAP
50Traced_NONETRACED_MAX_SINGLE_LSA_32_SUM.csv,0.9646197764820214,0.7394924716282101,1.8055555555555556,0.9393166898034112
