Technique,AUC,Credibility,LagGlobal,MAP
50Traced_NONETRACED_RFNONE_MULTI_VSM_36_SUM.csv,0.9041275240254831,0.8193427188560019,2.123015873015873,0.8729273776429889
