Technique,AUC,Credibility,LagGlobal,MAP
50Traced_NONETRACED_SUM_MULTI_LSA_76_SUM.csv,0.9367778857574776,0.735062253216519,1.4206349206349207,0.8785104910495941
