Technique,AUC,Credibility,LagGlobal,MAP
50Traced_NONETRACED_MEDIAN_MULTI_LSA_8_SUM.csv,0.8011283878630817,0.6694733753549679,2.2976190476190474,0.707257797947774
