Technique,AUC,Credibility,LagGlobal,MAP
50Traced_NONETRACED_RFNONE_MULTI_LSA_62_MEDIAN.csv,0.8958670769895261,0.8247358333333333,2.2936507936507935,0.8706120717075136
