Technique,AUC,Credibility,LagGlobal,MAP
50Traced_NONETRACED_MAX_MULTI_LSA_30_SUM.csv,0.9628549832631466,0.7479608545582438,1.4087301587301588,0.9438693685824877
