Technique,AUC,Credibility,LagGlobal,MAP
50Traced_NONETRACED_RFSMOTE_MULTI_LSA_81_SUM.csv,0.9024167206565166,0.8066026109740121,2.2976190476190474,0.8587354196914914
