Technique,AUC,Credibility,LagGlobal,MAP
50Traced_NONETRACED_RFNONE_MULTI_VSM_49_MAX.csv,0.9206652899254939,0.8420659523809524,2.2182539682539684,0.8748331314008464
