Technique,AUC,Credibility,LagGlobal,MAP
50Traced_NONETRACED_RFUNDER_RAW_VSM_32_MAX.csv,0.878944633408919,0.8099434523809523,2.2936507936507935,0.8633276784547819
