Technique,AUC,Credibility,LagGlobal,MAP
50Traced_NONETRACED_RFSMOTE_MULTI_LSA_37_SUM.csv,0.8435002969441745,0.7682183185977974,2.2182539682539684,0.7943414023980521
