Technique,AUC,Credibility,LagGlobal,MAP
50Traced_NONETRACED_MEDIAN_RAW_LSA_91_SUM.csv,0.7816346776805961,0.664225027488793,2.2936507936507935,0.6827898372257476
