Technique,AUC,Credibility,LagGlobal,MAP
50Traced_NONETRACED_MEDIAN_MULTI_VSM_46_SUM.csv,0.7823534175574991,0.6654954844006569,2.2936507936507935,0.688441107192793
