Technique,AUC,Credibility,LagGlobal,MAP
50Traced_NONETRACED_RFSMOTE_RAW_LSA_58_MEDIAN.csv,0.8716829985962639,0.7994527380952381,2.2936507936507935,0.8087154366687854
