Technique,AUC,Credibility,LagGlobal,MAP
50Traced_NONETRACED_MEDIAN_MULTI_VSM_32_SUM.csv,0.7827920850880035,0.6638775866803125,2.2936507936507935,0.6891774438616641
