Technique,AUC,Credibility,LagGlobal,MAP
50Traced_NONETRACED_MEDIAN_RAW_LSA_63_SUM.csv,0.779917125580391,0.6639340782216842,2.2976190476190474,0.6833109320321844
