Technique,AUC,Credibility,LagGlobal,MAP
50Traced_NONETRACED_RFUNDER_MULTI_LSA_35_MAX.csv,0.8748785228377065,0.7841204761904762,2.0595238095238093,0.6783046804709209
