Technique,AUC,Credibility,LagGlobal,MAP
50Traced_NONETRACED_MEDIAN_SINGLE_VSM_86_MEDIAN.csv,0.7782299427707592,0.6757842857142857,2.2936507936507935,0.679509249211022
