Technique,AUC,Credibility,LagGlobal,MAP
50Traced_NONETRACED_SUM_RAW_VSM_54_MEDIAN.csv,0.9461586221790304,0.4857396428571429,2.2182539682539684,0.9199902957265231
