Technique,AUC,Credibility,LagGlobal,MAP
50Traced_NONETRACED_SUM_SINGLE_VSM_87_SUM.csv,0.9605874095670014,0.7510127298770909,1.2380952380952381,0.9189060344679143
