Technique,AUC,Credibility,LagGlobal,MAP
50Traced_NONETRACED_RFSMOTE_RAW_VSM_87_SUM.csv,0.8744094860166288,0.786037763153886,2.2222222222222223,0.8336025888358092
