Technique,AUC,Credibility,LagGlobal,MAP
50Traced_NONETRACED_MAX_SINGLE_VSM_15_SUM.csv,0.9667017600691069,0.7341534497822163,1.1984126984126984,0.9454190732124842
