Technique,AUC,Credibility,LagGlobal,MAP
50Traced_NONETRACED_SUM_RAW_LSA_9_SUM.csv,0.9432566677464637,0.7468543312041122,1.492063492063492,0.9130986314940694
