Technique,AUC,Credibility,LagGlobal,MAP
50Traced_NONETRACED_SUM_RAW_LSA_37_SUM.csv,0.9518005614944391,0.7412700758380268,2.0198412698412698,0.9236085137494421
