Technique,AUC,Credibility,LagGlobal,MAP
50Traced_NONETRACED_SUM_SINGLE_LSA_93_MAX.csv,0.9546012849584279,-0.19444738095238095,1.2896825396825398,0.8972422869575237
