Technique,AUC,Credibility,LagGlobal,MAP
50Traced_NONETRACED_MEDIAN_SINGLE_VSM_6_SUM.csv,0.7848268275564194,0.6653560855958724,2.2936507936507935,0.6894341471668759
