Technique,AUC,Credibility,LagGlobal,MAP
50Traced_NONETRACED_RFSMOTE_RAW_VSM_67_SUM.csv,0.8844178544433646,0.786037763153886,2.1666666666666665,0.8405654942077089
