Technique,AUC,Credibility,LagGlobal,MAP
50Traced_NONETRACED_RFUNDER_MULTI_LSA_22_SUM.csv,0.8977533473706942,0.7898460683057612,2.2222222222222223,0.7947041232288474
