Technique,AUC,Credibility,LagGlobal,MAP
50Traced_NONETRACED_MAX_MULTI_VSM_94_SUM.csv,0.9525091782744844,0.7385312433771866,2.3095238095238093,0.9314563216063843
