Technique,AUC,Credibility,LagGlobal,MAP
50Traced_NONETRACED_MEDIAN_RAW_VSM_88_SUM.csv,0.781584062196307,0.6643344213349527,2.3015873015873014,0.683985564912847
