Technique,AUC,Credibility,LagGlobal,MAP
50Traced_NONETRACED_SUM_SINGLE_VSM_41_SUM.csv,0.950032393909945,0.7501557945378927,2.0476190476190474,0.9025327196880469
