Technique,AUC,Credibility,LagGlobal,MAP
50Traced_NONETRACED_MAX_MULTI_VSM_32_SUM.csv,0.969107682755642,0.7462418853124154,1.4206349206349207,0.9536618684814697
