Technique,AUC,Credibility,LagGlobal,MAP
50Traced_NONETRACED_RFNONE_RAW_LSA_32_SUM.csv,0.8709237663319297,0.7913693903665113,2.2182539682539684,0.842445852498148
