Technique,AUC,Credibility,LagGlobal,MAP
50Traced_NONETRACED_RFUNDER_SINGLE_LSA_26_SUM.csv,0.8939369398553072,0.8233591536422631,2.2182539682539684,0.8813079328804805
