Technique,AUC,Credibility,LagGlobal,MAP
50Traced_NONETRACED_MAX_RAW_LSA_32_MAX.csv,0.9535214879602635,0.7943538095238095,1.8095238095238095,0.9341190636127206
