Technique,AUC,Credibility,LagGlobal,MAP
50Traced_NONETRACED_SUM_RAW_VSM_19_SUM.csv,0.9436784634488716,0.7386483858092877,2.138888888888889,0.9155265837934361
