Technique,AUC,Credibility,LagGlobal,MAP
50Traced_NONETRACED_RFSMOTE_MULTI_VSM_16_SUM.csv,0.8580066947413886,0.7867863964181844,2.2222222222222223,0.811052576054125
