Technique,AUC,Credibility,LagGlobal,MAP
50Traced_NONETRACED_RFSMOTE_MULTI_VSM_11_SUM.csv,0.86065894611813,0.7720960912052117,2.2222222222222223,0.8007394983664786
