Technique,AUC,Credibility,LagGlobal,MAP
50Traced_NONETRACED_SUM_RAW_LSA_85_SUM.csv,0.9738554151819458,0.7662064163382919,1.2936507936507937,0.9505971717339604
