Technique,AUC,Credibility,LagGlobal,MAP
50Traced_NONETRACED_MAX_MULTI_VSM_82_MEDIAN.csv,0.9771892884137781,0.753807738095238,1.2896825396825398,0.9642553943627088
