Technique,AUC,Credibility,LagGlobal,MAP
50Traced_NONETRACED_SUM_RAW_LSA_86_SUM.csv,0.9447346398877011,0.7392361492983619,1.6428571428571428,0.9078551871045998
