Technique,AUC,Credibility,LagGlobal,MAP
50Traced_NONETRACED_MEDIAN_SINGLE_LSA_30_SUM.csv,0.779458211856171,0.6675181113198648,2.3015873015873014,0.6783463111019374
