Technique,AUC,Credibility,LagGlobal,MAP
50Traced_NONETRACED_RFNONE_RAW_VSM_23_MEDIAN.csv,0.9157657110463233,0.8187733333333334,2.123015873015873,0.8981323035312299
