Technique,AUC,Credibility,LagGlobal,MAP
50Traced_NONETRACED_SUM_SINGLE_VSM_53_SUM.csv,0.9546147824209048,0.7440943530139915,1.4404761904761905,0.8972698875146856
