Technique,AUC,Credibility,LagGlobal,MAP
50Traced_NONETRACED_RFUNDER_RAW_LSA_9_MAX.csv,0.8722127739984883,0.8030302380952381,2.2182539682539684,0.8468233549835777
