Technique,AUC,Credibility,LagGlobal,MAP
50Traced_NONETRACED_RFUNDER_MULTI_LSA_59_MAX.csv,0.84264995680812,0.7600658333333333,2.2222222222222223,0.6377065732142936
