Technique,AUC,Credibility,LagGlobal,MAP
50Traced_NONETRACED_RFSMOTE_SINGLE_VSM_80_SUM.csv,0.8552025969117807,0.7753745087286354,2.2182539682539684,0.8125266095210157
