Technique,AUC,Credibility,LagGlobal,MAP
50Traced_NONETRACED_MAX_MULTI_LSA_25_MAX.csv,0.9668974732750244,0.7472938095238095,1.8134920634920635,0.95391707534733
