Technique,AUC,Credibility,LagGlobal,MAP
50Traced_NONETRACED_SUM_RAW_VSM_21_SUM.csv,0.9619202839866106,0.7500161015424479,1.2301587301587302,0.9352678241269317
