Technique,AUC,Credibility,LagGlobal,MAP
50Traced_NONETRACED_RFNONE_MULTI_VSM_72_MAX.csv,0.898107655760717,0.8184364285714286,2.2182539682539684,0.8584637087466256
