Technique,AUC,Credibility,LagGlobal,MAP
50Traced_NONETRACED_SUM_RAW_LSA_81_SUM.csv,0.9666275240254832,0.7544778145176199,1.3968253968253967,0.9472369352301756
