Technique,AUC,Credibility,LagGlobal,MAP
50Traced_NONETRACED_MAX_MULTI_VSM_3_SUM.csv,0.9535856009070295,0.7282332594757385,2.1031746031746033,0.9334866930646677
