Technique,AUC,Credibility,LagGlobal,MAP
50Traced_NONETRACED_RFSMOTE_RAW_LSA_67_SUM.csv,0.8569134002807473,0.7698493571020283,2.1825396825396823,0.8113726678122603
