Technique,AUC,Credibility,LagGlobal,MAP
50Traced_NONETRACED_RFUNDER_MULTI_LSA_81_MEDIAN.csv,0.8534951679084333,0.7690392857142857,2.2261904761904763,0.6568308689192734
