Technique,AUC,Credibility,LagGlobal,MAP
50Traced_NONETRACED_RFUNDER_SINGLE_VSM_94_SUM.csv,0.8905726973329013,0.8279291198245133,2.2182539682539684,0.8757636920540818
