Technique,AUC,Credibility,LagGlobal,MAP
50Traced_NONETRACED_RFUNDER_MULTI_LSA_15_SUM.csv,0.9319761634812656,0.822597492611888,2.123015873015873,0.8592980368403534
