Technique,AUC,Credibility,LagGlobal,MAP
50Traced_NONETRACED_SUM_SINGLE_VSM_4_SUM.csv,0.9587956214231724,0.7482593162885501,0.8690476190476191,0.9146640809893246
