Technique,AUC,Credibility,LagGlobal,MAP
50Traced_NONETRACED_RFUNDER_SINGLE_VSM_13_SUM.csv,0.9053389212827989,0.8309757639460135,2.1547619047619047,0.8880002871979523
