Technique,AUC,Credibility,LagGlobal,MAP
50Traced_NONETRACED_MAX_RAW_VSM_37_MAX.csv,0.9289662293488824,0.7837790476190476,2.1468253968253967,0.9168326533646051
