Technique,AUC,Credibility,LagGlobal,MAP
50Traced_NONETRACED_SUM_RAW_VSM_74_SUM.csv,0.9467930029154519,0.7458202768785854,1.6666666666666667,0.9156191685441998
