Technique,AUC,Credibility,LagGlobal,MAP
50Traced_NONETRACED_RFSMOTE_RAW_VSM_95_MAX.csv,0.8405544757585575,0.7660214285714285,2.2936507936507935,0.7283579281572673
