Technique,AUC,Credibility,LagGlobal,MAP
50Traced_NONETRACED_MEDIAN_MULTI_VSM_44_MEDIAN.csv,0.7781995734801858,0.6757295238095238,2.2936507936507935,0.6795233085012077
