Technique,AUC,Credibility,LagGlobal,MAP
50Traced_NONETRACED_SUM_MULTI_LSA_55_SUM.csv,0.9270428409459022,0.7305806486638589,2.1468253968253967,0.8760343388310978
