Technique,AUC,Credibility,LagGlobal,MAP
50Traced_NONETRACED_RFUNDER_RAW_VSM_55_MAX.csv,0.8932519436345968,0.8105391666666667,2.2182539682539684,0.8744822370064297
