Technique,AUC,Credibility,LagGlobal,MAP
50Traced_NONETRACED_RFSMOTE_MULTI_VSM_5_MAX.csv,0.9027305366591081,0.8095767857142857,2.2936507936507935,0.8615860592588753
