Technique,AUC,Credibility,LagGlobal,MAP
50Traced_NONETRACED_RFUNDER_SINGLE_VSM_45_MAX.csv,0.92934415829824,0.8541096428571429,2.2182539682539684,0.9231378979511362
