Technique,AUC,Credibility,LagGlobal,MAP
50Traced_NONETRACED_MEDIAN_MULTI_VSM_1_MAX.csv,0.7782231940395206,0.6757915476190476,2.2936507936507935,0.6795075937792282
