Technique,AUC,Credibility,LagGlobal,MAP
50Traced_NONETRACED_RFSMOTE_SINGLE_LSA_55_MAX.csv,0.8366334629089731,0.735105,2.2936507936507935,0.7600783829417135
