Technique,AUC,Credibility,LagGlobal,MAP
50Traced_NONETRACED_RFSMOTE_MULTI_VSM_25_SUM.csv,0.8721655328798187,0.8096492550955123,2.2222222222222223,0.8526384791516173
