Technique,AUC,Credibility,LagGlobal,MAP
50Traced_NONETRACED_RFSMOTE_SINGLE_LSA_4_MEDIAN.csv,0.8113763362487852,0.706467619047619,2.2936507936507935,0.7217271450397655
