Technique,AUC,Credibility,LagGlobal,MAP
50Traced_NONETRACED_RFUNDER_SINGLE_LSA_76_SUM.csv,0.8889361300075586,0.822597492611888,2.2182539682539684,0.8611134807334392
