Technique,AUC,Credibility,LagGlobal,MAP
50Traced_NONETRACED_SUM_MULTI_LSA_72_MEDIAN.csv,0.9374460101500917,-0.22054321428571427,1.4563492063492063,0.8913947402267164
