Technique,AUC,Credibility,LagGlobal,MAP
50Traced_NONETRACED_RFNONE_MULTI_LSA_79_MAX.csv,0.9000175467012203,0.8303144047619048,2.0476190476190474,0.8589953445149103
