Technique,AUC,Credibility,LagGlobal,MAP
50Traced_NONETRACED_SUM_SINGLE_LSA_74_MEDIAN.csv,0.9657400658676168,-0.24445964285714286,1.242063492063492,0.9282840217315289
