Technique,AUC,Credibility,LagGlobal,MAP
50Traced_NONETRACED_SUM_SINGLE_LSA_28_SUM.csv,0.9460101500917828,0.7457622118531535,1.7261904761904763,0.9114210161324005
