Technique,AUC,Credibility,LagGlobal,MAP
50Traced_NONETRACED_RFNONE_MULTI_VSM_41_SUM.csv,0.8855752618507721,0.8241208146726381,2.2936507936507935,0.8761072963657615
