Technique,AUC,Credibility,LagGlobal,MAP
50Traced_NONETRACED_SUM_MULTI_LSA_26_MEDIAN.csv,0.9498906705539358,-0.2481325,1.0595238095238095,0.9093683665551723
