Technique,AUC,Credibility,LagGlobal,MAP
50Traced_NONETRACED_RFUNDER_MULTI_LSA_89_SUM.csv,0.8805137134218767,0.7464313895743838,1.8888888888888888,0.7824776977678282
