Technique,AUC,Credibility,LagGlobal,MAP
50Traced_NONETRACED_RFUNDER_SINGLE_VSM_43_SUM.csv,0.9206889104848288,0.8363073911586387,2.2182539682539684,0.9059673606326885
