Technique,AUC,Credibility,LagGlobal,MAP
50Traced_NONETRACED_RFUNDER_SINGLE_LSA_77_SUM.csv,0.9064524619371559,0.8324990860067636,2.2182539682539684,0.86919920254346
