Technique,AUC,Credibility,LagGlobal,MAP
50Traced_NONETRACED_SUM_SINGLE_VSM_35_SUM.csv,0.9725866537091027,0.7551894201870731,1.0674603174603174,0.94120555161356
