Technique,AUC,Credibility,LagGlobal,MAP
50Traced_NONETRACED_SUM_MULTI_VSM_56_SUM.csv,0.9462261094914155,0.732143298761921,2.0357142857142856,0.9050727296696357
