Technique,AUC,Credibility,LagGlobal,MAP
50Traced_NONETRACED_SUM_SINGLE_LSA_48_MEDIAN.csv,0.9679030342295648,-0.2693665476190476,0.8134920634920635,0.9264313006064259
