Technique,AUC,Credibility,LagGlobal,MAP
50Traced_NONETRACED_SUM_RAW_LSA_69_MEDIAN.csv,0.9598787927869562,0.44710833333333333,2.1865079365079363,0.941184907965448
