Technique,AUC,Credibility,LagGlobal,MAP
50Traced_NONETRACED_RFSMOTE_MULTI_VSM_64_MEDIAN.csv,0.8910788521757909,0.7900166666666667,2.123015873015873,0.821381952917861
