Technique,AUC,Credibility,LagGlobal,MAP
50Traced_NONETRACED_RFSMOTE_RAW_VSM_68_SUM.csv,0.8962315084764063,0.7898460683057612,2.2222222222222223,0.8623808644915959
