Technique,AUC,Credibility,LagGlobal,MAP
50Traced_NONETRACED_RFUNDER_MULTI_VSM_97_SUM.csv,0.9178611920958859,0.822597492611888,2.2182539682539684,0.8562302000400028
