Technique,AUC,Credibility,LagGlobal,MAP
50Traced_NONETRACED_MAX_SINGLE_VSM_65_MAX.csv,0.9810360652197387,0.7483870238095238,0.8849206349206349,0.967184718850612
