Technique,AUC,Credibility,LagGlobal,MAP
50Traced_NONETRACED_RFUNDER_MULTI_VSM_91_SUM.csv,0.8789986232588274,0.8005093227310118,2.2936507936507935,0.8164350144937823
