Technique,AUC,Credibility,LagGlobal,MAP
50Traced_NONETRACED_MAX_RAW_LSA_55_MEDIAN.csv,0.959018329554044,0.7888896428571428,1.8134920634920635,0.9418295873202456
