Technique,AUC,Credibility,LagGlobal,MAP
50Traced_NONETRACED_RFSMOTE_MULTI_LSA_18_SUM.csv,0.890221763308498,0.8203125095207628,2.2936507936507935,0.8648278438027824
