Technique,AUC,Credibility,LagGlobal,MAP
50Traced_NONETRACED_SUM_SINGLE_LSA_57_SUM.csv,0.9568216175359032,0.7505451098280996,1.2619047619047619,0.9071233345618188
