Technique,AUC,Credibility,LagGlobal,MAP
50Traced_NONETRACED_MAX_SINGLE_VSM_16_SUM.csv,0.9767708670769897,0.7496772031212375,1.1428571428571428,0.9590958854343955
