Technique,AUC,Credibility,LagGlobal,MAP
50Traced_NONETRACED_SUM_MULTI_VSM_53_SUM.csv,0.9569498434294352,0.7310903309240363,1.5634920634920635,0.9172537290984988
