Technique,AUC,Credibility,LagGlobal,MAP
50Traced_NONETRACED_MAX_SINGLE_LSA_73_SUM.csv,0.9775368480725624,0.7393931741731252,1.246031746031746,0.9622929050973676
