Technique,AUC,Credibility,LagGlobal,MAP
50Traced_NONETRACED_RFUNDER_RAW_VSM_56_SUM.csv,0.9002503779289495,0.8233591536422631,2.2936507936507935,0.8941750432307173
