Technique,AUC,Credibility,LagGlobal,MAP
50Traced_NONETRACED_RFSMOTE_MULTI_LSA_22_MEDIAN.csv,0.8606454486556527,0.7851779761904762,2.2182539682539684,0.7726325184614035
