Technique,AUC,Credibility,LagGlobal,MAP
50Traced_NONETRACED_MAX_SINGLE_VSM_21_MAX.csv,0.9641979807796134,0.7360796428571429,0.9682539682539683,0.9404027378593869
