Technique,AUC,Credibility,LagGlobal,MAP
50Traced_NONETRACED_RFSMOTE_RAW_LSA_5_SUM.csv,0.8690374959507613,0.7776594918197606,2.1547619047619047,0.8245876352469285
