Technique,AUC,Credibility,LagGlobal,MAP
50Traced_NONETRACED_RFNONE_SINGLE_LSA_25_MAX.csv,0.8784755965878415,0.7885892857142857,2.2182539682539684,0.8534505771774958
