Technique,AUC,Credibility,LagGlobal,MAP
50Traced_NONETRACED_MEDIAN_SINGLE_VSM_95_MEDIAN.csv,0.7786551128387863,0.6757727380952381,2.2936507936507935,0.6797158371954588
