Technique,AUC,Credibility,LagGlobal,MAP
50Traced_NONETRACED_RFNONE_SINGLE_LSA_34_MEDIAN.csv,0.8435846560846563,0.741682619047619,2.2182539682539684,0.798106452648053
