Technique,AUC,Credibility,LagGlobal,MAP
50Traced_NONETRACED_RFUNDER_RAW_LSA_41_MEDIAN.csv,0.900027669798078,0.8288127380952381,2.2182539682539684,0.8720386719292809
