Technique,AUC,Credibility,LagGlobal,MAP
50Traced_NONETRACED_RFUNDER_MULTI_LSA_99_MEDIAN.csv,0.9156746031746031,0.8366335714285714,2.2182539682539684,0.8373095076505425
