Technique,AUC,Credibility,LagGlobal,MAP
50Traced_NONETRACED_MAX_MULTI_LSA_89_MAX.csv,0.9657771838894288,0.7409636904761905,1.503968253968254,0.9447714253936286
