Technique,AUC,Credibility,LagGlobal,MAP
50Traced_NONETRACED_MAX_SINGLE_LSA_2_SUM.csv,0.974088246409675,0.7367435130703193,1.1150793650793651,0.9577179770761782
