Technique,AUC,Credibility,LagGlobal,MAP
50Traced_NONETRACED_MAX_SINGLE_LSA_34_SUM.csv,0.9617819349962208,0.7273616138079003,1.5952380952380953,0.9404054655590487
