Technique,AUC,Credibility,LagGlobal,MAP
50Traced_NONETRACED_RFUNDER_MULTI_LSA_32_MAX.csv,0.8987285390346615,0.8247258333333334,2.2222222222222223,0.7958244143597611
