Technique,AUC,Credibility,LagGlobal,MAP
50Traced_NONETRACED_MAX_RAW_VSM_50_MEDIAN.csv,0.9537880628441853,0.7946860714285714,2.0238095238095237,0.9398735051265578
