Technique,AUC,Credibility,LagGlobal,MAP
50Traced_NONETRACED_RFNONE_RAW_VSM_15_SUM.csv,0.8868676438829499,0.7906621490893532,2.1785714285714284,0.8593981387704175
