Technique,AUC,Credibility,LagGlobal,MAP
50Traced_NONETRACED_SUM_MULTI_LSA_41_MAX.csv,0.9564031961991146,-0.2722860714285714,1.1468253968253967,0.9173489690309133
