Technique,AUC,Credibility,LagGlobal,MAP
50Traced_NONETRACED_RFNONE_MULTI_LSA_15_MAX.csv,0.8936771137026238,0.8295565476190476,2.2936507936507935,0.8759653920939088
