Technique,AUC,Credibility,LagGlobal,MAP
50Traced_NONETRACED_MEDIAN_SINGLE_VSM_88_SUM.csv,0.7803321725515604,0.6644022244777129,2.2976190476190474,0.6828597883271761
