Technique,AUC,Credibility,LagGlobal,MAP
50Traced_NONETRACED_MEDIAN_RAW_VSM_59_SUM.csv,0.7799677410646798,0.6641252220248668,2.2976190476190474,0.6810563617952725
