Technique,AUC,Credibility,LagGlobal,MAP
50Traced_NONETRACED_RFSMOTE_SINGLE_LSA_47_MAX.csv,0.8823729888780909,0.7801596428571429,2.2182539682539684,0.8358441690086676
