Technique,AUC,Credibility,LagGlobal,MAP
50Traced_NONETRACED_MAX_SINGLE_LSA_0_SUM.csv,0.9767337490551776,0.7413812317832854,1.5992063492063493,0.9657441769188213
