Technique,AUC,Credibility,LagGlobal,MAP
50Traced_NONETRACED_RFSMOTE_SINGLE_VSM_11_SUM.csv,0.8749190152251377,0.7689579341308083,2.2182539682539684,0.8160934476925358
