Technique,AUC,Credibility,LagGlobal,MAP
50Traced_NONETRACED_RFNONE_RAW_VSM_0_MEDIAN.csv,0.891298185941043,0.7997814285714285,2.2936507936507935,0.870072893679185
