Technique,AUC,Credibility,LagGlobal,MAP
50Traced_NONETRACED_MAX_RAW_VSM_0_SUM.csv,0.9322697332901415,0.7744634617871257,2.2063492063492065,0.9087565157264927
