Technique,AUC,Credibility,LagGlobal,MAP
50Traced_NONETRACED_MEDIAN_MULTI_VSM_72_MAX.csv,0.7782299427707592,0.6757921428571428,2.2936507936507935,0.6795088047841432
