Technique,AUC,Credibility,LagGlobal,MAP
50Traced_NONETRACED_RFSMOTE_RAW_VSM_81_MAX.csv,0.8930427329662023,0.8101239285714286,2.2936507936507935,0.868378779007551
