Technique,AUC,Credibility,LagGlobal,MAP
50Traced_NONETRACED_RFSMOTE_SINGLE_LSA_26_MEDIAN.csv,0.8476001511715797,0.7569945238095238,2.2936507936507935,0.8023380969668414
