Technique,AUC,Credibility,LagGlobal,MAP
50Traced_NONETRACED_MAX_RAW_LSA_65_SUM.csv,0.9236718496922579,0.7519084374480964,2.253968253968254,0.8996612923627808
