Technique,AUC,Credibility,LagGlobal,MAP
50Traced_NONETRACED_MAX_SINGLE_LSA_93_SUM.csv,0.9755999622071051,0.7328773727595855,1.2857142857142858,0.958620107677818
