Technique,AUC,Credibility,LagGlobal,MAP
50Traced_NONETRACED_RFSMOTE_RAW_LSA_63_SUM.csv,0.8642290249433107,0.7746128476982603,2.2936507936507935,0.8350096531178144
