Technique,AUC,Credibility,LagGlobal,MAP
50Traced_NONETRACED_RFNONE_MULTI_LSA_55_SUM.csv,0.8904478458049887,0.8256441367333882,2.2182539682539684,0.8683293187670679
