Technique,AUC,Credibility,LagGlobal,MAP
50Traced_NONETRACED_MAX_RAW_LSA_37_SUM.csv,0.9266986556527372,0.7553675963791756,2.1547619047619047,0.9059127685562693
