Technique,AUC,Credibility,LagGlobal,MAP
50Traced_NONETRACED_MAX_MULTI_VSM_70_MEDIAN.csv,0.9710749379116725,0.761639880952381,2.2976190476190474,0.9661989966285592
