Technique,AUC,Credibility,LagGlobal,MAP
50Traced_NONETRACED_RFUNDER_SINGLE_LSA_78_SUM.csv,0.9184955728323075,0.8363073911586387,2.2936507936507935,0.9083132216723684
