Technique,AUC,Credibility,LagGlobal,MAP
50Traced_NONETRACED_MAX_SINGLE_LSA_41_MAX.csv,0.9868264766223949,0.7463758333333333,0.7579365079365079,0.9749761451996688
