Technique,AUC,Credibility,LagGlobal,MAP
50Traced_NONETRACED_RFSMOTE_RAW_VSM_6_SUM.csv,0.8732419555123637,0.8038258110014104,2.2976190476190474,0.8579936941487634
