Technique,AUC,Credibility,LagGlobal,MAP
50Traced_NONETRACED_RFSMOTE_SINGLE_LSA_79_SUM.csv,0.8203757693553613,0.7235242712043266,2.2936507936507935,0.7507240824647375
