Technique,AUC,Credibility,LagGlobal,MAP
50Traced_NONETRACED_RFUNDER_SINGLE_LSA_30_SUM.csv,0.8947434132383112,0.8324990860067636,2.2182539682539684,0.882502599599292
