Technique,AUC,Credibility,LagGlobal,MAP
50Traced_NONETRACED_RFSMOTE_SINGLE_LSA_63_MAX.csv,0.8150847640643559,0.7038178571428572,2.2936507936507935,0.7193379484912664
