Technique,AUC,Credibility,LagGlobal,MAP
50Traced_NONETRACED_MEDIAN_SINGLE_VSM_13_SUM.csv,0.7815536929057337,0.6645749809692971,2.2936507936507935,0.6843046091557932
