Technique,AUC,Credibility,LagGlobal,MAP
50Traced_NONETRACED_RFSMOTE_MULTI_VSM_47_SUM.csv,0.8754555393586005,0.7715660218221186,2.2261904761904763,0.8181950724236238
