Technique,AUC,Credibility,LagGlobal,MAP
50Traced_NONETRACED_RFSMOTE_MULTI_LSA_39_MAX.csv,0.9010467282150956,0.8295911904761905,2.2222222222222223,0.8498784730956296
