Technique,AUC,Credibility,LagGlobal,MAP
50Traced_NONETRACED_MAX_SINGLE_VSM_23_SUM.csv,0.9644004427167692,0.7205094491278702,1.003968253968254,0.9402178383768967
