Technique,AUC,Credibility,LagGlobal,MAP
50Traced_NONETRACED_MEDIAN_RAW_VSM_66_SUM.csv,0.782478269085412,0.6644588936818067,2.2936507936507935,0.6855985664218001
