Technique,AUC,Credibility,LagGlobal,MAP
50Traced_NONETRACED_RFUNDER_SINGLE_LSA_65_SUM.csv,0.9170648418097397,0.8378307132193888,2.2182539682539684,0.9011498628218667
