Technique,AUC,Credibility,LagGlobal,MAP
50Traced_NONETRACED_RFUNDER_SINGLE_LSA_65_MEDIAN.csv,0.916902872260015,0.8477813095238095,2.2182539682539684,0.8958508850013125
