Technique,AUC,Credibility,LagGlobal,MAP
50Traced_NONETRACED_SUM_MULTI_LSA_16_MEDIAN.csv,0.923084710074506,-0.19905738095238096,1.869047619047619,0.8750844860194044
