Technique,AUC,Credibility,LagGlobal,MAP
50Traced_NONETRACED_MAX_RAW_LSA_67_MAX.csv,0.935360652197387,0.7822464285714286,1.8650793650793651,0.9189259247501965
