Technique,AUC,Credibility,LagGlobal,MAP
50Traced_NONETRACED_RFUNDER_MULTI_VSM_71_MEDIAN.csv,0.8742610139293814,0.815555119047619,2.2182539682539684,0.7921819886299849
