Technique,AUC,Credibility,LagGlobal,MAP
50Traced_NONETRACED_MAX_SINGLE_LSA_70_MAX.csv,0.9750668124392614,0.7355114285714286,1.0912698412698412,0.9592551105177657
