Technique,AUC,Credibility,LagGlobal,MAP
50Traced_NONETRACED_RFUNDER_RAW_VSM_48_MEDIAN.csv,0.8727864161537632,0.8112305952380953,2.2936507936507935,0.8555885315181417
