Technique,AUC,Credibility,LagGlobal,MAP
50Traced_NONETRACED_MAX_MULTI_LSA_27_MEDIAN.csv,0.9815455944282474,0.7569860714285714,1.0714285714285714,0.9673131831524313
