Technique,AUC,Credibility,LagGlobal,MAP
50Traced_NONETRACED_RFSMOTE_SINGLE_LSA_39_MAX.csv,0.8163703973652954,0.712554880952381,2.2936507936507935,0.7211403953186111
