Technique,AUC,Credibility,LagGlobal,MAP
50Traced_NONETRACED_MEDIAN_MULTI_VSM_39_SUM.csv,0.7881168340352014,0.6746939178515008,2.2976190476190474,0.6930579505056444
