Technique,AUC,Credibility,LagGlobal,MAP
50Traced_NONETRACED_MAX_MULTI_VSM_97_SUM.csv,0.9780025105280207,0.7568815629652849,1.2896825396825398,0.9621076153941073
