Technique,AUC,Credibility,LagGlobal,MAP
50Traced_NONETRACED_MAX_SINGLE_LSA_41_SUM.csv,0.9801013659432027,0.7406905002162318,1.1587301587301588,0.9648794848615145
