Technique,AUC,Credibility,LagGlobal,MAP
50Traced_NONETRACED_MAX_SINGLE_LSA_65_SUM.csv,0.9679772702731887,0.7396752793745097,1.2619047619047619,0.94784254729486
