Technique,AUC,Credibility,LagGlobal,MAP
50Traced_NONETRACED_MAX_MULTI_VSM_6_SUM.csv,0.9670189504373178,0.7534935415595205,1.3531746031746033,0.9457646757807406
