Technique,AUC,Credibility,LagGlobal,MAP
50Traced_NONETRACED_RFUNDER_SINGLE_LSA_63_SUM.csv,0.9158298239930893,0.8355457301282637,2.2182539682539684,0.9007693697551182
