Technique,AUC,Credibility,LagGlobal,MAP
50Traced_NONETRACED_RFSMOTE_MULTI_VSM_55_MEDIAN.csv,0.8982662509448225,0.7852083333333333,2.0238095238095237,0.8029674032958494
