Technique,AUC,Credibility,LagGlobal,MAP
50Traced_NONETRACED_MAX_RAW_LSA_23_MAX.csv,0.9385426789763525,0.7738035714285715,2.3253968253968256,0.9148093268840143
