Technique,AUC,Credibility,LagGlobal,MAP
50Traced_NONETRACED_MAX_RAW_LSA_28_MAX.csv,0.9435738581146744,0.8023230952380952,2.142857142857143,0.9334751514126507
