Technique,AUC,Credibility,LagGlobal,MAP
50Traced_NONETRACED_RFNONE_RAW_LSA_78_SUM.csv,0.8428254238203218,0.7791828138805106,2.2936507936507935,0.8132073955640515
