Technique,AUC,Credibility,LagGlobal,MAP
50Traced_NONETRACED_MAX_RAW_VSM_4_MEDIAN.csv,0.9626626444228485,0.7922569047619048,2.2857142857142856,0.9533293008775461
