Technique,AUC,Credibility,LagGlobal,MAP
50Traced_NONETRACED_MAX_RAW_LSA_64_MEDIAN.csv,0.9409216067379332,0.7747405952380952,2.3015873015873014,0.9224748364864895
