Technique,AUC,Credibility,LagGlobal,MAP
50Traced_NONETRACED_RFUNDER_MULTI_LSA_95_MEDIAN.csv,0.9090844671201814,0.8267008333333333,2.0238095238095237,0.8030529628117085
