Technique,AUC,Credibility,LagGlobal,MAP
50Traced_NONETRACED_RFUNDER_SINGLE_LSA_51_SUM.csv,0.906877632005183,0.8347840690978887,2.2936507936507935,0.8940185204446861
