Technique,AUC,Credibility,LagGlobal,MAP
50Traced_NONETRACED_RFSMOTE_SINGLE_VSM_94_SUM.csv,0.8303301479321887,0.7255628199162402,2.2936507936507935,0.7320562561606151
