Technique,AUC,Credibility,LagGlobal,MAP
50Traced_NONETRACED_MEDIAN_MULTI_LSA_28_MEDIAN.csv,0.7783480455674333,0.6758011904761905,2.2936507936507935,0.6795441221153775
