Technique,AUC,Credibility,LagGlobal,MAP
50Traced_NONETRACED_RFUNDER_RAW_LSA_93_MAX.csv,0.8782562628225895,0.8116930952380952,2.2936507936507935,0.8585901025981969
