Technique,AUC,Credibility,LagGlobal,MAP
50Traced_NONETRACED_RFSMOTE_SINGLE_LSA_53_MAX.csv,0.8445598477486231,0.7627590476190477,2.2182539682539684,0.8030592297486261
