Technique,AUC,Credibility,LagGlobal,MAP
50Traced_NONETRACED_RFUNDER_SINGLE_VSM_21_SUM.csv,0.9094860166288739,0.8355457301282637,2.2182539682539684,0.9008091057292482
