Technique,AUC,Credibility,LagGlobal,MAP
50Traced_NONETRACED_RFUNDER_MULTI_LSA_55_MAX.csv,0.8969367508908325,0.808099880952381,2.2182539682539684,0.731061362787866
