Technique,AUC,Credibility,LagGlobal,MAP
50Traced_NONETRACED_SUM_MULTI_VSM_26_MAX.csv,0.9288413778209696,-0.13455726190476192,1.4206349206349207,0.8646340391950998
