Technique,AUC,Credibility,LagGlobal,MAP
50Traced_NONETRACED_MEDIAN_SINGLE_LSA_78_SUM.csv,0.7834669582118562,0.6647079844371141,2.2936507936507935,0.6852236022197715
