Technique,AUC,Credibility,LagGlobal,MAP
50Traced_NONETRACED_MEDIAN_MULTI_LSA_36_SUM.csv,0.7805953730698629,0.6642008757525999,2.2936507936507935,0.6797767874452602
