Technique,AUC,Credibility,LagGlobal,MAP
50Traced_NONETRACED_MAX_SINGLE_VSM_84_SUM.csv,0.9575167368534715,0.7263372825655313,1.5158730158730158,0.9286871975744199
