Technique,AUC,Credibility,LagGlobal,MAP
50Traced_NONETRACED_SUM_SINGLE_LSA_40_SUM.csv,0.9421836194795379,0.7435261795148953,1.5912698412698412,0.894773462980004
