Technique,AUC,Credibility,LagGlobal,MAP
50Traced_NONETRACED_RFNONE_SINGLE_VSM_90_SUM.csv,0.874821158622179,0.7875610852146361,2.2936507936507935,0.8492484954831558
