Technique,AUC,Credibility,LagGlobal,MAP
50Traced_NONETRACED_SUM_RAW_VSM_72_SUM.csv,0.9585864107547781,0.7509697451955706,1.5119047619047619,0.9370059288629923
