Technique,AUC,Credibility,LagGlobal,MAP
50Traced_NONETRACED_RFUNDER_SINGLE_VSM_32_SUM.csv,0.9202704891480402,0.8370690521890138,2.1785714285714284,0.9085292993821024
