Technique,AUC,Credibility,LagGlobal,MAP
50Traced_NONETRACED_MAX_SINGLE_VSM_53_SUM.csv,0.9682877119101609,0.729523606317527,0.9365079365079365,0.9438634340763563
