Technique,AUC,Credibility,LagGlobal,MAP
50Traced_NONETRACED_MAX_MULTI_LSA_58_MAX.csv,0.9354180164129143,0.7386311904761905,2.142857142857143,0.9123504175568345
