Technique,AUC,Credibility,LagGlobal,MAP
50Traced_NONETRACED_RFUNDER_SINGLE_LSA_79_SUM.csv,0.9212760501025807,0.8431623404320141,2.2182539682539684,0.909317243867917
