Technique,AUC,Credibility,LagGlobal,MAP
50Traced_NONETRACED_MEDIAN_RAW_VSM_35_SUM.csv,0.7808855685131195,0.6636678507992895,2.2936507936507935,0.6840237165117191
