Technique,AUC,Credibility,LagGlobal,MAP
50Traced_NONETRACED_SUM_MULTI_LSA_23_SUM.csv,0.9342774808336031,0.734524066407096,1.873015873015873,0.8791907135017352
