Technique,AUC,Credibility,LagGlobal,MAP
50Traced_NONETRACED_MAX_SINGLE_VSM_76_MEDIAN.csv,0.9668873501781664,0.7331175,1.1071428571428572,0.9446885432531323
