Technique,AUC,Credibility,LagGlobal,MAP
50Traced_NONETRACED_MAX_RAW_LSA_29_SUM.csv,0.939997030558255,0.7592306257035188,1.7738095238095237,0.9117702909056772
