Technique,AUC,Credibility,LagGlobal,MAP
50Traced_NONETRACED_RFNONE_RAW_VSM_94_MEDIAN.csv,0.8445902170391966,0.7841135714285714,2.2936507936507935,0.8171080064513176
