Technique,AUC,Credibility,LagGlobal,MAP
50Traced_NONETRACED_MEDIAN_SINGLE_VSM_44_SUM.csv,0.7893957186049023,0.6663036031464096,2.2936507936507935,0.697464047149246
