Technique,AUC,Credibility,LagGlobal,MAP
50Traced_NONETRACED_RFSMOTE_RAW_LSA_76_MAX.csv,0.8627308066083577,0.7813594047619048,2.2936507936507935,0.8061037032215131
