Technique,AUC,Credibility,LagGlobal,MAP
50Traced_NONETRACED_RFUNDER_MULTI_VSM_72_SUM.csv,0.8989107547781017,0.8195508484903878,2.2936507936507935,0.8581693721193417
