Technique,AUC,Credibility,LagGlobal,MAP
50Traced_NONETRACED_RFSMOTE_SINGLE_VSM_15_SUM.csv,0.87238824101069,0.7666672095548317,2.2182539682539684,0.8175458181689291
