Technique,AUC,Credibility,LagGlobal,MAP
50Traced_NONETRACED_RFUNDER_MULTI_LSA_20_MAX.csv,0.887954189612353,0.820504761904762,2.2182539682539684,0.7661118753205388
