Technique,AUC,Credibility,LagGlobal,MAP
50Traced_NONETRACED_RFSMOTE_RAW_VSM_61_MEDIAN.csv,0.9021029046539251,0.827129761904762,2.2182539682539684,0.876732012188617
