Technique,AUC,Credibility,LagGlobal,MAP
50Traced_NONETRACED_RFUNDER_SINGLE_LSA_85_MEDIAN.csv,0.9181041464204731,0.8376119047619047,2.1547619047619047,0.8726694189961341
