Technique,AUC,Credibility,LagGlobal,MAP
50Traced_NONETRACED_RFNONE_RAW_LSA_81_SUM.csv,0.8855955080444877,0.8020326447917618,2.2936507936507935,0.8646035550129051
