Technique,AUC,Credibility,LagGlobal,MAP
50Traced_NONETRACED_RFSMOTE_RAW_LSA_4_SUM.csv,0.8950403574128064,0.7989860006702617,2.2222222222222223,0.8759752324336573
