Technique,AUC,Credibility,LagGlobal,MAP
50Traced_NONETRACED_MEDIAN_SINGLE_LSA_28_MAX.csv,0.7797281611057122,0.6759314285714285,2.2936507936507935,0.6812185947872491
