Technique,AUC,Credibility,LagGlobal,MAP
50Traced_NONETRACED_MEDIAN_RAW_VSM_27_SUM.csv,0.7794784580498867,0.6641311913987151,2.2936507936507935,0.6820584540902009
