Technique,AUC,Credibility,LagGlobal,MAP
50Traced_NONETRACED_MAX_SINGLE_VSM_64_SUM.csv,0.9715642209264659,0.738789094571018,0.9047619047619048,0.9492494851246289
