Technique,AUC,Credibility,LagGlobal,MAP
50Traced_NONETRACED_RFNONE_RAW_LSA_52_MAX.csv,0.8565152251376741,0.7863424999999999,2.2182539682539684,0.8264058085996604
