Technique,AUC,Credibility,LagGlobal,MAP
50Traced_NONETRACED_SUM_SINGLE_LSA_86_MAX.csv,0.9559746517654681,-0.2535495238095238,1.6865079365079365,0.9107798867139862
