Technique,AUC,Credibility,LagGlobal,MAP
50Traced_NONETRACED_RFSMOTE_SINGLE_VSM_32_MAX.csv,0.8840837922470575,0.770462619047619,2.2222222222222223,0.8097504758896561
