Technique,AUC,Credibility,LagGlobal,MAP
50Traced_NONETRACED_RFNONE_SINGLE_LSA_74_SUM.csv,0.8794507882518088,0.8149808823081376,2.2936507936507935,0.8640451234943812
