Technique,AUC,Credibility,LagGlobal,MAP
50Traced_NONETRACED_SUM_SINGLE_VSM_59_SUM.csv,0.9642924630169529,0.7465215625779963,0.7420634920634921,0.9151600910801775
