Technique,AUC,Credibility,LagGlobal,MAP
50Traced_NONETRACED_MAX_SINGLE_LSA_91_SUM.csv,0.9759340244034121,0.7460567340213897,1.2896825396825398,0.9570597903748639
