Technique,AUC,Credibility,LagGlobal,MAP
50Traced_NONETRACED_MAX_SINGLE_LSA_18_SUM.csv,0.9807391210452434,0.7397858143057182,0.6031746031746031,0.9634306032425831
