Technique,AUC,Credibility,LagGlobal,MAP
50Traced_NONETRACED_MAX_RAW_VSM_28_MEDIAN.csv,0.9260271568945038,0.7817244047619047,2.3055555555555554,0.911143768550376
