Technique,AUC,Credibility,LagGlobal,MAP
50Traced_NONETRACED_RFNONE_MULTI_LSA_55_MAX.csv,0.889172335600907,0.831475238095238,2.2182539682539684,0.85730389148748
