Technique,AUC,Credibility,LagGlobal,MAP
50Traced_NONETRACED_SUM_MULTI_LSA_99_SUM.csv,0.9451159432026779,0.7284718872393396,1.5952380952380953,0.8968795927471936
