Technique,AUC,Credibility,LagGlobal,MAP
50Traced_NONETRACED_RFNONE_RAW_LSA_75_SUM.csv,0.8575545297484072,0.7799444749108857,2.2936507936507935,0.8240271782652338
