Technique,AUC,Credibility,LagGlobal,MAP
50Traced_NONETRACED_MEDIAN_RAW_VSM_99_SUM.csv,0.7828427005722923,0.6640469846908568,2.2936507936507935,0.6849841536792503
