Technique,AUC,Credibility,LagGlobal,MAP
50Traced_NONETRACED_SUM_RAW_VSM_42_SUM.csv,0.9488749865025374,0.7409853969792024,1.8095238095238095,0.9157566860341037
