Technique,AUC,Credibility,LagGlobal,MAP
50Traced_NONETRACED_RFSMOTE_MULTI_VSM_9_SUM.csv,0.8114741928517439,0.7216237091077083,2.2182539682539684,0.7245282143781676
