Technique,AUC,Credibility,LagGlobal,MAP
50Traced_NONETRACED_MAX_RAW_VSM_2_MAX.csv,0.9629798347910592,0.7865595238095238,1.6507936507936507,0.9433507328339419
