Technique,AUC,Credibility,LagGlobal,MAP
50Traced_NONETRACED_RFNONE_SINGLE_LSA_37_SUM.csv,0.8771460965338518,0.8038397081713269,2.2182539682539684,0.8563259084494077
