Technique,AUC,Credibility,LagGlobal,MAP
50Traced_NONETRACED_RFSMOTE_SINGLE_VSM_22_SUM.csv,0.8865841971709318,0.7810073768453916,2.2261904761904763,0.8368450203798886
