Technique,AUC,Credibility,LagGlobal,MAP
50Traced_NONETRACED_RFUNDER_SINGLE_LSA_92_SUM.csv,0.9092633084980024,0.8370690521890138,2.2182539682539684,0.9030500261387799
