Technique,AUC,Credibility,LagGlobal,MAP
50Traced_NONETRACED_RFUNDER_MULTI_VSM_66_SUM.csv,0.9062128819781881,0.7761361697590105,2.0357142857142856,0.7956483012686837
