Technique,AUC,Credibility,LagGlobal,MAP
50Traced_NONETRACED_RFUNDER_MULTI_VSM_90_MEDIAN.csv,0.8974597775618185,0.8270061904761905,2.2182539682539684,0.833678832541574
