Technique,AUC,Credibility,LagGlobal,MAP
50Traced_NONETRACED_MEDIAN_RAW_VSM_56_SUM.csv,0.778651738473167,0.6637659646451831,2.2976190476190474,0.681764527812188
