Technique,AUC,Credibility,LagGlobal,MAP
50Traced_NONETRACED_RFSMOTE_SINGLE_LSA_9_SUM.csv,0.8852277021919879,0.7761361697590105,2.2182539682539684,0.8361332797912718
