Technique,AUC,Credibility,LagGlobal,MAP
50Traced_NONETRACED_MAX_MULTI_VSM_8_SUM.csv,0.942838246409675,0.7406524327835295,2.119047619047619,0.9236476868275559
