Technique,AUC,Credibility,LagGlobal,MAP
50Traced_NONETRACED_MEDIAN_MULTI_VSM_52_SUM.csv,0.7868075801749271,0.6649106826577602,2.2936507936507935,0.6906078780488712
