Technique,AUC,Credibility,LagGlobal,MAP
50Traced_NONETRACED_MAX_MULTI_LSA_46_MAX.csv,0.953055825504805,0.7394046428571428,2.0476190476190474,0.9375089736347333
