Technique,AUC,Credibility,LagGlobal,MAP
50Traced_NONETRACED_MEDIAN_RAW_VSM_1_SUM.csv,0.78092943526617,0.6637443965152668,2.2936507936507935,0.6834122126468258
