Technique,AUC,Credibility,LagGlobal,MAP
50Traced_NONETRACED_SUM_RAW_LSA_56_MEDIAN.csv,0.9704338084440125,0.4625228571428571,1.3055555555555556,0.9438753304280406
