Technique,AUC,Credibility,LagGlobal,MAP
50Traced_NONETRACED_RFUNDER_RAW_LSA_14_MEDIAN.csv,0.8781482831227729,0.8238004761904761,2.2182539682539684,0.8485705806104851
