Technique,AUC,Credibility,LagGlobal,MAP
50Traced_NONETRACED_SUM_RAW_VSM_55_SUM.csv,0.9490808228053127,0.7492552612641076,1.630952380952381,0.9259953522349667
