Technique,AUC,Credibility,LagGlobal,MAP
50Traced_NONETRACED_RFUNDER_SINGLE_LSA_3_MEDIAN.csv,0.9021332739444984,0.8398140476190477,2.2182539682539684,0.8858777047608859
