Technique,AUC,Credibility,LagGlobal,MAP
50Traced_NONETRACED_RFNONE_SINGLE_VSM_31_SUM.csv,0.8630884893639996,0.7913693903665113,2.2182539682539684,0.8278557356491765
