Technique,AUC,Credibility,LagGlobal,MAP
50Traced_NONETRACED_SUM_RAW_VSM_81_MAX.csv,0.9615288575747759,0.4642352380952381,1.257936507936508,0.9387301109207279
