Technique,AUC,Credibility,LagGlobal,MAP
50Traced_NONETRACED_MAX_MULTI_VSM_14_SUM.csv,0.981154168016413,0.7534932766610124,0.8928571428571429,0.9662959922698539
