Technique,AUC,Credibility,LagGlobal,MAP
50Traced_NONETRACED_RFSMOTE_SINGLE_VSM_46_SUM.csv,0.8700498056365404,0.7523602339515522,2.1587301587301586,0.7850169701032679
