Technique,AUC,Credibility,LagGlobal,MAP
50Traced_NONETRACED_RFNONE_SINGLE_LSA_19_MEDIAN.csv,0.8821199114566461,0.8113008333333334,2.2182539682539684,0.8611137891684877
