Technique,AUC,Credibility,LagGlobal,MAP
50Traced_NONETRACED_RFUNDER_RAW_LSA_66_MEDIAN.csv,0.8943114944390453,0.8178522619047619,2.1547619047619047,0.8728945357001644
