Technique,AUC,Credibility,LagGlobal,MAP
50Traced_NONETRACED_RFNONE_RAW_LSA_3_SUM.csv,0.882234639887701,0.804317627882887,2.2182539682539684,0.8594590531241822
