Technique,AUC,Credibility,LagGlobal,MAP
50Traced_NONETRACED_MAX_SINGLE_LSA_89_SUM.csv,0.9773984990821726,0.7486658704577721,0.8095238095238095,0.9594408144808164
