Technique,AUC,Credibility,LagGlobal,MAP
50Traced_NONETRACED_SUM_RAW_LSA_98_SUM.csv,0.9563930731022569,0.753163866475324,1.6944444444444444,0.9280347339408134
