Technique,AUC,Credibility,LagGlobal,MAP
50Traced_NONETRACED_MAX_MULTI_LSA_64_MEDIAN.csv,0.9538116834035202,0.7445428571428572,2.2222222222222223,0.9376671157353493
