Technique,AUC,Credibility,LagGlobal,MAP
50Traced_NONETRACED_MEDIAN_MULTI_VSM_8_SUM.csv,0.7917442770759098,0.6707071499555416,2.3015873015873014,0.7020632967585784
