Technique,AUC,Credibility,LagGlobal,MAP
50Traced_NONETRACED_RFUNDER_MULTI_LSA_30_SUM.csv,0.9057775888133031,0.8203125095207628,2.2936507936507935,0.8404267354015232
