Technique,AUC,Credibility,LagGlobal,MAP
50Traced_NONETRACED_MAX_MULTI_LSA_35_MAX.csv,0.9481629953568729,0.7401059523809523,2.1944444444444446,0.9329597075281955
