Technique,AUC,Credibility,LagGlobal,MAP
50Traced_NONETRACED_RFNONE_SINGLE_VSM_63_MAX.csv,0.8688147878198899,0.7986769047619048,2.2182539682539684,0.844870851468352
