Technique,AUC,Credibility,LagGlobal,MAP
50Traced_NONETRACED_RFNONE_SINGLE_LSA_51_SUM.csv,0.8975981265522082,0.7953627268496976,2.2936507936507935,0.8732936124762589
