Technique,AUC,Credibility,LagGlobal,MAP
50Traced_NONETRACED_SUM_RAW_VSM_42_MEDIAN.csv,0.9500323939099451,0.45558119047619045,1.8849206349206349,0.9147639108630119
