Technique,AUC,Credibility,LagGlobal,MAP
50Traced_NONETRACED_SUM_SINGLE_LSA_35_MEDIAN.csv,0.9564301911240687,-0.3010922619047619,1.1547619047619047,0.9135444982287263
