Technique,AUC,Credibility,LagGlobal,MAP
50Traced_NONETRACED_RFNONE_MULTI_VSM_22_SUM.csv,0.8914027912752404,0.822597492611888,2.2182539682539684,0.8661257291592861
