Technique,AUC,Credibility,LagGlobal,MAP
50Traced_NONETRACED_RFNONE_RAW_LSA_64_SUM.csv,0.9027204135622503,0.8005093227310118,2.1785714285714284,0.8784595605423919
