Technique,AUC,Credibility,LagGlobal,MAP
50Traced_NONETRACED_RFNONE_MULTI_LSA_74_SUM.csv,0.8838678328474247,0.8111725771562623,2.2182539682539684,0.8624928819278883
