Technique,AUC,Credibility,LagGlobal,MAP
50Traced_NONETRACED_RFNONE_MULTI_VSM_38_MEDIAN.csv,0.8884704675521001,0.8182482142857143,2.2936507936507935,0.8262583166061913
