Technique,AUC,Credibility,LagGlobal,MAP
50Traced_NONETRACED_RFUNDER_SINGLE_VSM_58_SUM.csv,0.9030544757585574,0.8286907808548883,2.1785714285714284,0.8919324226217024
