Technique,AUC,Credibility,LagGlobal,MAP
50Traced_NONETRACED_RFSMOTE_RAW_LSA_66_MEDIAN.csv,0.8884266007990498,0.8112310714285714,2.2182539682539684,0.8472993944890203
