Technique,AUC,Credibility,LagGlobal,MAP
50Traced_NONETRACED_MAX_MULTI_LSA_80_MEDIAN.csv,0.9756134596695821,0.7543510714285714,1.3849206349206349,0.9603795546831657
