Technique,AUC,Credibility,LagGlobal,MAP
50Traced_NONETRACED_MEDIAN_SINGLE_LSA_8_SUM.csv,0.7807539682539683,0.6647967900486458,2.2936507936507935,0.6824328572641375
