Technique,AUC,Credibility,LagGlobal,MAP
50Traced_NONETRACED_MAX_SINGLE_LSA_39_SUM.csv,0.9800338786308175,0.743029968245354,0.8293650793650794,0.9615784483021305
