Technique,AUC,Credibility,LagGlobal,MAP
50Traced_NONETRACED_MAX_SINGLE_VSM_78_SUM.csv,0.9719455242414426,0.7337231732060697,0.996031746031746,0.9512031811840506
