Technique,AUC,Credibility,LagGlobal,MAP
50Traced_NONETRACED_RFUNDER_SINGLE_VSM_95_MAX.csv,0.9157589623150848,0.8412614285714286,2.1587301587301586,0.8978985142403757
