Technique,AUC,Credibility,LagGlobal,MAP
50Traced_NONETRACED_RFNONE_SINGLE_VSM_41_SUM.csv,0.8853593024511391,0.8088875940651372,2.2182539682539684,0.8664396230600427
