Technique,AUC,Credibility,LagGlobal,MAP
50Traced_NONETRACED_RFSMOTE_SINGLE_LSA_34_SUM.csv,0.8279680919987042,0.7303039266248016,2.2182539682539684,0.7643954079686504
