Technique,AUC,Credibility,LagGlobal,MAP
50Traced_NONETRACED_RFSMOTE_RAW_VSM_48_SUM.csv,0.8563296350286146,0.7767094394731457,2.2936507936507935,0.8102466032627091
