Technique,AUC,Credibility,LagGlobal,MAP
50Traced_NONETRACED_RFNONE_RAW_LSA_53_SUM.csv,0.9130797160133896,0.803555966852512,2.1547619047619047,0.8930377381818333
