Technique,AUC,Credibility,LagGlobal,MAP
50Traced_NONETRACED_RFUNDER_RAW_VSM_61_MAX.csv,0.8791234747867401,0.8159765476190476,2.2182539682539684,0.8130736675517419
