Technique,AUC,Credibility,LagGlobal,MAP
50Traced_NONETRACED_MAX_SINGLE_LSA_9_SUM.csv,0.97026171579743,0.7268744954278301,1.0912698412698412,0.9507329028383121
