Technique,AUC,Credibility,LagGlobal,MAP
50Traced_NONETRACED_RFUNDER_SINGLE_VSM_88_MEDIAN.csv,0.9267897635244574,0.8505120238095238,2.2182539682539684,0.9081685045502985
