Technique,AUC,Credibility,LagGlobal,MAP
50Traced_NONETRACED_RFSMOTE_MULTI_VSM_32_SUM.csv,0.9277919501133787,0.8248824757030131,2.2222222222222223,0.8865699938515352
