Technique,AUC,Credibility,LagGlobal,MAP
50Traced_NONETRACED_SUM_SINGLE_VSM_75_MEDIAN.csv,0.9577461937155816,-0.3279107142857143,1.3134920634920635,0.8984812468359344
