Technique,AUC,Credibility,LagGlobal,MAP
50Traced_NONETRACED_SUM_MULTI_VSM_39_SUM.csv,0.9491820537738906,0.7325595368063942,1.7738095238095237,0.9014942897667177
