Technique,AUC,Credibility,LagGlobal,MAP
50Traced_NONETRACED_MAX_RAW_LSA_98_MAX.csv,0.964410565813627,0.7916720238095238,1.5753968253968254,0.943466676345593
