Technique,AUC,Credibility,LagGlobal,MAP
50Traced_NONETRACED_RFNONE_SINGLE_VSM_35_MAX.csv,0.8747131789223627,0.7857296428571429,2.2936507936507935,0.8467721061798487
