Technique,AUC,Credibility,LagGlobal,MAP
50Traced_NONETRACED_RFUNDER_RAW_LSA_29_MEDIAN.csv,0.8865167098585466,0.8183132142857142,2.2936507936507935,0.8720688351664442
