Technique,AUC,Credibility,LagGlobal,MAP
50Traced_NONETRACED_RFNONE_MULTI_VSM_30_SUM.csv,0.8951145934564302,0.8142192212777626,2.2182539682539684,0.8606677945755294
