Technique,AUC,Credibility,LagGlobal,MAP
50Traced_NONETRACED_SUM_RAW_VSM_43_SUM.csv,0.9528297430083145,0.7522385563118699,2.0555555555555554,0.9299803236736714
