Technique,AUC,Credibility,LagGlobal,MAP
50Traced_NONETRACED_MAX_SINGLE_VSM_78_MEDIAN.csv,0.9752928949357521,0.7416569047619047,1.0634920634920635,0.958330164280142
