Technique,AUC,Credibility,LagGlobal,MAP
50Traced_NONETRACED_RFNONE_RAW_LSA_21_MAX.csv,0.8713084440125256,0.7897808333333334,2.2182539682539684,0.8427336571860334
