Technique,AUC,Credibility,LagGlobal,MAP
50Traced_NONETRACED_RFUNDER_MULTI_LSA_40_MEDIAN.csv,0.896457590972897,0.8053428571428571,2.2182539682539684,0.723637396785178
