Technique,AUC,Credibility,LagGlobal,MAP
50Traced_NONETRACED_MEDIAN_SINGLE_VSM_24_SUM.csv,0.7830620343375445,0.6650811976655671,2.2936507936507935,0.6870825247916791
