Technique,AUC,Credibility,LagGlobal,MAP
50Traced_NONETRACED_RFNONE_MULTI_VSM_74_MAX.csv,0.9271676924738149,0.8454995238095238,2.2182539682539684,0.8941495876283793
