Technique,AUC,Credibility,LagGlobal,MAP
50Traced_NONETRACED_RFSMOTE_SINGLE_LSA_58_SUM.csv,0.8227344509232264,0.716500755569223,2.2936507936507935,0.7220829146270922
