Technique,AUC,Credibility,LagGlobal,MAP
50Traced_NONETRACED_MAX_SINGLE_VSM_97_SUM.csv,0.9669514631249326,0.7374198634400346,1.4603174603174602,0.9492365892440537
