Technique,AUC,Credibility,LagGlobal,MAP
50Traced_NONETRACED_RFUNDER_RAW_LSA_26_SUM.csv,0.8785903250188964,0.8123663640478981,2.2182539682539684,0.8593130274299333
