Technique,AUC,Credibility,LagGlobal,MAP
50Traced_NONETRACED_RFNONE_RAW_LSA_63_MEDIAN.csv,0.8703501241766547,0.7907789285714286,2.2936507936507935,0.8477444055606924
