Technique,AUC,Credibility,LagGlobal,MAP
50Traced_NONETRACED_RFSMOTE_MULTI_LSA_52_SUM.csv,0.866179408271245,0.7967010175791366,2.2222222222222223,0.8333772796300253
