Technique,AUC,Credibility,LagGlobal,MAP
50Traced_NONETRACED_RFSMOTE_SINGLE_VSM_20_MEDIAN.csv,0.8495302883057986,0.7549911904761905,2.2976190476190474,0.7589637599528898
