Technique,AUC,Credibility,LagGlobal,MAP
50Traced_NONETRACED_MAX_MULTI_VSM_50_MEDIAN.csv,0.9594536227189288,0.7437957142857143,2.130952380952381,0.9395945828813932
