Technique,AUC,Credibility,LagGlobal,MAP
50Traced_NONETRACED_RFSMOTE_MULTI_VSM_46_MAX.csv,0.870903520138214,0.7690533333333334,2.2936507936507935,0.7490274496370937
