Technique,AUC,Credibility,LagGlobal,MAP
50Traced_NONETRACED_SUM_MULTI_LSA_58_MEDIAN.csv,0.9232837976460426,-0.16462464285714287,2.242063492063492,0.88758704516809
