Technique,AUC,Credibility,LagGlobal,MAP
50Traced_NONETRACED_MEDIAN_RAW_LSA_64_SUM.csv,0.7784290303422956,0.6638508934845899,2.2936507936507935,0.6799465855337526
