Technique,AUC,Credibility,LagGlobal,MAP
50Traced_NONETRACED_MAX_MULTI_VSM_18_MEDIAN.csv,0.9653486394557824,0.7507220238095238,1.3095238095238095,0.950420274776088
