Technique,AUC,Credibility,LagGlobal,MAP
50Traced_NONETRACED_RFNONE_RAW_LSA_55_MEDIAN.csv,0.8632167152575315,0.7888428571428572,2.2936507936507935,0.8422038820998015
