Technique,AUC,Credibility,LagGlobal,MAP
50Traced_NONETRACED_MAX_MULTI_LSA_29_MEDIAN.csv,0.9514766223949898,0.7402036904761905,2.2896825396825395,0.9324629494324032
