Technique,AUC,Credibility,LagGlobal,MAP
50Traced_NONETRACED_RFSMOTE_SINGLE_LSA_2_SUM.csv,0.8661895313681028,0.7736472002481775,2.2182539682539684,0.8211615515307317
