Technique,AUC,Credibility,LagGlobal,MAP
50Traced_NONETRACED_RFSMOTE_RAW_LSA_73_MAX.csv,0.8876369992441422,0.7869129761904762,2.3015873015873014,0.8061916439087322
