Technique,AUC,Credibility,LagGlobal,MAP
50Traced_NONETRACED_SUM_MULTI_VSM_83_MEDIAN.csv,0.944171120829284,-0.16877761904761904,2.2301587301587302,0.9133233870473374
