Technique,AUC,Credibility,LagGlobal,MAP
50Traced_NONETRACED_RFNONE_RAW_VSM_96_MAX.csv,0.8508260447035958,0.7918097619047619,2.2936507936507935,0.8256036965112182
