Technique,AUC,Credibility,LagGlobal,MAP
50Traced_NONETRACED_SUM_MULTI_LSA_95_SUM.csv,0.930727648202138,0.7305288706592069,1.5674603174603174,0.8794881720789272
