Technique,AUC,Credibility,LagGlobal,MAP
50Traced_NONETRACED_RFSMOTE_SINGLE_LSA_37_SUM.csv,0.8151657488392182,0.729425256884887,2.2936507936507935,0.7502219927613314
