Technique,AUC,Credibility,LagGlobal,MAP
50Traced_NONETRACED_MAX_RAW_LSA_12_SUM.csv,0.9524788089839111,0.7652157374198456,1.6785714285714286,0.9279100850003181
