Technique,AUC,Credibility,LagGlobal,MAP
50Traced_NONETRACED_RFNONE_RAW_VSM_60_SUM.csv,0.8904950869236584,0.8058409499436371,2.1785714285714284,0.8731848597732808
