Technique,AUC,Credibility,LagGlobal,MAP
50Traced_NONETRACED_MEDIAN_RAW_VSM_54_SUM.csv,0.782748218334953,0.6643669119512814,2.2936507936507935,0.6853915283536822
