Technique,AUC,Credibility,LagGlobal,MAP
50Traced_NONETRACED_SUM_SINGLE_LSA_89_MEDIAN.csv,0.9542638483965014,-0.19621285714285716,1.5873015873015872,0.9178064419193187
