Technique,AUC,Credibility,LagGlobal,MAP
50Traced_NONETRACED_RFUNDER_MULTI_VSM_4_SUM.csv,0.9325498056365403,0.8363073911586387,2.126984126984127,0.9049905359191504
