Technique,AUC,Credibility,LagGlobal,MAP
50Traced_NONETRACED_SUM_MULTI_LSA_61_MAX.csv,0.9248495032933809,-0.21528869047619048,2.0714285714285716,0.8760140029652878
