Technique,AUC,Credibility,LagGlobal,MAP
50Traced_NONETRACED_RFSMOTE_SINGLE_VSM_27_MAX.csv,0.9296545999352122,0.8323835714285714,2.2182539682539684,0.8998169070419343
