Technique,AUC,Credibility,LagGlobal,MAP
50Traced_NONETRACED_SUM_RAW_LSA_40_MAX.csv,0.9662630925386027,0.4426069047619048,1.9523809523809523,0.9541218667300734
