Technique,AUC,Credibility,LagGlobal,MAP
50Traced_NONETRACED_MAX_RAW_LSA_73_MEDIAN.csv,0.9489154788899687,0.7848973809523809,2.3095238095238093,0.9314386069890356
