Technique,AUC,Credibility,LagGlobal,MAP
50Traced_NONETRACED_RFUNDER_RAW_LSA_16_MAX.csv,0.9182694903358168,0.8346772619047619,2.2182539682539684,0.9027261770917332
