Technique,AUC,Credibility,LagGlobal,MAP
50Traced_NONETRACED_MAX_SINGLE_LSA_99_SUM.csv,0.982139482777238,0.7440778296447169,1.1746031746031746,0.9681666881588683
