Technique,AUC,Credibility,LagGlobal,MAP
50Traced_NONETRACED_RFNONE_SINGLE_VSM_61_SUM.csv,0.8821469063816003,0.8157425433385126,2.2182539682539684,0.8629898863199662
