Technique,AUC,Credibility,LagGlobal,MAP
50Traced_NONETRACED_RFSMOTE_RAW_LSA_74_MAX.csv,0.846425871936076,0.7514013095238096,2.2936507936507935,0.7591605738111642
