Technique,AUC,Credibility,LagGlobal,MAP
50Traced_NONETRACED_MEDIAN_SINGLE_LSA_65_SUM.csv,0.7815503185401145,0.6643690264738222,2.2936507936507935,0.6832023132789786
