Technique,AUC,Credibility,LagGlobal,MAP
50Traced_NONETRACED_MEDIAN_MULTI_LSA_87_SUM.csv,0.7911132707051074,0.6692380252215246,2.2976190476190474,0.7070253957562498
