Technique,AUC,Credibility,LagGlobal,MAP
50Traced_NONETRACED_RFUNDER_RAW_LSA_50_SUM.csv,0.9030679732210345,0.8195508484903878,2.2936507936507935,0.8899447260336417
