Technique,AUC,Credibility,LagGlobal,MAP
50Traced_NONETRACED_RFSMOTE_RAW_VSM_96_MEDIAN.csv,0.9216371072238421,0.8218342857142857,2.2936507936507935,0.9055987029007238
