Technique,AUC,Credibility,LagGlobal,MAP
50Traced_NONETRACED_RFNONE_RAW_LSA_82_MEDIAN.csv,0.8881465284526509,0.7962420238095238,2.2936507936507935,0.8560638921783713
