Technique,AUC,Credibility,LagGlobal,MAP
50Traced_NONETRACED_RFUNDER_RAW_LSA_52_SUM.csv,0.9016473652953245,0.8241208146726381,2.2936507936507935,0.8797214346986556
