Technique,AUC,Credibility,LagGlobal,MAP
50Traced_NONETRACED_SUM_MULTI_LSA_98_SUM.csv,0.9393086599719254,0.7292279213151234,1.3928571428571428,0.8787556653354008
