Technique,AUC,Credibility,LagGlobal,MAP
50Traced_NONETRACED_RFUNDER_SINGLE_VSM_72_SUM.csv,0.9010973436993845,0.8279291198245133,2.2182539682539684,0.8884736815659615
