Technique,AUC,Credibility,LagGlobal,MAP
50Traced_NONETRACED_SUM_MULTI_VSM_21_SUM.csv,0.9292260555015657,0.7210822621915991,1.9404761904761905,0.8754250914264723
