Technique,AUC,Credibility,LagGlobal,MAP
50Traced_NONETRACED_SUM_RAW_VSM_65_MAX.csv,0.963462369074614,0.49580928571428573,1.8452380952380953,0.9412680019054722
