Technique,AUC,Credibility,LagGlobal,MAP
50Traced_NONETRACED_RFSMOTE_RAW_VSM_37_MAX.csv,0.8858485854659324,0.800692261904762,2.2182539682539684,0.8272587994937752
