Technique,AUC,Credibility,LagGlobal,MAP
50Traced_NONETRACED_RFNONE_RAW_LSA_24_SUM.csv,0.8671309793758772,0.7944160344880115,2.2182539682539684,0.8364637781204526
