Technique,AUC,Credibility,LagGlobal,MAP
50Traced_NONETRACED_SUM_MULTI_VSM_30_MAX.csv,0.9148546323291221,-0.14160916666666667,1.9603174603174602,0.8573523122165526
