Technique,AUC,Credibility,LagGlobal,MAP
50Traced_NONETRACED_RFUNDER_SINGLE_VSM_16_MAX.csv,0.9138558201058201,0.8351529761904762,2.2182539682539684,0.8731393306265279
