Technique,AUC,Credibility,LagGlobal,MAP
50Traced_NONETRACED_RFNONE_RAW_VSM_25_SUM.csv,0.8663616240146852,0.7929876006920544,2.2182539682539684,0.8451364878304561
