Technique,AUC,Credibility,LagGlobal,MAP
50Traced_NONETRACED_SUM_MULTI_LSA_24_SUM.csv,0.9310009718172982,0.731658276895564,2.115079365079365,0.8953549234800675
