Technique,AUC,Credibility,LagGlobal,MAP
50Traced_NONETRACED_SUM_RAW_VSM_6_SUM.csv,0.9360287765900013,0.7381422237500643,2.3055555555555554,0.9094664505286705
