Technique,AUC,Credibility,LagGlobal,MAP
50Traced_NONETRACED_RFNONE_MULTI_VSM_51_MEDIAN.csv,0.9055346344887161,0.8344780952380952,2.2182539682539684,0.8828083628605987
