Technique,AUC,Credibility,LagGlobal,MAP
50Traced_NONETRACED_MEDIAN_MULTI_LSA_84_SUM.csv,0.7848133300939423,0.6656395275788416,2.2976190476190474,0.6943410689733202
