Technique,AUC,Credibility,LagGlobal,MAP
50Traced_NONETRACED_RFUNDER_MULTI_VSM_83_SUM.csv,0.9222208724759744,0.8355457301282637,2.2182539682539684,0.8646628882076225
