Technique,AUC,Credibility,LagGlobal,MAP
50Traced_NONETRACED_MEDIAN_RAW_VSM_95_SUM.csv,0.7821172119641508,0.6642751416730103,2.2857142857142856,0.6849389175349383
