Technique,AUC,Credibility,LagGlobal,MAP
50Traced_NONETRACED_RFUNDER_SINGLE_LSA_60_MEDIAN.csv,0.9351581902602311,0.8558842857142858,2.123015873015873,0.9255571438461702
