Technique,AUC,Credibility,LagGlobal,MAP
50Traced_NONETRACED_SUM_SINGLE_LSA_78_MEDIAN.csv,0.9616908271245006,-0.2300357142857143,1.0198412698412698,0.9189282087579218
