Technique,AUC,Credibility,LagGlobal,MAP
50Traced_NONETRACED_MAX_RAW_VSM_49_SUM.csv,0.9465534229564843,0.7576507261943679,1.75,0.9194729925679365
