Technique,AUC,Credibility,LagGlobal,MAP
50Traced_NONETRACED_MAX_SINGLE_LSA_78_MEDIAN.csv,0.9780902440341217,0.7506514285714285,0.9603174603174603,0.9609897833811971
