Technique,AUC,Credibility,LagGlobal,MAP
50Traced_NONETRACED_MAX_SINGLE_VSM_71_SUM.csv,0.9705654087031639,0.7368060160014145,1.2380952380952381,0.9483745121160394
