Technique,AUC,Credibility,LagGlobal,MAP
50Traced_NONETRACED_MEDIAN_MULTI_LSA_31_MEDIAN.csv,0.7782299427707592,0.6757728571428572,2.2976190476190474,0.6795093156060885
