Technique,AUC,Credibility,LagGlobal,MAP
50Traced_NONETRACED_SUM_RAW_LSA_48_SUM.csv,0.9552525375229457,0.7466677625286342,2.1666666666666665,0.9282254772461377
