Technique,AUC,Credibility,LagGlobal,MAP
50Traced_NONETRACED_SUM_RAW_LSA_55_MEDIAN.csv,0.9595548536875067,0.4770238095238095,1.2380952380952381,0.925242173487274
