Technique,AUC,Credibility,LagGlobal,MAP
50Traced_NONETRACED_RFNONE_MULTI_VSM_37_MEDIAN.csv,0.8901947683835439,0.8207555952380953,2.2182539682539684,0.8600063646295536
