Technique,AUC,Credibility,LagGlobal,MAP
50Traced_NONETRACED_MEDIAN_MULTI_VSM_26_SUM.csv,0.7835108249649068,0.6664564200680272,2.2936507936507935,0.6902506800494607
