Technique,AUC,Credibility,LagGlobal,MAP
50Traced_NONETRACED_MAX_SINGLE_VSM_41_MEDIAN.csv,0.9831889104848288,0.7438110714285714,1.126984126984127,0.9700848052664031
