Technique,AUC,Credibility,LagGlobal,MAP
50Traced_NONETRACED_RFNONE_RAW_LSA_80_SUM.csv,0.8828622718928842,0.7898869985551195,2.2936507936507935,0.8606453149866656
