Technique,AUC,Credibility,LagGlobal,MAP
50Traced_NONETRACED_RFNONE_RAW_VSM_10_MAX.csv,0.8940280477270273,0.8096192857142858,2.1785714285714284,0.8717772859037158
