Technique,AUC,Credibility,LagGlobal,MAP
50Traced_NONETRACED_MEDIAN_SINGLE_LSA_98_SUM.csv,0.7790667854443365,0.6644992810623361,2.2936507936507935,0.6807408398055136
