Technique,AUC,Credibility,LagGlobal,MAP
50Traced_NONETRACED_SUM_RAW_LSA_3_MEDIAN.csv,0.9191906921498758,0.49319416666666666,1.4841269841269842,0.8701248472498492
