Technique,AUC,Credibility,LagGlobal,MAP
50Traced_NONETRACED_RFNONE_MULTI_LSA_28_SUM.csv,0.8891183457509988,0.804317627882887,2.2182539682539684,0.8479180795654142
