Technique,AUC,Credibility,LagGlobal,MAP
50Traced_NONETRACED_RFNONE_RAW_LSA_40_SUM.csv,0.8885075855739122,0.7997476617006367,2.2182539682539684,0.8673575995657096
