Technique,AUC,Credibility,LagGlobal,MAP
50Traced_NONETRACED_MAX_SINGLE_VSM_45_SUM.csv,0.967714069754886,0.7367883522589764,1.2658730158730158,0.9470668356031484
