Technique,AUC,Credibility,LagGlobal,MAP
50Traced_NONETRACED_SUM_RAW_VSM_69_SUM.csv,0.9453858924522189,0.7385847829455467,1.8928571428571428,0.9270020178291796
