Technique,AUC,Credibility,LagGlobal,MAP
50Traced_NONETRACED_MAX_SINGLE_VSM_92_SUM.csv,0.9779822643343052,0.730307958974167,0.9166666666666666,0.9604402480562733
