Technique,AUC,Credibility,LagGlobal,MAP
50Traced_NONETRACED_SUM_MULTI_VSM_34_SUM.csv,0.9423759583198359,0.7386241856747985,1.996031746031746,0.8983172847417152
