Technique,AUC,Credibility,LagGlobal,MAP
50Traced_NONETRACED_MEDIAN_SINGLE_VSM_18_MEDIAN.csv,0.7788272054853689,0.6758327380952381,2.2936507936507935,0.6803826579381306
