Technique,AUC,Credibility,LagGlobal,MAP
50Traced_NONETRACED_RFNONE_RAW_LSA_28_MAX.csv,0.8997543461829176,0.8080363095238096,2.2182539682539684,0.8791656512220871
