Technique,AUC,Credibility,LagGlobal,MAP
50Traced_NONETRACED_MEDIAN_MULTI_VSM_6_SUM.csv,0.7914102148796026,0.6702513403235755,2.2936507936507935,0.6955785298008279
