Technique,AUC,Credibility,LagGlobal,MAP
50Traced_NONETRACED_RFSMOTE_MULTI_VSM_56_MEDIAN.csv,0.8146191016088975,0.7161757142857142,2.2182539682539684,0.6252415252327639
