Technique,AUC,Credibility,LagGlobal,MAP
50Traced_NONETRACED_SUM_MULTI_LSA_91_MAX.csv,0.9502348558471008,-0.21175535714285715,1.5595238095238095,0.9183749338438295
