Technique,AUC,Credibility,LagGlobal,MAP
50Traced_NONETRACED_MAX_MULTI_VSM_95_MAX.csv,0.9749048428895367,0.7570116666666666,1.2936507936507937,0.9564920028646376
