Technique,AUC,Credibility,LagGlobal,MAP
50Traced_NONETRACED_MAX_SINGLE_VSM_26_MAX.csv,0.9860604956268222,0.7560175,0.5833333333333334,0.972880368286182
