Technique,AUC,Credibility,LagGlobal,MAP
50Traced_NONETRACED_SUM_SINGLE_LSA_95_MEDIAN.csv,0.9545945362271893,-0.2088782142857143,1.6666666666666667,0.9086708262349705
