Technique,AUC,Credibility,LagGlobal,MAP
50Traced_NONETRACED_SUM_MULTI_LSA_90_SUM.csv,0.9460000269949249,0.7344101071521264,2.1031746031746033,0.9047156648013559
