Technique,AUC,Credibility,LagGlobal,MAP
50Traced_NONETRACED_RFNONE_MULTI_LSA_91_MEDIAN.csv,0.9103937209804556,0.8217286904761905,2.2182539682539684,0.8901646755687205
