Technique,AUC,Credibility,LagGlobal,MAP
50Traced_NONETRACED_RFUNDER_RAW_VSM_58_MEDIAN.csv,0.8885109599395313,0.8164289285714286,2.2936507936507935,0.8639156118866378
