Technique,AUC,Credibility,LagGlobal,MAP
50Traced_NONETRACED_MEDIAN_SINGLE_VSM_97_SUM.csv,0.7803355469171797,0.6645212720967606,2.2936507936507935,0.6839432399829156
