Technique,AUC,Credibility,LagGlobal,MAP
50Traced_NONETRACED_RFUNDER_SINGLE_VSM_31_MAX.csv,0.9012019490335816,0.8369870238095238,2.2182539682539684,0.8734442767503295
