Technique,AUC,Credibility,LagGlobal,MAP
50Traced_NONETRACED_SUM_RAW_VSM_82_SUM.csv,0.9649808336032826,0.7436910704772428,1.4404761904761905,0.9414021591297638
