Technique,AUC,Credibility,LagGlobal,MAP
50Traced_NONETRACED_MAX_SINGLE_VSM_12_SUM.csv,0.9601993575207861,0.7349446331764905,1.6468253968253967,0.9400493576004108
