Technique,AUC,Credibility,LagGlobal,MAP
50Traced_NONETRACED_SUM_SINGLE_LSA_67_MAX.csv,0.9519726541410214,-0.3352482142857143,1.3253968253968254,0.9126193490024552
