Technique,AUC,Credibility,LagGlobal,MAP
50Traced_NONETRACED_RFNONE_MULTI_LSA_14_MEDIAN.csv,0.8882038926681785,0.8287613095238096,2.2182539682539684,0.8424827595911742
