Technique,AUC,Credibility,LagGlobal,MAP
50Traced_NONETRACED_MAX_RAW_VSM_51_MEDIAN.csv,0.9677815570672714,0.7992403571428571,1.9087301587301588,0.9506865352856275
