Technique,AUC,Credibility,LagGlobal,MAP
50Traced_NONETRACED_RFSMOTE_MULTI_LSA_44_SUM.csv,0.8463516358924523,0.7580717928907481,2.2261904761904763,0.7699242153797722
