Technique,AUC,Credibility,LagGlobal,MAP
50Traced_NONETRACED_RFUNDER_RAW_LSA_90_SUM.csv,0.924097019760285,0.8241208146726381,2.2182539682539684,0.9124167416782433
