Technique,AUC,Credibility,LagGlobal,MAP
50Traced_NONETRACED_RFUNDER_MULTI_LSA_12_MEDIAN.csv,0.911959426627794,0.8472735714285714,2.2936507936507935,0.8720333743520269
