Technique,AUC,Credibility,LagGlobal,MAP
50Traced_NONETRACED_SUM_MULTI_VSM_63_MAX.csv,0.9554043839758125,-0.1769875,1.8492063492063493,0.9171344766153149
