Technique,AUC,Credibility,LagGlobal,MAP
50Traced_NONETRACED_RFUNDER_RAW_LSA_51_SUM.csv,0.8841647770219199,0.8073642720043872,2.2182539682539684,0.8662662521725978
