Technique,AUC,Credibility,LagGlobal,MAP
50Traced_NONETRACED_SUM_SINGLE_LSA_45_MEDIAN.csv,0.9376889644746788,-0.2313079761904762,1.6904761904761905,0.8683168282608456
