Technique,AUC,Credibility,LagGlobal,MAP
50Traced_NONETRACED_RFSMOTE_SINGLE_LSA_47_SUM.csv,0.8827610409243063,0.7783005273770747,2.2182539682539684,0.8407059898381899
