Technique,AUC,Credibility,LagGlobal,MAP
50Traced_NONETRACED_RFUNDER_SINGLE_VSM_82_SUM.csv,0.8928740146852392,0.8187891874600128,2.2182539682539684,0.8688646865953554
