Technique,AUC,Credibility,LagGlobal,MAP
50Traced_NONETRACED_MAX_RAW_VSM_7_SUM.csv,0.9594907407407407,0.7652396587007471,1.5714285714285714,0.9309115932370922
