Technique,AUC,Credibility,LagGlobal,MAP
50Traced_NONETRACED_RFNONE_SINGLE_LSA_96_MEDIAN.csv,0.8905220818486125,0.8212726190476191,2.2182539682539684,0.8686308796661356
