Technique,AUC,Credibility,LagGlobal,MAP
50Traced_NONETRACED_RFUNDER_SINGLE_VSM_1_MEDIAN.csv,0.8935320159809956,0.8371311904761904,2.2936507936507935,0.8734558112108101
