Technique,AUC,Credibility,LagGlobal,MAP
50Traced_NONETRACED_MAX_RAW_LSA_91_MAX.csv,0.94272351797862,0.7977952380952381,2.265873015873016,0.9305910003815778
