Technique,AUC,Credibility,LagGlobal,MAP
50Traced_NONETRACED_RFSMOTE_MULTI_LSA_53_MEDIAN.csv,0.8605610895151712,0.7401967857142857,2.123015873015873,0.7576745689982631
