Technique,AUC,Credibility,LagGlobal,MAP
50Traced_NONETRACED_RFUNDER_MULTI_LSA_34_MAX.csv,0.9099010636000432,0.834674880952381,2.123015873015873,0.8377807624964068
