Technique,AUC,Credibility,LagGlobal,MAP
50Traced_NONETRACED_RFNONE_MULTI_LSA_50_SUM.csv,0.8899720602526726,0.8157425433385126,2.2182539682539684,0.8704928590035326
