Technique,AUC,Credibility,LagGlobal,MAP
50Traced_NONETRACED_SUM_MULTI_LSA_22_MEDIAN.csv,0.9494924954108628,-0.1895495238095238,1.3611111111111112,0.9135118783276319
