Technique,AUC,Credibility,LagGlobal,MAP
50Traced_NONETRACED_RFNONE_RAW_LSA_42_SUM.csv,0.8746726865349314,0.7875610852146361,2.2182539682539684,0.851816608265807
