Technique,AUC,Credibility,LagGlobal,MAP
50Traced_NONETRACED_RFNONE_MULTI_VSM_60_MEDIAN.csv,0.8945004589137244,0.832785,2.2182539682539684,0.8679383583492049
