Technique,AUC,Credibility,LagGlobal,MAP
50Traced_NONETRACED_SUM_MULTI_LSA_43_MEDIAN.csv,0.9589508422416586,-0.1370547619047619,1.003968253968254,0.8939685702595798
