Technique,AUC,Credibility,LagGlobal,MAP
50Traced_NONETRACED_MEDIAN_RAW_LSA_24_SUM.csv,0.7805413832199547,0.6642026135498604,2.2936507936507935,0.6821857060041056
