Technique,AUC,Credibility,LagGlobal,MAP
50Traced_NONETRACED_MEDIAN_MULTI_VSM_12_SUM.csv,0.7798226433430515,0.6641527108178973,2.2936507936507935,0.6866606901800152
