Technique,AUC,Credibility,LagGlobal,MAP
50Traced_NONETRACED_MAX_MULTI_VSM_39_MEDIAN.csv,0.9748204837490552,0.745347619047619,1.369047619047619,0.9539489702707195
