Technique,AUC,Credibility,LagGlobal,MAP
50Traced_NONETRACED_MEDIAN_MULTI_VSM_65_SUM.csv,0.7892067541302235,0.6726635273266837,2.2936507936507935,0.6969555516747006
