Technique,AUC,Credibility,LagGlobal,MAP
50Traced_NONETRACED_SUM_SINGLE_LSA_57_MAX.csv,0.9571691771946875,-0.23938785714285715,1.2619047619047619,0.9074966227339192
