Technique,AUC,Credibility,LagGlobal,MAP
50Traced_NONETRACED_MAX_MULTI_VSM_84_SUM.csv,0.9692359086491741,0.7459329730144864,1.3253968253968254,0.9491700429626202
