Technique,AUC,Credibility,LagGlobal,MAP
50Traced_NONETRACED_RFSMOTE_RAW_LSA_90_SUM.csv,0.88915883813843,0.8073642720043872,2.2182539682539684,0.8722442151515284
