Technique,AUC,Credibility,LagGlobal,MAP
50Traced_NONETRACED_RFUNDER_MULTI_VSM_83_MEDIAN.csv,0.9228113864593457,0.8468882142857143,2.2182539682539684,0.854259907266
