Technique,AUC,Credibility,LagGlobal,MAP
50Traced_NONETRACED_MAX_RAW_LSA_1_SUM.csv,0.9204628279883381,0.7579617909490484,2.119047619047619,0.889142685334453
