Technique,AUC,Credibility,LagGlobal,MAP
50Traced_NONETRACED_RFSMOTE_RAW_LSA_31_MAX.csv,0.8735591458805744,0.7966441666666667,2.2182539682539684,0.8296627701307485
