Technique,AUC,Credibility,LagGlobal,MAP
50Traced_NONETRACED_RFUNDER_RAW_LSA_10_MEDIAN.csv,0.8905963178922363,0.8024258333333333,2.2936507936507935,0.8698840095779417
