Technique,AUC,Credibility,LagGlobal,MAP
50Traced_NONETRACED_RFNONE_MULTI_VSM_41_MEDIAN.csv,0.8854639077853363,0.8299122619047619,2.2936507936507935,0.8742239399442662
