Technique,AUC,Credibility,LagGlobal,MAP
50Traced_NONETRACED_MEDIAN_MULTI_LSA_32_SUM.csv,0.7982804232804234,0.6665569124152664,2.2936507936507935,0.705107368865209
