Technique,AUC,Credibility,LagGlobal,MAP
50Traced_NONETRACED_MAX_SINGLE_LSA_50_MEDIAN.csv,0.9752962693013714,0.7402430952380953,1.1706349206349207,0.9591763917156846
