Technique,AUC,Credibility,LagGlobal,MAP
50Traced_NONETRACED_MAX_SINGLE_LSA_46_MEDIAN.csv,0.9773512579635029,0.7454798809523809,1.0119047619047619,0.9603159065117856
