Technique,AUC,Credibility,LagGlobal,MAP
50Traced_NONETRACED_SUM_RAW_VSM_76_SUM.csv,0.959659459021704,0.7501421033771176,1.2857142857142858,0.930972321366351
