Technique,AUC,Credibility,LagGlobal,MAP
50Traced_NONETRACED_RFSMOTE_SINGLE_LSA_99_MEDIAN.csv,0.9029397473275025,0.7901154761904762,2.1785714285714284,0.8404755103462266
