Technique,AUC,Credibility,LagGlobal,MAP
50Traced_NONETRACED_RFNONE_RAW_LSA_24_MEDIAN.csv,0.8671309793758772,0.7966633333333333,2.2182539682539684,0.8364637781204528
