Technique,AUC,Credibility,LagGlobal,MAP
50Traced_NONETRACED_MAX_MULTI_LSA_79_SUM.csv,0.9756843213475868,0.7400633679385196,0.9642857142857143,0.9585483797600206
