Technique,AUC,Credibility,LagGlobal,MAP
50Traced_NONETRACED_RFSMOTE_RAW_LSA_0_SUM.csv,0.8847620397365296,0.7959393565487616,2.2182539682539684,0.8571825321671509
