Technique,AUC,Credibility,LagGlobal,MAP
50Traced_NONETRACED_SUM_MULTI_VSM_48_MEDIAN.csv,0.9528229942770761,-0.1855507142857143,1.3888888888888888,0.9080718951961282
