Technique,AUC,Credibility,LagGlobal,MAP
50Traced_NONETRACED_MEDIAN_MULTI_VSM_4_SUM.csv,0.7788676978728001,0.6626220079506048,2.2936507936507935,0.6849005814801702
