Technique,AUC,Credibility,LagGlobal,MAP
50Traced_NONETRACED_RFUNDER_MULTI_VSM_80_MAX.csv,0.9119459291653169,0.8272247619047619,2.2182539682539684,0.7905148018492103
