Technique,AUC,Credibility,LagGlobal,MAP
50Traced_NONETRACED_MEDIAN_RAW_VSM_63_SUM.csv,0.7848302019220388,0.6664008888444188,2.2936507936507935,0.6878875553307746
