Technique,AUC,Credibility,LagGlobal,MAP
50Traced_NONETRACED_RFSMOTE_MULTI_LSA_29_SUM.csv,0.8981481481481481,0.7921310513968863,2.2182539682539684,0.8432647694909302
