Technique,AUC,Credibility,LagGlobal,MAP
50Traced_NONETRACED_SUM_RAW_VSM_62_SUM.csv,0.9509873393801965,0.7389391628398143,2.0595238095238093,0.9304585479216922
