Technique,AUC,Credibility,LagGlobal,MAP
50Traced_NONETRACED_RFSMOTE_MULTI_VSM_34_SUM.csv,0.8336640211640212,0.7368899130579956,2.2936507936507935,0.7575663429745899
