Technique,AUC,Credibility,LagGlobal,MAP
50Traced_NONETRACED_MAX_SINGLE_LSA_87_MEDIAN.csv,0.9859491415613865,0.7448153571428572,0.5793650793650794,0.9734101867178313
