Technique,AUC,Credibility,LagGlobal,MAP
50Traced_NONETRACED_RFUNDER_SINGLE_LSA_25_MEDIAN.csv,0.8970514793218876,0.8324530952380952,2.2182539682539684,0.8456475451062894
