Technique,AUC,Credibility,LagGlobal,MAP
50Traced_NONETRACED_RFUNDER_MULTI_LSA_84_MAX.csv,0.900719414750027,0.8301589285714286,2.2182539682539684,0.8019226349161388
