Technique,AUC,Credibility,LagGlobal,MAP
50Traced_NONETRACED_SUM_SINGLE_LSA_17_MAX.csv,0.9462463556851313,-0.23695011904761906,1.257936507936508,0.8971773601016277
