Technique,AUC,Credibility,LagGlobal,MAP
50Traced_NONETRACED_SUM_RAW_VSM_35_MEDIAN.csv,0.9704675521002051,0.4611688095238095,1.4484126984126984,0.9493209290158293
