Technique,AUC,Credibility,LagGlobal,MAP
50Traced_NONETRACED_SUM_MULTI_VSM_42_MAX.csv,0.9664250620883273,-0.19559583333333333,1.3253968253968254,0.9397197044086176
