Technique,AUC,Credibility,LagGlobal,MAP
50Traced_NONETRACED_MAX_SINGLE_LSA_3_MEDIAN.csv,0.9729848288521756,0.7417547619047619,0.9920634920634921,0.9551666221891781
