Technique,AUC,Credibility,LagGlobal,MAP
50Traced_NONETRACED_MEDIAN_SINGLE_VSM_93_SUM.csv,0.7805548806824316,0.672186207910012,2.2936507936507935,0.6840399725911676
