Technique,AUC,Credibility,LagGlobal,MAP
50Traced_NONETRACED_RFUNDER_MULTI_LSA_32_SUM.csv,0.9041781395097721,0.8187891874600128,2.2222222222222223,0.8416409237353246
