Technique,AUC,Credibility,LagGlobal,MAP
50Traced_NONETRACED_RFNONE_SINGLE_VSM_91_MAX.csv,0.9072791815138754,0.8126990476190477,2.0238095238095237,0.8804720491742133
