Technique,AUC,Credibility,LagGlobal,MAP
50Traced_NONETRACED_RFSMOTE_RAW_VSM_22_SUM.csv,0.8676944984342945,0.769733084665042,2.2936507936507935,0.8293003687197967
