Technique,AUC,Credibility,LagGlobal,MAP
50Traced_NONETRACED_MEDIAN_MULTI_VSM_81_MAX.csv,0.7789081902602311,0.6758296428571429,2.2936507936507935,0.6797330149416655
