Technique,AUC,Credibility,LagGlobal,MAP
50Traced_NONETRACED_MAX_SINGLE_LSA_73_MEDIAN.csv,0.9844509232264335,0.75495,0.9682539682539683,0.9710595082155257
