Technique,AUC,Credibility,LagGlobal,MAP
50Traced_NONETRACED_RFSMOTE_RAW_LSA_2_SUM.csv,0.8503266385919447,0.7654729153337598,2.2261904761904763,0.7898853131993742
