Technique,AUC,Credibility,LagGlobal,MAP
50Traced_NONETRACED_RFNONE_RAW_LSA_55_SUM.csv,0.8632167152575316,0.786037763153886,2.2936507936507935,0.8422038820998013
