Technique,AUC,Credibility,LagGlobal,MAP
50Traced_NONETRACED_RFSMOTE_SINGLE_LSA_25_MAX.csv,0.8240706997084548,0.7048354761904762,2.2936507936507935,0.7452502332619113
