Technique,AUC,Credibility,LagGlobal,MAP
50Traced_NONETRACED_MEDIAN_SINGLE_LSA_41_SUM.csv,0.7796303045027535,0.664196058529984,2.2936507936507935,0.6824753640013175
