Technique,AUC,Credibility,LagGlobal,MAP
50Traced_NONETRACED_MAX_MULTI_VSM_62_MAX.csv,0.9558025591188857,0.7454363095238096,2.0912698412698414,0.9398813444785391
