Technique,AUC,Credibility,LagGlobal,MAP
50Traced_NONETRACED_RFNONE_MULTI_VSM_8_MAX.csv,0.9003448601662889,0.8186136904761905,2.2182539682539684,0.8555430456650457
