Technique,AUC,Credibility,LagGlobal,MAP
50Traced_NONETRACED_RFSMOTE_MULTI_VSM_61_SUM.csv,0.8533062034337544,0.7578563050300094,2.2182539682539684,0.761079079288517
