Technique,AUC,Credibility,LagGlobal,MAP
50Traced_NONETRACED_RFNONE_MULTI_LSA_78_MAX.csv,0.9199937911672605,0.8520413095238095,2.1547619047619047,0.8970727013040437
