Technique,AUC,Credibility,LagGlobal,MAP
50Traced_NONETRACED_SUM_MULTI_VSM_60_MEDIAN.csv,0.9307512687614728,-0.1820895238095238,2.2261904761904763,0.8985111775464534
