Technique,AUC,Credibility,LagGlobal,MAP
50Traced_NONETRACED_SUM_MULTI_VSM_96_SUM.csv,0.9206956592160673,0.7330016415761466,1.7976190476190477,0.8750766310600084
