Technique,AUC,Credibility,LagGlobal,MAP
50Traced_NONETRACED_SUM_RAW_LSA_58_SUM.csv,0.9529478458049887,0.7426065609893817,2.0595238095238093,0.9245515729199891
