Technique,AUC,Credibility,LagGlobal,MAP
50Traced_NONETRACED_MAX_RAW_LSA_56_SUM.csv,0.9503698304718712,0.7618099115867846,1.7658730158730158,0.9249241996650284
