Technique,AUC,Credibility,LagGlobal,MAP
50Traced_NONETRACED_RFNONE_SINGLE_LSA_0_SUM.csv,0.8990119857466797,0.8203125095207628,2.2182539682539684,0.883482166137073
