Technique,AUC,Credibility,LagGlobal,MAP
50Traced_NONETRACED_MEDIAN_SINGLE_LSA_81_MEDIAN.csv,0.7784189072454378,0.6758065476190476,2.2936507936507935,0.6796269765063643
