Technique,AUC,Credibility,LagGlobal,MAP
50Traced_NONETRACED_SUM_RAW_VSM_37_MEDIAN.csv,0.9394301371342187,0.477602619047619,2.2103174603174605,0.9122212781356551
