Technique,AUC,Credibility,LagGlobal,MAP
50Traced_NONETRACED_RFUNDER_RAW_LSA_85_MAX.csv,0.8980536659108088,0.8101053571428571,2.2182539682539684,0.8812996604089536
