Technique,AUC,Credibility,LagGlobal,MAP
50Traced_NONETRACED_MAX_RAW_LSA_46_SUM.csv,0.938819376957132,0.7613086603492776,2.3095238095238093,0.9201334010951404
