Technique,AUC,Credibility,LagGlobal,MAP
50Traced_NONETRACED_RFNONE_SINGLE_VSM_35_SUM.csv,0.8747131789223627,0.7822294580020108,2.2936507936507935,0.8467721061798485
