Technique,AUC,Credibility,LagGlobal,MAP
50Traced_NONETRACED_SUM_SINGLE_VSM_76_MAX.csv,0.9667624986502538,-0.19086369047619048,1.6428571428571428,0.9313599881023544
