Technique,AUC,Credibility,LagGlobal,MAP
50Traced_NONETRACED_RFUNDER_RAW_VSM_5_MEDIAN.csv,0.9055008908325235,0.8359166666666666,2.123015873015873,0.8709947726653788
