Technique,AUC,Credibility,LagGlobal,MAP
50Traced_NONETRACED_SUM_RAW_VSM_50_MAX.csv,0.922365970197603,0.46433107142857144,2.253968253968254,0.892256025682366
