Technique,AUC,Credibility,LagGlobal,MAP
50Traced_NONETRACED_MAX_RAW_LSA_50_SUM.csv,0.9268977432242739,0.7710519046370514,2.3095238095238093,0.9042331876906582
