Technique,AUC,Credibility,LagGlobal,MAP
50Traced_NONETRACED_SUM_RAW_LSA_31_MEDIAN.csv,0.9510413292301048,0.45521083333333334,2.3253968253968256,0.9345120767523233
