Technique,AUC,Credibility,LagGlobal,MAP
50Traced_NONETRACED_RFSMOTE_SINGLE_LSA_87_MEDIAN.csv,0.8250155220818487,0.721975119047619,2.2182539682539684,0.764170185925414
