Technique,AUC,Credibility,LagGlobal,MAP
50Traced_NONETRACED_RFSMOTE_RAW_LSA_34_SUM.csv,0.873052991037685,0.7875610852146361,2.2936507936507935,0.835124414708638
