Technique,AUC,Credibility,LagGlobal,MAP
50Traced_NONETRACED_SUM_SINGLE_LSA_59_MEDIAN.csv,0.950366456106252,-0.3576277380952381,1.4603174603174602,0.8975378610472399
