Technique,AUC,Credibility,LagGlobal,MAP
50Traced_NONETRACED_RFSMOTE_MULTI_LSA_64_SUM.csv,0.8836046323291222,0.7791828138805106,2.2936507936507935,0.8415525009116464
