Technique,AUC,Credibility,LagGlobal,MAP
50Traced_NONETRACED_SUM_RAW_VSM_10_SUM.csv,0.9458954216607276,0.7384377005232925,2.261904761904762,0.9232250171585927
