Technique,AUC,Credibility,LagGlobal,MAP
50Traced_NONETRACED_MAX_MULTI_LSA_86_SUM.csv,0.9619169096209912,0.7381441439684923,1.7698412698412698,0.937586435897876
