Technique,AUC,Credibility,LagGlobal,MAP
50Traced_NONETRACED_RFNONE_RAW_LSA_89_SUM.csv,0.9328737447359896,0.8247687725956381,2.1547619047619047,0.9133143134640281
