Technique,AUC,Credibility,LagGlobal,MAP
50Traced_NONETRACED_RFNONE_RAW_VSM_91_SUM.csv,0.8756478781988987,0.7982243396398867,2.1785714285714284,0.8530070843865101
