Technique,AUC,Credibility,LagGlobal,MAP
50Traced_NONETRACED_RFSMOTE_SINGLE_VSM_89_MAX.csv,0.8844043569808877,0.826082380952381,2.2182539682539684,0.8361819660132461
