Technique,AUC,Credibility,LagGlobal,MAP
50Traced_NONETRACED_RFUNDER_RAW_LSA_28_MAX.csv,0.91596479861786,0.8392510714285715,2.2936507936507935,0.8885317308894516
