Technique,AUC,Credibility,LagGlobal,MAP
50Traced_NONETRACED_MEDIAN_RAW_VSM_12_SUM.csv,0.7792085088003456,0.6633291042882518,2.2936507936507935,0.6810813233620572
