Technique,AUC,Credibility,LagGlobal,MAP
50Traced_NONETRACED_RFUNDER_SINGLE_VSM_91_SUM.csv,0.9044548374905518,0.8324990860067636,2.2182539682539684,0.8897523468550949
