Technique,AUC,Credibility,LagGlobal,MAP
50Traced_NONETRACED_RFSMOTE_RAW_VSM_13_MEDIAN.csv,0.8966668016412914,0.8144140476190476,2.123015873015873,0.8649675304068856
