Technique,AUC,Credibility,LagGlobal,MAP
50Traced_NONETRACED_RFSMOTE_SINGLE_VSM_58_MEDIAN.csv,0.8410775024295434,0.753377261904762,2.2182539682539684,0.764788165620231
