Technique,AUC,Credibility,LagGlobal,MAP
50Traced_NONETRACED_SUM_MULTI_LSA_26_SUM.csv,0.9494216337328583,0.7292781529923985,1.0793650793650793,0.9082351501624136
