Technique,AUC,Credibility,LagGlobal,MAP
50Traced_NONETRACED_SUM_SINGLE_VSM_52_SUM.csv,0.9694991091674765,0.7459058513020362,0.9523809523809523,0.9416422892790083
