Technique,AUC,Credibility,LagGlobal,MAP
50Traced_NONETRACED_MEDIAN_SINGLE_VSM_64_MEDIAN.csv,0.7782366915019977,0.6757928571428572,2.2936507936507935,0.6795107654487806
