Technique,AUC,Credibility,LagGlobal,MAP
50Traced_NONETRACED_MAX_MULTI_VSM_39_SUM.csv,0.9681864809415829,0.7483697071807329,1.5873015873015872,0.9429467372144005
