Technique,AUC,Credibility,LagGlobal,MAP
50Traced_NONETRACED_MEDIAN_SINGLE_LSA_59_SUM.csv,0.7818067703271785,0.6652640639073377,2.2936507936507935,0.6836027065651811
