Technique,AUC,Credibility,LagGlobal,MAP
50Traced_NONETRACED_MAX_RAW_VSM_24_MAX.csv,0.9554752456538171,0.7846628571428571,1.8373015873015872,0.9374383966230406
