Technique,AUC,Credibility,LagGlobal,MAP
50Traced_NONETRACED_RFUNDER_MULTI_LSA_2_SUM.csv,0.9220555285606306,0.8256441367333882,2.123015873015873,0.8503133649858269
