Technique,AUC,Credibility,LagGlobal,MAP
50Traced_NONETRACED_MAX_MULTI_LSA_65_SUM.csv,0.9769193391642371,0.7440249470723923,1.3015873015873016,0.963727933960681
