Technique,AUC,Credibility,LagGlobal,MAP
50Traced_NONETRACED_MEDIAN_MULTI_VSM_60_MEDIAN.csv,0.7778655112838787,0.6757051190476191,2.2936507936507935,0.6793498650745019
