Technique,AUC,Credibility,LagGlobal,MAP
50Traced_NONETRACED_MEDIAN_SINGLE_VSM_40_MEDIAN.csv,0.7789520570132815,0.6758530952380952,2.2936507936507935,0.6806610009905586
