Technique,AUC,Credibility,LagGlobal,MAP
50Traced_NONETRACED_MAX_RAW_LSA_78_MAX.csv,0.9314598855415182,0.7793533333333333,2.0436507936507935,0.9095050201691385
