Technique,AUC,Credibility,LagGlobal,MAP
50Traced_NONETRACED_SUM_MULTI_LSA_9_SUM.csv,0.9394571320591729,0.7351992214873949,1.8492063492063493,0.8953740984556051
