Technique,AUC,Credibility,LagGlobal,MAP
50Traced_NONETRACED_MEDIAN_MULTI_VSM_13_SUM.csv,0.7778148957995897,0.663170726549945,2.2936507936507935,0.6801057437004339
