Technique,AUC,Credibility,LagGlobal,MAP
50Traced_NONETRACED_RFSMOTE_SINGLE_VSM_8_SUM.csv,0.8630075045891373,0.7604627733829689,2.2182539682539684,0.8092924136727839
