Technique,AUC,Credibility,LagGlobal,MAP
50Traced_NONETRACED_SUM_RAW_LSA_1_MEDIAN.csv,0.9275928625418421,0.5051079761904762,1.6944444444444444,0.8883492301135949
