Technique,AUC,Credibility,LagGlobal,MAP
50Traced_NONETRACED_MEDIAN_MULTI_VSM_18_SUM.csv,0.7834973275024295,0.6658489808001353,2.2976190476190474,0.6951891441168162
