Technique,AUC,Credibility,LagGlobal,MAP
50Traced_NONETRACED_MEDIAN_SINGLE_LSA_29_SUM.csv,0.7885082604470359,0.6714139700283156,2.2936507936507935,0.699459023667412
