Technique,AUC,Credibility,LagGlobal,MAP
50Traced_NONETRACED_RFNONE_MULTI_VSM_62_MAX.csv,0.8976892344239283,0.8124603571428571,2.2182539682539684,0.8528674525962974
