Technique,AUC,Credibility,LagGlobal,MAP
50Traced_NONETRACED_MEDIAN_RAW_VSM_2_SUM.csv,0.7854072184429328,0.664621711917449,2.2936507936507935,0.689758711101526
