Technique,AUC,Credibility,LagGlobal,MAP
50Traced_NONETRACED_SUM_MULTI_LSA_18_SUM.csv,0.923226433430515,0.7284619176073424,2.238095238095238,0.8896856090386677
