Technique,AUC,Credibility,LagGlobal,MAP
50Traced_NONETRACED_SUM_RAW_VSM_64_MEDIAN.csv,0.9615727243278264,0.46909416666666665,1.2103174603174602,0.9311057042602665
