Technique,AUC,Credibility,LagGlobal,MAP
50Traced_NONETRACED_MAX_MULTI_VSM_96_MAX.csv,0.9558363027750783,0.7513210714285714,2.007936507936508,0.9478764980933913
