Technique,AUC,Credibility,LagGlobal,MAP
50Traced_NONETRACED_MAX_MULTI_VSM_7_SUM.csv,0.9565651657488392,0.7276690814321441,2.0992063492063493,0.9398439975007972
