Technique,AUC,Credibility,LagGlobal,MAP
50Traced_NONETRACED_RFNONE_RAW_VSM_21_MAX.csv,0.8709035201382139,0.7978442857142857,2.2182539682539684,0.8518049799715854
