Technique,AUC,Credibility,LagGlobal,MAP
50Traced_NONETRACED_RFUNDER_RAW_VSM_5_SUM.csv,0.9068371396177519,0.8279291198245133,2.123015873015873,0.8848916242354468
