Technique,AUC,Credibility,LagGlobal,MAP
50Traced_NONETRACED_RFUNDER_SINGLE_VSM_22_SUM.csv,0.9031827016520895,0.8256441367333882,2.2936507936507935,0.8930152579709679
