Technique,AUC,Credibility,LagGlobal,MAP
50Traced_NONETRACED_RFSMOTE_MULTI_VSM_85_MAX.csv,0.8314403142209263,0.7157685714285714,2.2182539682539684,0.6539345140004279
