Technique,AUC,Credibility,LagGlobal,MAP
50Traced_NONETRACED_RFSMOTE_RAW_LSA_16_MEDIAN.csv,0.8259974624770543,0.7468971428571428,2.2936507936507935,0.7618434101663797
