Technique,AUC,Credibility,LagGlobal,MAP
50Traced_NONETRACED_RFSMOTE_MULTI_LSA_51_MAX.csv,0.871362433862434,0.7970671428571429,2.2182539682539684,0.7859126151532554
