Technique,AUC,Credibility,LagGlobal,MAP
50Traced_NONETRACED_MAX_RAW_LSA_82_MEDIAN.csv,0.9632970251592701,0.7843909523809524,1.9484126984126984,0.9384439974537231
