Technique,AUC,Credibility,LagGlobal,MAP
50Traced_NONETRACED_RFNONE_RAW_LSA_38_SUM.csv,0.8618096047942987,0.7898460683057612,2.2182539682539684,0.8356800181011967
