Technique,AUC,Credibility,LagGlobal,MAP
50Traced_NONETRACED_MEDIAN_SINGLE_VSM_29_SUM.csv,0.7849415559874744,0.6646834559756407,2.2936507936507935,0.6869191384283075
