Technique,AUC,Credibility,LagGlobal,MAP
50Traced_NONETRACED_RFUNDER_SINGLE_VSM_5_SUM.csv,0.9268876201274161,0.839354035280139,2.0476190476190474,0.9171969287403613
