Technique,AUC,Credibility,LagGlobal,MAP
50Traced_NONETRACED_RFUNDER_MULTI_VSM_68_MEDIAN.csv,0.8905322049454703,0.8366430952380952,2.2182539682539684,0.864607060074744
