Technique,AUC,Credibility,LagGlobal,MAP
50Traced_NONETRACED_SUM_RAW_VSM_93_SUM.csv,0.9315105010258071,0.7374795158838279,1.7341269841269842,0.8913402221540292
