Technique,AUC,Credibility,LagGlobal,MAP
50Traced_NONETRACED_SUM_SINGLE_VSM_62_SUM.csv,0.9643565759637188,0.7549441014650374,0.9682539682539683,0.9195950617450271
