Technique,AUC,Credibility,LagGlobal,MAP
50Traced_NONETRACED_MAX_MULTI_LSA_74_MAX.csv,0.9819943850556095,0.7528008333333334,1.2777777777777777,0.9673055619181179
