Technique,AUC,Credibility,LagGlobal,MAP
50Traced_NONETRACED_MEDIAN_MULTI_VSM_17_MAX.csv,0.778189450383328,0.6757684523809524,2.2936507936507935,0.6794993907011095
