Technique,AUC,Credibility,LagGlobal,MAP
50Traced_NONETRACED_RFSMOTE_MULTI_VSM_65_MEDIAN.csv,0.8451334899038981,0.7385821428571429,2.2182539682539684,0.7247793821742932
