Technique,AUC,Credibility,LagGlobal,MAP
50Traced_NONETRACED_RFUNDER_MULTI_LSA_48_MAX.csv,0.8964373447791816,0.8145525,2.2182539682539684,0.7462002115140375
