Technique,AUC,Credibility,LagGlobal,MAP
50Traced_NONETRACED_SUM_RAW_LSA_61_SUM.csv,0.9465939153439153,0.7371023298500302,1.4682539682539681,0.9128822408933231
