Technique,AUC,Credibility,LagGlobal,MAP
50Traced_NONETRACED_RFSMOTE_SINGLE_VSM_99_SUM.csv,0.8602945146312493,0.7632908821168699,2.2222222222222223,0.8060469267572568
