Technique,AUC,Credibility,LagGlobal,MAP
50Traced_NONETRACED_RFUNDER_SINGLE_VSM_8_MEDIAN.csv,0.9259056797322103,0.8511539285714286,2.1547619047619047,0.9001344306450214
