Technique,AUC,Credibility,LagGlobal,MAP
50Traced_NONETRACED_SUM_SINGLE_VSM_19_MAX.csv,0.9608438613540655,-0.25924559523809526,1.7658730158730158,0.9254921877021823
