Technique,AUC,Credibility,LagGlobal,MAP
50Traced_NONETRACED_RFSMOTE_RAW_LSA_95_MEDIAN.csv,0.8653493143289063,0.7782589285714285,2.2222222222222223,0.803368827426191
