Technique,AUC,Credibility,LagGlobal,MAP
50Traced_NONETRACED_RFSMOTE_MULTI_LSA_20_MEDIAN.csv,0.9115578771191016,0.8336064285714285,2.2182539682539684,0.8587054921176539
