Technique,AUC,Credibility,LagGlobal,MAP
50Traced_NONETRACED_MAX_SINGLE_LSA_64_SUM.csv,0.9681594860166289,0.7249585941514819,1.1111111111111112,0.9441329995983715
