Technique,AUC,Credibility,LagGlobal,MAP
50Traced_NONETRACED_RFUNDER_SINGLE_VSM_24_SUM.csv,0.9126275510204082,0.8378307132193888,2.2182539682539684,0.9062878625682524
