Technique,AUC,Credibility,LagGlobal,MAP
50Traced_NONETRACED_RFUNDER_RAW_VSM_11_SUM.csv,0.8675494007126661,0.7945379017605219,2.2936507936507935,0.8433950276846173
