Technique,AUC,Credibility,LagGlobal,MAP
50Traced_NONETRACED_MAX_RAW_VSM_88_SUM.csv,0.9213874041680165,0.7733668767045989,2.119047619047619,0.8992682061177159
