Technique,AUC,Credibility,LagGlobal,MAP
50Traced_NONETRACED_RFUNDER_RAW_LSA_83_SUM.csv,0.9057101015009179,0.8180275264296377,2.2182539682539684,0.8891071615453222
