Technique,AUC,Credibility,LagGlobal,MAP
50Traced_NONETRACED_RFSMOTE_SINGLE_VSM_70_MAX.csv,0.8714839110247273,0.7752671428571428,2.2182539682539684,0.8132035435440638
