Technique,AUC,Credibility,LagGlobal,MAP
50Traced_NONETRACED_MAX_MULTI_LSA_34_MAX.csv,0.9671977918151388,0.7486591666666667,1.6666666666666667,0.9514259631472536
