Technique,AUC,Credibility,LagGlobal,MAP
50Traced_NONETRACED_RFUNDER_MULTI_VSM_34_MAX.csv,0.8937513497462477,0.8304703571428571,2.2936507936507935,0.8283951025245877
