Technique,AUC,Credibility,LagGlobal,MAP
50Traced_NONETRACED_MEDIAN_SINGLE_VSM_38_SUM.csv,0.7817629035741281,0.6646766895035101,2.2976190476190474,0.6847273016310798
