Technique,AUC,Credibility,LagGlobal,MAP
50Traced_NONETRACED_RFUNDER_SINGLE_LSA_18_MEDIAN.csv,0.9112271892884137,0.8470930952380953,2.2182539682539684,0.9027900129202503
