Technique,AUC,Credibility,LagGlobal,MAP
50Traced_NONETRACED_MEDIAN_SINGLE_VSM_54_SUM.csv,0.7795628171903681,0.6654347772338427,2.2936507936507935,0.6813812769755995
