Technique,AUC,Credibility,LagGlobal,MAP
50Traced_NONETRACED_MEDIAN_SINGLE_LSA_79_MAX.csv,0.7784324047079149,0.6758046428571428,2.2936507936507935,0.6795813023392465
