Technique,AUC,Credibility,LagGlobal,MAP
50Traced_NONETRACED_RFSMOTE_SINGLE_LSA_58_MAX.csv,0.8225522351797863,0.709375,2.2936507936507935,0.7111386948307474
