Technique,AUC,Credibility,LagGlobal,MAP
50Traced_NONETRACED_RFUNDER_MULTI_VSM_56_MAX.csv,0.915289925494007,0.8283116666666667,2.2182539682539684,0.7762080278430596
