Technique,AUC,Credibility,LagGlobal,MAP
50Traced_NONETRACED_RFSMOTE_RAW_VSM_83_MAX.csv,0.8933531746031746,0.8107936904761904,2.2182539682539684,0.8515469619642574
