Technique,AUC,Credibility,LagGlobal,MAP
50Traced_NONETRACED_RFNONE_MULTI_LSA_85_SUM.csv,0.9234963826800561,0.8385923742497639,2.2182539682539684,0.91311674728088
