Technique,AUC,Credibility,LagGlobal,MAP
50Traced_NONETRACED_RFNONE_MULTI_LSA_18_MEDIAN.csv,0.9025685671093834,0.8250584523809524,2.2222222222222223,0.8116598903951988
