Technique,AUC,Credibility,LagGlobal,MAP
50Traced_NONETRACED_RFSMOTE_RAW_LSA_23_SUM.csv,0.907198196739013,0.804317627882887,2.2182539682539684,0.881440724131618
