Technique,AUC,Credibility,LagGlobal,MAP
50Traced_NONETRACED_RFSMOTE_MULTI_LSA_53_SUM.csv,0.8616138915883814,0.7437806071668304,2.123015873015873,0.7790495237791436
