Technique,AUC,Credibility,LagGlobal,MAP
50Traced_NONETRACED_RFNONE_MULTI_VSM_78_MAX.csv,0.8972134488716121,0.8265591666666666,2.2936507936507935,0.884817341532145
