Technique,AUC,Credibility,LagGlobal,MAP
50Traced_NONETRACED_SUM_MULTI_VSM_99_MAX.csv,0.9240362811791382,-0.12876190476190477,1.742063492063492,0.8663227810456035
