Technique,AUC,Credibility,LagGlobal,MAP
50Traced_NONETRACED_RFNONE_SINGLE_LSA_64_MEDIAN.csv,0.8906739283014795,0.8254413095238096,2.2182539682539684,0.8567152198373784
