Technique,AUC,Credibility,LagGlobal,MAP
50Traced_NONETRACED_MAX_SINGLE_VSM_75_SUM.csv,0.9762883327934349,0.7460142508852383,0.7936507936507936,0.9596311396690113
