Technique,AUC,Credibility,LagGlobal,MAP
50Traced_NONETRACED_SUM_SINGLE_VSM_47_SUM.csv,0.9585155490767736,0.746991241318259,1.0119047619047619,0.912080084305357
