Technique,AUC,Credibility,LagGlobal,MAP
50Traced_NONETRACED_RFSMOTE_MULTI_VSM_33_SUM.csv,0.89057944606414,0.7967010175791366,2.2182539682539684,0.8149195019947097
