Technique,AUC,Credibility,LagGlobal,MAP
50Traced_NONETRACED_SUM_SINGLE_LSA_45_SUM.csv,0.9375303692905733,0.7427451544829594,1.9007936507936507,0.8695724864204711
