Technique,AUC,Credibility,LagGlobal,MAP
50Traced_NONETRACED_MAX_RAW_VSM_80_SUM.csv,0.9628954756505776,0.7684184059111173,1.9285714285714286,0.9454226094090966
