Technique,AUC,Credibility,LagGlobal,MAP
50Traced_NONETRACED_MAX_MULTI_LSA_81_SUM.csv,0.9669109707375013,0.7460320985244114,1.7341269841269842,0.9493699315276359
