Technique,AUC,Credibility,LagGlobal,MAP
50Traced_NONETRACED_MAX_MULTI_LSA_1_SUM.csv,0.9527251376741173,0.7405228554139331,1.8174603174603174,0.9323812295065902
