Technique,AUC,Credibility,LagGlobal,MAP
50Traced_NONETRACED_SUM_RAW_LSA_52_SUM.csv,0.9391669366159162,0.7371034882572791,2.0476190476190474,0.9027215485517286
