Technique,AUC,Credibility,LagGlobal,MAP
50Traced_NONETRACED_MAX_RAW_LSA_4_MEDIAN.csv,0.9594772432782637,0.7975010714285714,1.9801587301587302,0.9403138842560462
