Technique,AUC,Credibility,LagGlobal,MAP
50Traced_NONETRACED_RFNONE_SINGLE_LSA_40_MAX.csv,0.8904714663643235,0.8325665476190476,2.2182539682539684,0.8784002982222529
