Technique,AUC,Credibility,LagGlobal,MAP
50Traced_NONETRACED_RFUNDER_RAW_LSA_31_MAX.csv,0.8806554367778858,0.817892619047619,2.2936507936507935,0.8455372245781286
