Technique,AUC,Credibility,LagGlobal,MAP
50Traced_NONETRACED_MAX_SINGLE_VSM_77_MAX.csv,0.9707543731778425,0.7411290476190476,1.0952380952380953,0.9509142782994648
