Technique,AUC,Credibility,LagGlobal,MAP
50Traced_NONETRACED_MAX_SINGLE_LSA_91_MAX.csv,0.9819403952057013,0.7495416666666667,0.876984126984127,0.9660197935633976
