Technique,AUC,Credibility,LagGlobal,MAP
50Traced_NONETRACED_RFUNDER_MULTI_LSA_70_MAX.csv,0.8906638052046216,0.8145736904761904,2.2182539682539684,0.7433720448831386
