Technique,AUC,Credibility,LagGlobal,MAP
50Traced_NONETRACED_RFNONE_RAW_LSA_6_SUM.csv,0.9034492765360113,0.8081259330347622,2.2936507936507935,0.886003091664627
