Technique,AUC,Credibility,LagGlobal,MAP
50Traced_NONETRACED_MAX_MULTI_VSM_65_SUM.csv,0.9650415721844293,0.732091927261803,1.7142857142857142,0.9464305548591573
