Technique,AUC,Credibility,LagGlobal,MAP
50Traced_NONETRACED_MAX_SINGLE_VSM_79_MAX.csv,0.9870019436345967,0.7472525,0.7896825396825397,0.9766454091174932
