Technique,AUC,Credibility,LagGlobal,MAP
50Traced_NONETRACED_RFUNDER_MULTI_VSM_49_MEDIAN.csv,0.879508152467336,0.7874736904761904,2.2222222222222223,0.686116196129979
