Technique,AUC,Credibility,LagGlobal,MAP
50Traced_NONETRACED_MAX_RAW_VSM_34_SUM.csv,0.9418124392614189,0.7690545214828602,2.2103174603174605,0.9294499813764018
