Technique,AUC,Credibility,LagGlobal,MAP
50Traced_NONETRACED_RFSMOTE_MULTI_LSA_0_SUM.csv,0.8627915451895044,0.7714034487851236,2.2936507936507935,0.7776293046037203
