Technique,AUC,Credibility,LagGlobal,MAP
50Traced_NONETRACED_MAX_SINGLE_LSA_75_MEDIAN.csv,0.9701166180758019,0.7340363095238095,0.9007936507936508,0.9494910540916301
