Technique,AUC,Credibility,LagGlobal,MAP
50Traced_NONETRACED_RFNONE_SINGLE_VSM_24_SUM.csv,0.8840331767627687,0.7667086733123536,2.2182539682539684,0.8415909965538142
