Technique,AUC,Credibility,LagGlobal,MAP
50Traced_NONETRACED_SUM_RAW_LSA_33_SUM.csv,0.9303969603714503,0.7453419348337319,2.0992063492063493,0.8950636919503976
