Technique,AUC,Credibility,LagGlobal,MAP
50Traced_NONETRACED_MEDIAN_RAW_VSM_39_SUM.csv,0.7835681891804341,0.6646716146494122,2.2936507936507935,0.6866803523365418
