Technique,AUC,Credibility,LagGlobal,MAP
50Traced_NONETRACED_RFUNDER_SINGLE_VSM_95_SUM.csv,0.9165620613324694,0.8317374249763885,2.1587301587301586,0.9038741125536363
