Technique,AUC,Credibility,LagGlobal,MAP
50Traced_NONETRACED_RFNONE_SINGLE_VSM_82_MAX.csv,0.8893714231724436,0.8156902380952381,2.2182539682539684,0.8740947879663886
