Technique,AUC,Credibility,LagGlobal,MAP
50Traced_NONETRACED_SUM_RAW_LSA_27_MEDIAN.csv,0.9464521919879063,0.48895761904761903,2.2142857142857144,0.9232805456198367
