Technique,AUC,Credibility,LagGlobal,MAP
50Traced_NONETRACED_RFSMOTE_MULTI_LSA_84_SUM.csv,0.8675932674657163,0.7751591384046782,2.0238095238095237,0.7828960390431143
