Technique,AUC,Credibility,LagGlobal,MAP
50Traced_NONETRACED_RFUNDER_MULTI_LSA_98_SUM.csv,0.9403277183889429,0.8347840690978887,2.2182539682539684,0.8887921774881442
