Technique,AUC,Credibility,LagGlobal,MAP
50Traced_NONETRACED_RFSMOTE_RAW_LSA_0_MAX.csv,0.8821502807472195,0.7993323809523809,2.2182539682539684,0.8348124847401514
