Technique,AUC,Credibility,LagGlobal,MAP
50Traced_NONETRACED_SUM_MULTI_VSM_91_MAX.csv,0.9420992603390562,-0.17450166666666667,1.2301587301587302,0.874925254714114
