Technique,AUC,Credibility,LagGlobal,MAP
50Traced_NONETRACED_SUM_MULTI_LSA_79_SUM.csv,0.9358060684591297,0.7303215122996561,1.5317460317460319,0.882235272577407
