Technique,AUC,Credibility,LagGlobal,MAP
50Traced_NONETRACED_RFNONE_SINGLE_VSM_72_MEDIAN.csv,0.8959919285174387,0.8086136904761905,2.2936507936507935,0.8757844182189175
