Technique,AUC,Credibility,LagGlobal,MAP
50Traced_NONETRACED_MEDIAN_RAW_LSA_87_SUM.csv,0.7825626282258937,0.6645130254588514,2.2936507936507935,0.6850413678342591
