Technique,AUC,Credibility,LagGlobal,MAP
50Traced_NONETRACED_SUM_MULTI_LSA_10_MAX.csv,0.9357284580498867,-0.12440416666666666,1.6626984126984128,0.875475788360324
