Technique,AUC,Credibility,LagGlobal,MAP
50Traced_NONETRACED_MEDIAN_MULTI_LSA_56_SUM.csv,0.7825761256883706,0.6640543855197496,2.2857142857142856,0.6808399134344705
