Technique,AUC,Credibility,LagGlobal,MAP
50Traced_NONETRACED_SUM_MULTI_VSM_8_SUM.csv,0.9367340190044272,0.7315367484445683,1.869047619047619,0.8917626802379574
