Technique,AUC,Credibility,LagGlobal,MAP
50Traced_NONETRACED_SUM_MULTI_LSA_50_MEDIAN.csv,0.9415526131087355,-0.15032392857142857,1.9523809523809523,0.906035152429511
