Technique,AUC,Credibility,LagGlobal,MAP
50Traced_NONETRACED_MEDIAN_SINGLE_VSM_40_SUM.csv,0.7828966904222008,0.6648475429248075,2.2936507936507935,0.6870703721911676
