Technique,AUC,Credibility,LagGlobal,MAP
50Traced_NONETRACED_MAX_RAW_VSM_75_MEDIAN.csv,0.967545351473923,0.8024307142857143,1.6587301587301588,0.9568412237331454
