Technique,AUC,Credibility,LagGlobal,MAP
50Traced_NONETRACED_RFUNDER_RAW_VSM_24_MEDIAN.csv,0.8871274700356333,0.824850238095238,2.2936507936507935,0.8359167834891477
