Technique,AUC,Credibility,LagGlobal,MAP
50Traced_NONETRACED_RFSMOTE_MULTI_VSM_39_SUM.csv,0.8207570726703379,0.7333183651310687,2.2222222222222223,0.7087908588660159
