Technique,AUC,Credibility,LagGlobal,MAP
50Traced_NONETRACED_SUM_MULTI_VSM_22_SUM.csv,0.9060542867940827,0.7209269451249253,1.4047619047619047,0.8425619318213412
