Technique,AUC,Credibility,LagGlobal,MAP
50Traced_NONETRACED_SUM_RAW_LSA_85_MAX.csv,0.9732007882518087,0.37707738095238097,1.5476190476190477,0.9505983938735323
