Technique,AUC,Credibility,LagGlobal,MAP
50Traced_NONETRACED_RFSMOTE_MULTI_LSA_59_SUM.csv,0.8145448655652738,0.7348513106245232,2.2936507936507935,0.7507206139203075
