Technique,AUC,Credibility,LagGlobal,MAP
50Traced_NONETRACED_MAX_SINGLE_VSM_75_MAX.csv,0.9806581362703811,0.7505119047619048,0.7380952380952381,0.9663948548296103
