Technique,AUC,Credibility,LagGlobal,MAP
50Traced_NONETRACED_RFSMOTE_SINGLE_LSA_54_SUM.csv,0.8297598801425332,0.751129471843432,2.2936507936507935,0.769796868061006
