Technique,AUC,Credibility,LagGlobal,MAP
50Traced_NONETRACED_SUM_RAW_VSM_64_SUM.csv,0.9581342457617967,0.7452073051279982,1.507936507936508,0.9276132508650025
