Technique,AUC,Credibility,LagGlobal,MAP
50Traced_NONETRACED_MAX_MULTI_VSM_17_SUM.csv,0.9467322643343052,0.741494717025986,2.257936507936508,0.9290984079741997
