Technique,AUC,Credibility,LagGlobal,MAP
50Traced_NONETRACED_RFUNDER_MULTI_VSM_56_SUM.csv,0.9250148472087247,0.821074170551138,2.2182539682539684,0.8460148488886733
