Technique,AUC,Credibility,LagGlobal,MAP
50Traced_NONETRACED_MEDIAN_MULTI_VSM_50_MAX.csv,0.7792085088003455,0.6758513095238096,2.2936507936507935,0.6801277714984154
