Technique,AUC,Credibility,LagGlobal,MAP
50Traced_NONETRACED_SUM_MULTI_VSM_30_SUM.csv,0.9169669852067811,0.7261954777932625,2.0674603174603177,0.8602081512232468
