Technique,AUC,Credibility,LagGlobal,MAP
50Traced_NONETRACED_SUM_SINGLE_VSM_86_MAX.csv,0.9581072508368427,-0.2847029761904762,1.1547619047619047,0.9204415595027735
