Technique,AUC,Credibility,LagGlobal,MAP
50Traced_NONETRACED_MEDIAN_SINGLE_VSM_96_SUM.csv,0.7837234099989201,0.6703615397634869,2.2936507936507935,0.6912298625087444
