Technique,AUC,Credibility,LagGlobal,MAP
50Traced_NONETRACED_SUM_RAW_LSA_11_SUM.csv,0.9363021002051615,0.7345304992322648,1.7738095238095237,0.905191418528756
