Technique,AUC,Credibility,LagGlobal,MAP
50Traced_NONETRACED_SUM_MULTI_VSM_37_MAX.csv,0.9420014037360976,-0.17702,1.6666666666666667,0.896765172408787
