Technique,AUC,Credibility,LagGlobal,MAP
50Traced_NONETRACED_MEDIAN_MULTI_LSA_28_SUM.csv,0.7841519544325667,0.6653474125091543,2.2936507936507935,0.6873464177866386
