Technique,AUC,Credibility,LagGlobal,MAP
50Traced_NONETRACED_MAX_RAW_LSA_75_SUM.csv,0.9555359842349639,0.760283553291657,1.8571428571428572,0.9321747993292667
