Technique,AUC,Credibility,LagGlobal,MAP
50Traced_NONETRACED_MEDIAN_RAW_LSA_71_SUM.csv,0.7842228161105713,0.6646470041218457,2.2936507936507935,0.6865478540887948
