Technique,AUC,Credibility,LagGlobal,MAP
50Traced_NONETRACED_SUM_MULTI_LSA_59_MAX.csv,0.9361671255803908,-0.16243583333333333,1.8055555555555556,0.8910664376692399
