Technique,AUC,Credibility,LagGlobal,MAP
50Traced_NONETRACED_MEDIAN_RAW_LSA_22_SUM.csv,0.7791612676816758,0.6637446079675209,2.2936507936507935,0.6806287112442151
