Technique,AUC,Credibility,LagGlobal,MAP
50Traced_NONETRACED_SUM_SINGLE_LSA_1_SUM.csv,0.9591870478350071,0.7451755718007178,1.1428571428571428,0.9253231519652328
