Technique,AUC,Credibility,LagGlobal,MAP
50Traced_NONETRACED_MEDIAN_MULTI_VSM_29_MEDIAN.csv,0.7781152143397042,0.675715,2.2936507936507935,0.6794752145102434
