Technique,AUC,Credibility,LagGlobal,MAP
50Traced_NONETRACED_SUM_RAW_LSA_2_MEDIAN.csv,0.9373414048158948,0.45002690476190477,2.2976190476190474,0.9144871491815496
