Technique,AUC,Credibility,LagGlobal,MAP
50Traced_NONETRACED_RFNONE_SINGLE_VSM_13_MEDIAN.csv,0.881758854335385,0.8166504761904761,2.2936507936507935,0.8660710836722937
