Technique,AUC,Credibility,LagGlobal,MAP
50Traced_NONETRACED_MAX_RAW_LSA_95_MEDIAN.csv,0.9384751916639672,0.8064082142857143,2.1746031746031744,0.934453917886839
