Technique,AUC,Credibility,LagGlobal,MAP
50Traced_NONETRACED_RFSMOTE_SINGLE_LSA_60_SUM.csv,0.8997374743548212,0.8007391060343919,2.2182539682539684,0.8748935616375475
