Technique,AUC,Credibility,LagGlobal,MAP
50Traced_NONETRACED_SUM_RAW_LSA_47_MEDIAN.csv,0.968237096425872,0.4248127380952381,1.3253968253968254,0.9503385927278253
