Technique,AUC,Credibility,LagGlobal,MAP
50Traced_NONETRACED_SUM_MULTI_VSM_89_SUM.csv,0.920715905409783,0.7257206874319533,2.2817460317460316,0.8836620487052546
