Technique,AUC,Credibility,LagGlobal,MAP
50Traced_NONETRACED_RFUNDER_SINGLE_LSA_55_MAX.csv,0.9136398607061872,0.8404358333333334,2.2182539682539684,0.8802247380241321
