Technique,AUC,Credibility,LagGlobal,MAP
50Traced_NONETRACED_MEDIAN_RAW_VSM_43_SUM.csv,0.782569376957132,0.6644880740928698,2.2936507936507935,0.6847313634435627
