Technique,AUC,Credibility,LagGlobal,MAP
50Traced_NONETRACED_MEDIAN_MULTI_VSM_16_MEDIAN.csv,0.7783682917611489,0.675737380952381,2.2936507936507935,0.67960201544975
