Technique,AUC,Credibility,LagGlobal,MAP
50Traced_NONETRACED_SUM_RAW_LSA_95_SUM.csv,0.9541626174279235,0.7358762180006048,2.003968253968254,0.9237461038410566
