Technique,AUC,Credibility,LagGlobal,MAP
50Traced_NONETRACED_RFNONE_MULTI_LSA_72_MAX.csv,0.9092261904761905,0.8272746428571428,2.2182539682539684,0.8676192007031602
