Technique,AUC,Credibility,LagGlobal,MAP
50Traced_NONETRACED_RFUNDER_SINGLE_LSA_72_SUM.csv,0.9216674765144153,0.8462089845535143,2.2182539682539684,0.9142710752683785
