Technique,AUC,Credibility,LagGlobal,MAP
50Traced_NONETRACED_RFNONE_SINGLE_LSA_97_MAX.csv,0.9196361084116187,0.8401763095238095,2.2182539682539684,0.9062051513360707
