Technique,AUC,Credibility,LagGlobal,MAP
50Traced_NONETRACED_RFNONE_SINGLE_VSM_41_MEDIAN.csv,0.8853593024511391,0.8137040476190476,2.2182539682539684,0.8664396230600429
