Technique,AUC,Credibility,LagGlobal,MAP
50Traced_NONETRACED_RFNONE_MULTI_VSM_89_SUM.csv,0.893397041356225,0.8066026109740121,2.2182539682539684,0.8284806554222364
