Technique,AUC,Credibility,LagGlobal,MAP
50Traced_NONETRACED_RFNONE_SINGLE_VSM_38_SUM.csv,0.8752125850340138,0.8088875940651372,2.2182539682539684,0.8554242997973919
