Technique,AUC,Credibility,LagGlobal,MAP
50Traced_NONETRACED_RFSMOTE_RAW_VSM_76_SUM.csv,0.8716458805744519,0.7921310513968863,2.2936507936507935,0.8446353668145496
