Technique,AUC,Credibility,LagGlobal,MAP
50Traced_NONETRACED_MEDIAN_RAW_VSM_8_SUM.csv,0.7786011229888782,0.6649089635854342,2.2936507936507935,0.6807902695745622
