Technique,AUC,Credibility,LagGlobal,MAP
50Traced_NONETRACED_RFNONE_SINGLE_LSA_80_SUM.csv,0.8990119857466796,0.8248824757030131,2.2182539682539684,0.8850918840624068
