Technique,AUC,Credibility,LagGlobal,MAP
50Traced_NONETRACED_RFUNDER_MULTI_LSA_52_MAX.csv,0.89145003239391,0.8129564285714286,2.2182539682539684,0.7650049644593527
