Technique,AUC,Credibility,LagGlobal,MAP
50Traced_NONETRACED_MAX_MULTI_VSM_48_MEDIAN.csv,0.9622880898391102,0.7497119047619047,2.119047619047619,0.9507693842543034
