Technique,AUC,Credibility,LagGlobal,MAP
50Traced_NONETRACED_MAX_MULTI_VSM_67_SUM.csv,0.9477850664075156,0.7461972405355808,2.242063492063492,0.9279345426969887
