Technique,AUC,Credibility,LagGlobal,MAP
50Traced_NONETRACED_MAX_MULTI_LSA_33_MAX.csv,0.9854362379872583,0.7577128571428572,1.380952380952381,0.9776458790038676
