Technique,AUC,Credibility,LagGlobal,MAP
50Traced_NONETRACED_RFSMOTE_RAW_VSM_45_SUM.csv,0.8766601878846777,0.7829911190323858,2.2182539682539684,0.845229964818979
