Technique,AUC,Credibility,LagGlobal,MAP
50Traced_NONETRACED_RFUNDER_RAW_VSM_72_SUM.csv,0.879160592808552,0.7982243396398867,2.2182539682539684,0.85820513880897
