Technique,AUC,Credibility,LagGlobal,MAP
50Traced_NONETRACED_RFUNDER_MULTI_LSA_29_SUM.csv,0.9148478835978835,0.8271674587941382,2.2936507936507935,0.8559573551225023
