Technique,AUC,Credibility,LagGlobal,MAP
50Traced_NONETRACED_SUM_RAW_LSA_90_MAX.csv,0.9388362487852284,0.44393916666666666,1.873015873015873,0.9101431486163832
