Technique,AUC,Credibility,LagGlobal,MAP
50Traced_NONETRACED_SUM_RAW_LSA_91_SUM.csv,0.9392951625094481,0.7386262762334138,2.003968253968254,0.9129255967152345
