Technique,AUC,Credibility,LagGlobal,MAP
50Traced_NONETRACED_RFUNDER_RAW_LSA_55_MAX.csv,0.8946320591728756,0.8238359523809524,2.2936507936507935,0.8797495162900383
