Technique,AUC,Credibility,LagGlobal,MAP
50Traced_NONETRACED_MEDIAN_SINGLE_LSA_60_SUM.csv,0.7813883489903898,0.6651171746761282,2.2936507936507935,0.686551912127855
