Technique,AUC,Credibility,LagGlobal,MAP
50Traced_NONETRACED_MAX_MULTI_LSA_28_MEDIAN.csv,0.9548847316704459,0.735150238095238,1.4682539682539681,0.9317764256711111
