Technique,AUC,Credibility,LagGlobal,MAP
50Traced_NONETRACED_MAX_MULTI_LSA_20_SUM.csv,0.950302343159486,0.7355191020591155,2.134920634920635,0.9309987149429771
