Technique,AUC,Credibility,LagGlobal,MAP
50Traced_NONETRACED_RFUNDER_RAW_LSA_34_SUM.csv,0.8429199060576611,0.7829911190323858,2.2936507936507935,0.8140261753511329
