Technique,AUC,Credibility,LagGlobal,MAP
50Traced_NONETRACED_RFNONE_SINGLE_VSM_42_MAX.csv,0.9009421228808983,0.8032933333333333,2.0198412698412698,0.8763294261151204
