Technique,AUC,Credibility,LagGlobal,MAP
50Traced_NONETRACED_RFUNDER_RAW_LSA_91_MEDIAN.csv,0.8730394935752077,0.8089716666666666,2.2936507936507935,0.8511113098652954
