Technique,AUC,Credibility,LagGlobal,MAP
50Traced_NONETRACED_RFSMOTE_RAW_LSA_21_MEDIAN.csv,0.831190611165101,0.7465016666666666,2.2182539682539684,0.7231695371412242
