Technique,AUC,Credibility,LagGlobal,MAP
50Traced_NONETRACED_MAX_MULTI_VSM_97_MEDIAN.csv,0.9830674333225352,0.7582814285714286,0.873015873015873,0.9694938299210764
