Technique,AUC,Credibility,LagGlobal,MAP
50Traced_NONETRACED_MAX_RAW_LSA_74_SUM.csv,0.9434827502429544,0.7736183861998489,2.111111111111111,0.9291300092867223
