Technique,AUC,Credibility,LagGlobal,MAP
50Traced_NONETRACED_MEDIAN_RAW_VSM_37_SUM.csv,0.7824613972573157,0.6641575742197412,2.2936507936507935,0.6842327296369827
