Technique,AUC,Credibility,LagGlobal,MAP
50Traced_NONETRACED_MEDIAN_RAW_LSA_49_SUM.csv,0.7871720116618077,0.6651277171614649,2.2936507936507935,0.6888051010802442
