Technique,AUC,Credibility,LagGlobal,MAP
50Traced_NONETRACED_RFNONE_RAW_LSA_10_MEDIAN.csv,0.8934172875499407,0.8073946428571429,2.2182539682539684,0.873206042559494
