Technique,AUC,Credibility,LagGlobal,MAP
50Traced_NONETRACED_RFUNDER_SINGLE_LSA_19_MEDIAN.csv,0.9132180650037793,0.8426882142857143,2.1785714285714284,0.8776371145013502
