Technique,AUC,Credibility,LagGlobal,MAP
50Traced_NONETRACED_RFSMOTE_SINGLE_LSA_94_SUM.csv,0.8023802775078286,0.7137918780900339,2.2936507936507935,0.7060127868678578
