Technique,AUC,Credibility,LagGlobal,MAP
50Traced_NONETRACED_RFUNDER_RAW_VSM_83_MAX.csv,0.8945207051074398,0.8187313095238096,2.2182539682539684,0.8623531311815656
