Technique,AUC,Credibility,LagGlobal,MAP
50Traced_NONETRACED_RFUNDER_SINGLE_LSA_4_SUM.csv,0.9148208886729294,0.8324990860067636,2.0476190476190474,0.8988877499367598
