Technique,AUC,Credibility,LagGlobal,MAP
50Traced_NONETRACED_SUM_SINGLE_VSM_98_MAX.csv,0.9480246463664831,-0.2847085714285714,1.4523809523809523,0.890818014992469
