Technique,AUC,Credibility,LagGlobal,MAP
50Traced_NONETRACED_RFSMOTE_RAW_VSM_55_SUM.csv,0.8950032393909946,0.8081259330347622,2.1785714285714284,0.8696320399352121
