Technique,AUC,Credibility,LagGlobal,MAP
50Traced_NONETRACED_RFNONE_SINGLE_VSM_10_SUM.csv,0.8878833279343483,0.8180275264296377,2.2182539682539684,0.8734202515478835
