Technique,AUC,Credibility,LagGlobal,MAP
50Traced_NONETRACED_RFUNDER_SINGLE_LSA_83_SUM.csv,0.9055650037792895,0.8317374249763885,2.123015873015873,0.8919321788945682
