Technique,AUC,Credibility,LagGlobal,MAP
50Traced_NONETRACED_MAX_SINGLE_VSM_33_SUM.csv,0.9769665802829068,0.7290751389068355,1.2182539682539681,0.9603236191322404
