Technique,AUC,Credibility,LagGlobal,MAP
50Traced_NONETRACED_SUM_RAW_VSM_18_MAX.csv,0.9428618669690099,0.42995809523809525,1.5476190476190477,0.9156216924048213
