Technique,AUC,Credibility,LagGlobal,MAP
50Traced_NONETRACED_MAX_MULTI_LSA_15_SUM.csv,0.9390825774754346,0.7273316788714564,2.265873015873016,0.9150548859901888
