Technique,AUC,Credibility,LagGlobal,MAP
50Traced_NONETRACED_MAX_RAW_VSM_89_MEDIAN.csv,0.9294521379980565,0.7799463095238095,2.2857142857142856,0.9179702640563893
