Technique,AUC,Credibility,LagGlobal,MAP
50Traced_NONETRACED_RFUNDER_SINGLE_VSM_49_MEDIAN.csv,0.894574694957348,0.8277507142857143,2.2936507936507935,0.8599970785038481
