Technique,AUC,Credibility,LagGlobal,MAP
50Traced_NONETRACED_MAX_SINGLE_LSA_1_SUM.csv,0.9747732426303856,0.7337746898639862,0.9682539682539683,0.9560907022395145
