Technique,AUC,Credibility,LagGlobal,MAP
50Traced_NONETRACED_RFNONE_SINGLE_VSM_34_SUM.csv,0.8911497138537955,0.8241208146726381,2.2182539682539684,0.8776088474903585
