Technique,AUC,Credibility,LagGlobal,MAP
50Traced_NONETRACED_MAX_RAW_LSA_72_MEDIAN.csv,0.9544561872367995,0.7945211904761905,2.007936507936508,0.9337420964199279
