Technique,AUC,Credibility,LagGlobal,MAP
50Traced_NONETRACED_RFSMOTE_MULTI_VSM_13_SUM.csv,0.8633820591728755,0.7890844072753862,2.1547619047619047,0.7994443303312775
