Technique,AUC,Credibility,LagGlobal,MAP
50Traced_NONETRACED_RFSMOTE_RAW_VSM_66_MAX.csv,0.8901643990929705,0.7916797619047619,2.2182539682539684,0.8156046894234521
