Technique,AUC,Credibility,LagGlobal,MAP
50Traced_NONETRACED_RFUNDER_MULTI_LSA_27_SUM.csv,0.8804934672281611,0.7967010175791366,2.2936507936507935,0.816732534669033
