Technique,AUC,Credibility,LagGlobal,MAP
50Traced_NONETRACED_MAX_MULTI_VSM_85_MEDIAN.csv,0.9673260177086707,0.7449811904761905,1.6587301587301588,0.9491545711764983
