Technique,AUC,Credibility,LagGlobal,MAP
50Traced_NONETRACED_RFUNDER_RAW_VSM_64_MEDIAN.csv,0.9100596587841487,0.8288253571428571,2.2182539682539684,0.8944951459761995
