Technique,AUC,Credibility,LagGlobal,MAP
50Traced_NONETRACED_RFUNDER_SINGLE_LSA_91_SUM.csv,0.9284465770435159,0.8446856624927642,2.1785714285714284,0.9241458793750639
