Technique,AUC,Credibility,LagGlobal,MAP
50Traced_NONETRACED_RFUNDER_SINGLE_LSA_51_MAX.csv,0.9054738959075694,0.8436272619047619,2.2936507936507935,0.8788280931099675
