Technique,AUC,Credibility,LagGlobal,MAP
50Traced_NONETRACED_MAX_RAW_VSM_67_SUM.csv,0.9622374743548214,0.7703350377473855,1.0714285714285714,0.9384153858596939
