Technique,AUC,Credibility,LagGlobal,MAP
50Traced_NONETRACED_RFNONE_MULTI_VSM_28_MAX.csv,0.9002402548320917,0.8294466666666667,2.2182539682539684,0.8551745994033647
