Technique,AUC,Credibility,LagGlobal,MAP
50Traced_NONETRACED_RFNONE_SINGLE_VSM_70_SUM.csv,0.9031050912428464,0.8066026109740121,2.0476190476190474,0.8822214246713308
