Technique,AUC,Credibility,LagGlobal,MAP
50Traced_NONETRACED_RFNONE_SINGLE_LSA_77_SUM.csv,0.9222208724759745,0.822597492611888,2.1547619047619047,0.9058116191916743
