Technique,AUC,Credibility,LagGlobal,MAP
50Traced_NONETRACED_RFSMOTE_RAW_LSA_31_SUM.csv,0.8751214771622935,0.7961382813711804,2.2182539682539684,0.8448133488135947
