Technique,AUC,Credibility,LagGlobal,MAP
50Traced_NONETRACED_RFSMOTE_MULTI_LSA_79_SUM.csv,0.8974192851743872,0.815466966184833,2.2182539682539684,0.8667715264368583
