Technique,AUC,Credibility,LagGlobal,MAP
50Traced_NONETRACED_RFNONE_MULTI_VSM_4_SUM.csv,0.9306027966742252,0.8416390183712641,2.1547619047619047,0.9040893589047306
