Technique,AUC,Credibility,LagGlobal,MAP
50Traced_NONETRACED_MAX_SINGLE_VSM_59_SUM.csv,0.9665161699600475,0.7320665677817982,1.753968253968254,0.9466501722042647
