Technique,AUC,Credibility,LagGlobal,MAP
50Traced_NONETRACED_RFNONE_RAW_LSA_91_SUM.csv,0.9003887269193391,0.7967010175791366,2.1785714285714284,0.8799674888951153
