Technique,AUC,Credibility,LagGlobal,MAP
50Traced_NONETRACED_SUM_RAW_LSA_48_MAX.csv,0.9521751160781773,0.46410190476190477,2.1468253968253967,0.9243624528325672
