Technique,AUC,Credibility,LagGlobal,MAP
50Traced_NONETRACED_SUM_RAW_LSA_56_SUM.csv,0.9703798185941044,0.7528811780731928,1.4404761904761905,0.9439476083875105
