Technique,AUC,Credibility,LagGlobal,MAP
50Traced_NONETRACED_RFUNDER_MULTI_LSA_40_SUM.csv,0.9155227567217362,0.803555966852512,2.2182539682539684,0.8257755191410002
