Technique,AUC,Credibility,LagGlobal,MAP
50Traced_NONETRACED_SUM_MULTI_LSA_94_SUM.csv,0.9537678166504697,0.7336025785747936,0.9801587301587301,0.9152582588523512
