Technique,AUC,Credibility,LagGlobal,MAP
50Traced_NONETRACED_SUM_MULTI_LSA_91_SUM.csv,0.9508084980023755,0.7335522260809711,1.7142857142857142,0.9200495501578416
