Technique,AUC,Credibility,LagGlobal,MAP
50Traced_NONETRACED_MAX_MULTI_LSA_67_SUM.csv,0.9609045999352122,0.754239526051351,2.1547619047619047,0.9409651795970948
