Technique,AUC,Credibility,LagGlobal,MAP
50Traced_NONETRACED_RFUNDER_SINGLE_VSM_75_MEDIAN.csv,0.9112845535039413,0.8473667857142857,2.2182539682539684,0.9037411134023297
