Technique,AUC,Credibility,LagGlobal,MAP
50Traced_NONETRACED_SUM_SINGLE_VSM_95_MAX.csv,0.9576010959939532,-0.23314119047619047,1.0833333333333333,0.91880105342428
