Technique,AUC,Credibility,LagGlobal,MAP
50Traced_NONETRACED_MAX_SINGLE_VSM_32_SUM.csv,0.9780733722060253,0.7368730479073566,0.8492063492063492,0.9600566799349997
