Technique,AUC,Credibility,LagGlobal,MAP
50Traced_NONETRACED_RFUNDER_MULTI_VSM_39_MEDIAN.csv,0.8934948979591837,0.8301360714285714,2.2182539682539684,0.8238793518054731
