Technique,AUC,Credibility,LagGlobal,MAP
50Traced_NONETRACED_MAX_MULTI_VSM_2_SUM.csv,0.9460675143073103,0.7398223504890171,2.138888888888889,0.9291425503891431
