Technique,AUC,Credibility,LagGlobal,MAP
50Traced_NONETRACED_RFNONE_MULTI_LSA_57_SUM.csv,0.9376316002591513,0.8378307132193888,2.0198412698412698,0.9146933844083913
