Technique,AUC,Credibility,LagGlobal,MAP
50Traced_NONETRACED_MEDIAN_MULTI_LSA_91_SUM.csv,0.7756350556095455,0.6638530335992265,2.2976190476190474,0.6830364099100497
