Technique,AUC,Credibility,LagGlobal,MAP
50Traced_NONETRACED_RFUNDER_SINGLE_LSA_85_SUM.csv,0.9196158622179031,0.8286907808548883,2.1547619047619047,0.889814870996406
