Technique,AUC,Credibility,LagGlobal,MAP
50Traced_NONETRACED_MEDIAN_RAW_LSA_57_SUM.csv,0.7837875229456862,0.6646276325805633,2.2936507936507935,0.6877577665413497
