Technique,AUC,Credibility,LagGlobal,MAP
50Traced_NONETRACED_SUM_MULTI_VSM_89_MAX.csv,0.9189781071158621,-0.1922567857142857,2.253968253968254,0.8803357840691213
