Technique,AUC,Credibility,LagGlobal,MAP
50Traced_NONETRACED_SUM_RAW_VSM_73_MEDIAN.csv,0.9614681189936292,0.4152925,1.5277777777777777,0.9417864729810096
