Technique,AUC,Credibility,LagGlobal,MAP
50Traced_NONETRACED_RFSMOTE_MULTI_VSM_12_MEDIAN.csv,0.9004325936723896,0.8162821428571428,2.2182539682539684,0.872647734556571
