Technique,AUC,Credibility,LagGlobal,MAP
50Traced_NONETRACED_RFSMOTE_MULTI_VSM_74_SUM.csv,0.8583238851095993,0.7532863388477592,2.126984126984127,0.7686385912283814
