Technique,AUC,Credibility,LagGlobal,MAP
50Traced_NONETRACED_SUM_MULTI_VSM_35_SUM.csv,0.9503360868156786,0.7346128740150286,2.2182539682539684,0.9155690164439682
