Technique,AUC,Credibility,LagGlobal,MAP
50Traced_NONETRACED_RFUNDER_MULTI_LSA_75_MEDIAN.csv,0.8975002699492495,0.817647738095238,2.0198412698412698,0.7788411400523182
