Technique,AUC,Credibility,LagGlobal,MAP
50Traced_NONETRACED_RFSMOTE_RAW_VSM_69_MAX.csv,0.8761978997948385,0.7720852380952381,2.1785714285714284,0.7790565667445771
