Technique,AUC,Credibility,LagGlobal,MAP
50Traced_NONETRACED_RFUNDER_MULTI_VSM_54_MAX.csv,0.9130662185509125,0.830959761904762,2.123015873015873,0.8047684099792645
