Technique,AUC,Credibility,LagGlobal,MAP
50Traced_NONETRACED_RFUNDER_MULTI_LSA_37_MAX.csv,0.9116118669690099,0.8366958333333333,2.2936507936507935,0.829799773044875
