Technique,AUC,Credibility,LagGlobal,MAP
50Traced_NONETRACED_RFNONE_MULTI_LSA_77_MAX.csv,0.9266075477810172,0.8432519047619048,2.2182539682539684,0.9157221846333686
