Technique,AUC,Credibility,LagGlobal,MAP
50Traced_NONETRACED_RFSMOTE_SINGLE_VSM_39_MAX.csv,0.8707010582010581,0.770965119047619,2.2261904761904763,0.7857571357139944
