Technique,AUC,Credibility,LagGlobal,MAP
50Traced_NONETRACED_SUM_SINGLE_LSA_65_SUM.csv,0.9619540276428031,0.7447153562224058,1.0277777777777777,0.9268320127477319
