Technique,AUC,Credibility,LagGlobal,MAP
50Traced_NONETRACED_RFSMOTE_MULTI_VSM_99_MEDIAN.csv,0.8711667206565166,0.7811184523809523,2.2936507936507935,0.7527010607892514
