Technique,AUC,Credibility,LagGlobal,MAP
50Traced_NONETRACED_SUM_MULTI_VSM_19_SUM.csv,0.9355732372314004,0.7328389915716418,2.0952380952380953,0.891466951569165
