Technique,AUC,Credibility,LagGlobal,MAP
50Traced_NONETRACED_MAX_RAW_LSA_81_MEDIAN.csv,0.9393322805312602,0.7921505952380953,2.134920634920635,0.9159521184068428
