Technique,AUC,Credibility,LagGlobal,MAP
50Traced_NONETRACED_RFNONE_SINGLE_VSM_71_SUM.csv,0.890555825504805,0.7982243396398867,2.2182539682539684,0.8683971210213611
