Technique,AUC,Credibility,LagGlobal,MAP
50Traced_NONETRACED_SUM_MULTI_VSM_73_SUM.csv,0.9191198304718713,0.7255953514921993,2.265873015873016,0.8568128111078868
