Technique,AUC,Credibility,LagGlobal,MAP
50Traced_NONETRACED_RFUNDER_MULTI_VSM_93_SUM.csv,0.9160457833927222,0.8340224080675136,2.2182539682539684,0.8882392789614236
