Technique,AUC,Credibility,LagGlobal,MAP
50Traced_NONETRACED_RFNONE_MULTI_LSA_49_SUM.csv,0.9021062790195443,0.8172658653992627,2.1547619047619047,0.863862195912934
