Technique,AUC,Credibility,LagGlobal,MAP
50Traced_NONETRACED_RFUNDER_SINGLE_VSM_78_SUM.csv,0.918822886297376,0.8370690521890138,2.2182539682539684,0.905260424807655
