Technique,AUC,Credibility,LagGlobal,MAP
50Traced_NONETRACED_RFUNDER_RAW_LSA_76_SUM.csv,0.8922801263362488,0.8172658653992627,2.2182539682539684,0.8673216780288604
