Technique,AUC,Credibility,LagGlobal,MAP
50Traced_NONETRACED_RFNONE_MULTI_VSM_36_MEDIAN.csv,0.9032434402332361,0.8237301190476191,2.123015873015873,0.8631132263322014
