Technique,AUC,Credibility,LagGlobal,MAP
50Traced_NONETRACED_MEDIAN_MULTI_VSM_67_SUM.csv,0.7843544163697225,0.6638175589951789,2.2936507936507935,0.6921381205144344
