Technique,AUC,Credibility,LagGlobal,MAP
50Traced_NONETRACED_SUM_RAW_VSM_13_SUM.csv,0.9759677680596047,0.752419301147001,1.0793650793650793,0.9553596836579724
