Technique,AUC,Credibility,LagGlobal,MAP
50Traced_NONETRACED_RFSMOTE_SINGLE_VSM_65_MAX.csv,0.89722357196847,0.8280867857142857,2.2936507936507935,0.8351775611244899
