Technique,AUC,Credibility,LagGlobal,MAP
50Traced_NONETRACED_MEDIAN_RAW_VSM_4_SUM.csv,0.782542382032178,0.6639858749894274,2.2936507936507935,0.6836433288971148
