Technique,AUC,Credibility,LagGlobal,MAP
50Traced_NONETRACED_RFUNDER_RAW_LSA_81_MAX.csv,0.8645462153115214,0.7947740476190476,2.2936507936507935,0.8398302237290258
