Technique,AUC,Credibility,LagGlobal,MAP
50Traced_NONETRACED_MEDIAN_SINGLE_LSA_14_SUM.csv,0.782734720872476,0.6644077712400145,2.2936507936507935,0.680405104634756
