Technique,AUC,Credibility,LagGlobal,MAP
50Traced_NONETRACED_MAX_SINGLE_LSA_20_SUM.csv,0.9667220062628226,0.7301980190171814,1.3492063492063493,0.9465021245846106
