Technique,AUC,Credibility,LagGlobal,MAP
50Traced_NONETRACED_RFUNDER_RAW_VSM_97_SUM.csv,0.8782731346506857,0.7945379017605219,2.2182539682539684,0.845976905512091
