Technique,AUC,Credibility,LagGlobal,MAP
50Traced_NONETRACED_RFSMOTE_RAW_LSA_80_SUM.csv,0.8711700950221357,0.7791828138805106,2.2936507936507935,0.8358560411746112
