Technique,AUC,Credibility,LagGlobal,MAP
50Traced_NONETRACED_SUM_RAW_VSM_49_SUM.csv,0.9504811845373069,0.7467636250940807,2.123015873015873,0.9298728961562899
