Technique,AUC,Credibility,LagGlobal,MAP
50Traced_NONETRACED_MAX_SINGLE_VSM_81_MEDIAN.csv,0.9888004805096642,0.7536929761904761,0.9523809523809523,0.979903999994649
