Technique,AUC,Credibility,LagGlobal,MAP
50Traced_NONETRACED_RFNONE_SINGLE_LSA_55_MAX.csv,0.8754116726055502,0.7819157142857143,2.2182539682539684,0.8482332328998673
