Technique,AUC,Credibility,LagGlobal,MAP
50Traced_NONETRACED_SUM_RAW_VSM_75_SUM.csv,0.9377632005183025,0.7353456596489112,1.8055555555555556,0.9045405670361505
