Technique,AUC,Credibility,LagGlobal,MAP
50Traced_NONETRACED_RFNONE_RAW_LSA_96_MEDIAN.csv,0.8838475866537091,0.7984732142857143,2.2936507936507935,0.8626443365571521
