Technique,AUC,Credibility,LagGlobal,MAP
50Traced_NONETRACED_RFUNDER_MULTI_VSM_2_SUM.csv,0.9018869452542922,0.7814677969716357,2.0515873015873014,0.7985856262801514
