Technique,AUC,Credibility,LagGlobal,MAP
50Traced_NONETRACED_RFUNDER_SINGLE_LSA_76_MEDIAN.csv,0.8872860652197386,0.8279830952380952,2.2182539682539684,0.8434878609240802
