Technique,AUC,Credibility,LagGlobal,MAP
50Traced_NONETRACED_RFSMOTE_RAW_LSA_46_SUM.csv,0.8575410322859303,0.7837527800627608,2.2976190476190474,0.8151684200893987
