Technique,AUC,Credibility,LagGlobal,MAP
50Traced_NONETRACED_MAX_SINGLE_VSM_22_MAX.csv,0.978518788467768,0.7391392857142857,1.0317460317460319,0.9597276872444944
