Technique,AUC,Credibility,LagGlobal,MAP
50Traced_NONETRACED_RFSMOTE_MULTI_VSM_8_MAX.csv,0.87555002159594,0.7740740476190476,2.2222222222222223,0.7157367408679055
