Technique,AUC,Credibility,LagGlobal,MAP
50Traced_NONETRACED_RFSMOTE_MULTI_LSA_74_SUM.csv,0.9341222600151171,0.8286907808548883,2.0595238095238093,0.9034327701339375
