Technique,AUC,Credibility,LagGlobal,MAP
50Traced_NONETRACED_SUM_MULTI_LSA_37_SUM.csv,0.9431486880466472,0.7255940479014665,1.5952380952380953,0.9111194154967255
