Technique,AUC,Credibility,LagGlobal,MAP
50Traced_NONETRACED_SUM_MULTI_LSA_84_SUM.csv,0.9327084008206458,0.7282376611774474,1.8134920634920635,0.8842163916896896
