Technique,AUC,Credibility,LagGlobal,MAP
50Traced_NONETRACED_MAX_MULTI_LSA_17_SUM.csv,0.9639314058956916,0.757884853788376,1.5793650793650793,0.9461505818697722
