Technique,AUC,Credibility,LagGlobal,MAP
50Traced_NONETRACED_RFUNDER_SINGLE_LSA_83_MEDIAN.csv,0.9055650037792895,0.8398278571428571,2.123015873015873,0.8919321788945681
