Technique,AUC,Credibility,LagGlobal,MAP
50Traced_NONETRACED_MAX_MULTI_VSM_81_MEDIAN.csv,0.9692055393586005,0.7446641666666667,1.9325396825396826,0.9510725689233105
