Technique,AUC,Credibility,LagGlobal,MAP
50Traced_NONETRACED_SUM_SINGLE_LSA_22_MEDIAN.csv,0.9714359950329339,-0.2775802380952381,1.4523809523809523,0.9485096529121778
