Technique,AUC,Credibility,LagGlobal,MAP
50Traced_NONETRACED_SUM_SINGLE_VSM_82_MEDIAN.csv,0.9570477000323938,-0.34274130952380955,1.1071428571428572,0.9205807019395433
