Technique,AUC,Credibility,LagGlobal,MAP
50Traced_NONETRACED_RFNONE_RAW_VSM_2_MEDIAN.csv,0.9038643235071806,0.813392738095238,2.2182539682539684,0.8848557150580809
