Technique,AUC,Credibility,LagGlobal,MAP
50Traced_NONETRACED_MAX_MULTI_LSA_30_MEDIAN.csv,0.9676330849800238,0.7439247619047619,1.5436507936507937,0.9531719134487668
