Technique,AUC,Credibility,LagGlobal,MAP
50Traced_NONETRACED_RFSMOTE_SINGLE_LSA_31_SUM.csv,0.8670803638915884,0.7648460494849154,2.2182539682539684,0.803683851528695
