Technique,AUC,Credibility,LagGlobal,MAP
50Traced_NONETRACED_RFSMOTE_RAW_LSA_30_MEDIAN.csv,0.8717943526616996,0.7910877380952381,2.2182539682539684,0.7934740598005224
