Technique,AUC,Credibility,LagGlobal,MAP
50Traced_NONETRACED_RFSMOTE_MULTI_LSA_86_SUM.csv,0.8799231994385056,0.8022894071028593,2.2936507936507935,0.8324275915629507
