Technique,AUC,Credibility,LagGlobal,MAP
50Traced_NONETRACED_RFNONE_SINGLE_LSA_73_MEDIAN.csv,0.8783170014037361,0.7715713095238095,2.2182539682539684,0.8424381912525936
