Technique,AUC,Credibility,LagGlobal,MAP
50Traced_NONETRACED_SUM_MULTI_VSM_85_SUM.csv,0.9339434186372962,0.7315086217320854,1.7777777777777777,0.8959530308544655
