Technique,AUC,Credibility,LagGlobal,MAP
50Traced_NONETRACED_MAX_SINGLE_VSM_88_MEDIAN.csv,0.9707307526185076,0.7435916666666667,1.1587301587301588,0.9509379250919388
