Technique,AUC,Credibility,LagGlobal,MAP
50Traced_NONETRACED_RFNONE_MULTI_LSA_45_MAX.csv,0.8881262822589353,0.8138045238095238,2.2936507936507935,0.8672668432916619
