Technique,AUC,Credibility,LagGlobal,MAP
50Traced_NONETRACED_MAX_MULTI_VSM_52_SUM.csv,0.9756539520570131,0.7544040661984973,1.2698412698412698,0.9603389781973845
