Technique,AUC,Credibility,LagGlobal,MAP
50Traced_NONETRACED_RFNONE_SINGLE_LSA_24_SUM.csv,0.8791774646366483,0.8104109161258873,2.2182539682539684,0.8587801098745467
