Technique,AUC,Credibility,LagGlobal,MAP
50Traced_NONETRACED_SUM_RAW_VSM_98_SUM.csv,0.9378306878306879,0.7549436378606673,1.7619047619047619,0.9043328668851682
