Technique,AUC,Credibility,LagGlobal,MAP
50Traced_NONETRACED_RFSMOTE_RAW_LSA_91_MAX.csv,0.890299373717741,0.7970958333333333,2.2936507936507935,0.8330976969220816
