Technique,AUC,Credibility,LagGlobal,MAP
50Traced_NONETRACED_MAX_SINGLE_LSA_75_SUM.csv,0.9634083792247059,0.7245658337345379,1.2738095238095237,0.9410231275027459
