Technique,AUC,Credibility,LagGlobal,MAP
50Traced_NONETRACED_RFUNDER_SINGLE_VSM_28_MEDIAN.csv,0.9207192797754022,0.8542078571428572,2.2182539682539684,0.9093821460114383
