Technique,AUC,Credibility,LagGlobal,MAP
50Traced_NONETRACED_RFNONE_MULTI_LSA_30_SUM.csv,0.8830546107331821,0.8104109161258873,2.2182539682539684,0.8618442023952455
