Technique,AUC,Credibility,LagGlobal,MAP
50Traced_NONETRACED_RFUNDER_RAW_VSM_92_MEDIAN.csv,0.8825214609653385,0.8178095238095238,2.2936507936507935,0.8507959763845301
