Technique,AUC,Credibility,LagGlobal,MAP
50Traced_NONETRACED_RFSMOTE_RAW_LSA_89_SUM.csv,0.8669386405355792,0.7890844072753862,2.2936507936507935,0.8380644362855175
