Technique,AUC,Credibility,LagGlobal,MAP
50Traced_NONETRACED_RFUNDER_RAW_LSA_47_SUM.csv,0.8986138106036066,0.8157425433385126,2.2182539682539684,0.8814366690857577
