Technique,AUC,Credibility,LagGlobal,MAP
50Traced_NONETRACED_MAX_RAW_LSA_9_MAX.csv,0.9484936831875607,0.7976547619047619,2.3095238095238093,0.9342574587742476
