Technique,AUC,Credibility,LagGlobal,MAP
50Traced_NONETRACED_SUM_SINGLE_LSA_92_MAX.csv,0.9623960695389266,-0.4190092857142857,1.0158730158730158,0.9099943271073165
