Technique,AUC,Credibility,LagGlobal,MAP
50Traced_NONETRACED_SUM_MULTI_VSM_88_SUM.csv,0.9385865457294029,0.7256291428322587,2.0476190476190474,0.88676369952349
