Technique,AUC,Credibility,LagGlobal,MAP
50Traced_NONETRACED_MAX_RAW_VSM_48_SUM.csv,0.9451598099557283,0.770099274245102,2.1587301587301586,0.9270428238189651
