Technique,AUC,Credibility,LagGlobal,MAP
50Traced_NONETRACED_MEDIAN_MULTI_VSM_35_MEDIAN.csv,0.7786652359356441,0.6758170238095238,2.2936507936507935,0.6796453062722457
