Technique,AUC,Credibility,LagGlobal,MAP
50Traced_NONETRACED_RFUNDER_MULTI_VSM_73_MAX.csv,0.9059395583630278,0.8212909523809524,2.2936507936507935,0.7816565831649299
