Technique,AUC,Credibility,LagGlobal,MAP
50Traced_NONETRACED_RFUNDER_RAW_VSM_25_MEDIAN.csv,0.9038204567541303,0.8189190476190477,2.2182539682539684,0.8877790980705802
