Technique,AUC,Credibility,LagGlobal,MAP
50Traced_NONETRACED_RFSMOTE_MULTI_VSM_50_MAX.csv,0.8768963934780262,0.7639817857142858,2.2182539682539684,0.788054060895016
