Technique,AUC,Credibility,LagGlobal,MAP
50Traced_NONETRACED_SUM_MULTI_VSM_12_SUM.csv,0.9572602850664074,0.7376854904257879,1.6746031746031746,0.9209784373496113
