Technique,AUC,Credibility,LagGlobal,MAP
50Traced_NONETRACED_RFUNDER_RAW_LSA_75_SUM.csv,0.912600556095454,0.8294524418852633,2.2182539682539684,0.8988596593838536
