Technique,AUC,Credibility,LagGlobal,MAP
50Traced_NONETRACED_SUM_MULTI_VSM_69_SUM.csv,0.9425143073102256,0.7285830476639213,2.0595238095238093,0.8993117400097055
