Technique,AUC,Credibility,LagGlobal,MAP
50Traced_NONETRACED_MAX_RAW_VSM_32_MAX.csv,0.9579351581902603,0.8023498809523809,2.3253968253968256,0.9466580728380009
