Technique,AUC,Credibility,LagGlobal,MAP
50Traced_NONETRACED_RFNONE_RAW_LSA_31_MAX.csv,0.865794730590649,0.7926477380952381,2.2936507936507935,0.8415268755068029
