Technique,AUC,Credibility,LagGlobal,MAP
50Traced_NONETRACED_SUM_SINGLE_VSM_57_MAX.csv,0.9741557337220602,-0.25871988095238097,1.2142857142857142,0.9522799391173675
