Technique,AUC,Credibility,LagGlobal,MAP
50Traced_NONETRACED_RFUNDER_RAW_VSM_50_MAX.csv,0.8753441852931648,0.809610119047619,2.2936507936507935,0.8520068048798013
