Technique,AUC,Credibility,LagGlobal,MAP
50Traced_NONETRACED_SUM_SINGLE_VSM_90_MAX.csv,0.9674407461397256,-0.25256595238095236,0.7301587301587301,0.9300436794919558
