Technique,AUC,Credibility,LagGlobal,MAP
50Traced_NONETRACED_SUM_RAW_VSM_90_SUM.csv,0.9670155760716985,0.7416287292776832,2.0476190476190474,0.948411002686904
