Technique,AUC,Credibility,LagGlobal,MAP
50Traced_NONETRACED_MAX_RAW_VSM_61_SUM.csv,0.9372637944066515,0.7766392288290341,2.130952380952381,0.9158330938191903
