Technique,AUC,Credibility,LagGlobal,MAP
50Traced_NONETRACED_MEDIAN_RAW_VSM_73_SUM.csv,0.7810306662347478,0.6643343483041529,2.2936507936507935,0.6831277070178587
