Technique,AUC,Credibility,LagGlobal,MAP
50Traced_NONETRACED_RFUNDER_RAW_VSM_95_SUM.csv,0.8987015441097073,0.821835831581513,2.2182539682539684,0.8832347984745852
