Technique,AUC,Credibility,LagGlobal,MAP
50Traced_NONETRACED_SUM_MULTI_LSA_40_MAX.csv,0.932391210452435,-0.14315083333333334,2.234126984126984,0.900226528104523
