Technique,AUC,Credibility,LagGlobal,MAP
50Traced_NONETRACED_RFUNDER_MULTI_VSM_50_SUM.csv,0.8998893208076884,0.8264057977637632,2.2182539682539684,0.8533723176170342
