Technique,AUC,Credibility,LagGlobal,MAP
50Traced_NONETRACED_RFUNDER_RAW_VSM_46_MAX.csv,0.8823088759313249,0.8047096428571429,2.2182539682539684,0.8634875879983172
