Technique,AUC,Credibility,LagGlobal,MAP
50Traced_NONETRACED_RFUNDER_MULTI_VSM_30_SUM.csv,0.9224806986286579,0.8370690521890138,2.2182539682539684,0.8892363960151489
