Technique,AUC,Credibility,LagGlobal,MAP
50Traced_NONETRACED_RFSMOTE_MULTI_LSA_25_SUM.csv,0.8545479699816434,0.7563329829692593,2.126984126984127,0.7762461533289706
