Technique,AUC,Credibility,LagGlobal,MAP
50Traced_NONETRACED_MEDIAN_MULTI_LSA_19_MAX.csv,0.7780207321023648,0.6757115476190476,2.2936507936507935,0.6794403287689736
