Technique,AUC,Credibility,LagGlobal,MAP
50Traced_NONETRACED_RFUNDER_RAW_VSM_89_SUM.csv,0.8906131897203325,0.8061651597740281,2.2182539682539684,0.8694730463179601
