Technique,AUC,Credibility,LagGlobal,MAP
50Traced_NONETRACED_RFUNDER_SINGLE_VSM_73_MAX.csv,0.9178848126552208,0.8514675,2.2182539682539684,0.8969151448115427
