Technique,AUC,Credibility,LagGlobal,MAP
50Traced_NONETRACED_RFSMOTE_RAW_VSM_72_MAX.csv,0.8739539466580282,0.7884910714285714,2.2936507936507935,0.8025831555844382
