Technique,AUC,Credibility,LagGlobal,MAP
50Traced_NONETRACED_RFNONE_SINGLE_LSA_4_MEDIAN.csv,0.9360119047619047,0.8537889285714285,2.123015873015873,0.9286896625581559
