Technique,AUC,Credibility,LagGlobal,MAP
50Traced_NONETRACED_RFNONE_MULTI_LSA_42_MAX.csv,0.8896346236907462,0.8269796428571429,2.2936507936507935,0.8594260754317123
