Technique,AUC,Credibility,LagGlobal,MAP
50Traced_NONETRACED_RFNONE_RAW_LSA_86_SUM.csv,0.8877551020408163,0.8119342381866375,2.1785714285714284,0.8706469491175414
