Technique,AUC,Credibility,LagGlobal,MAP
50Traced_NONETRACED_MEDIAN_SINGLE_LSA_19_SUM.csv,0.7784526509016305,0.6638790916011165,2.2976190476190474,0.681475204321375
