Technique,AUC,Credibility,LagGlobal,MAP
50Traced_NONETRACED_RFSMOTE_MULTI_LSA_81_MAX.csv,0.8912543191879927,0.8100994047619048,2.2976190476190474,0.7830808919171467
