Technique,AUC,Credibility,LagGlobal,MAP
50Traced_NONETRACED_MEDIAN_MULTI_LSA_10_MAX.csv,0.7782501889644746,0.6757257142857143,2.2976190476190474,0.679549272540435
