Technique,AUC,Credibility,LagGlobal,MAP
50Traced_NONETRACED_RFNONE_MULTI_LSA_16_SUM.csv,0.8864087301587302,0.8157425433385126,2.2182539682539684,0.8659879478258939
