Technique,AUC,Credibility,LagGlobal,MAP
50Traced_NONETRACED_MAX_MULTI_VSM_25_SUM.csv,0.9377024619371559,0.7264918695716783,2.2936507936507935,0.9158807035697802
