Technique,AUC,Credibility,LagGlobal,MAP
50Traced_NONETRACED_MEDIAN_RAW_LSA_68_SUM.csv,0.7812499999999999,0.6643622073719161,2.2936507936507935,0.6844664525008454
