Technique,AUC,Credibility,LagGlobal,MAP
50Traced_NONETRACED_MEDIAN_MULTI_LSA_89_SUM.csv,0.7856063060144692,0.6634308128224646,2.2936507936507935,0.688849531036924
