Technique,AUC,Credibility,LagGlobal,MAP
50Traced_NONETRACED_RFSMOTE_RAW_LSA_15_SUM.csv,0.8897527264874203,0.7967010175791366,2.2222222222222223,0.8623054318293587
