Technique,AUC,Credibility,LagGlobal,MAP
50Traced_NONETRACED_RFNONE_RAW_VSM_22_MEDIAN.csv,0.9044514631249326,0.8049809523809524,2.2936507936507935,0.883414854907836
