Technique,AUC,Credibility,LagGlobal,MAP
50Traced_NONETRACED_RFSMOTE_RAW_LSA_55_MEDIAN.csv,0.8669251430731024,0.7762295238095238,2.2222222222222223,0.7781961506426007
