Technique,AUC,Credibility,LagGlobal,MAP
50Traced_NONETRACED_RFNONE_SINGLE_VSM_48_SUM.csv,0.904623555771515,0.7967010175791366,2.2182539682539684,0.8828518793098782
