Technique,AUC,Credibility,LagGlobal,MAP
50Traced_NONETRACED_MAX_MULTI_LSA_90_MEDIAN.csv,0.9697251916639671,0.7518785714285714,1.3492063492063493,0.956465983539113
