Technique,AUC,Credibility,LagGlobal,MAP
50Traced_NONETRACED_MAX_MULTI_VSM_32_MEDIAN.csv,0.9725427869560523,0.75229,1.5198412698412698,0.9594362941663982
