Technique,AUC,Credibility,LagGlobal,MAP
50Traced_NONETRACED_RFUNDER_SINGLE_VSM_65_MEDIAN.csv,0.9064760824964906,0.8410070238095239,2.2936507936507935,0.8876746348041052
