Technique,AUC,Credibility,LagGlobal,MAP
50Traced_NONETRACED_RFSMOTE_MULTI_VSM_82_SUM.csv,0.8602675197062952,0.7791828138805106,2.1825396825396823,0.7752095996534958
