Technique,AUC,Credibility,LagGlobal,MAP
50Traced_NONETRACED_MEDIAN_RAW_VSM_90_SUM.csv,0.7819012525645178,0.6645940116721645,2.2936507936507935,0.6862373041226977
