Technique,AUC,Credibility,LagGlobal,MAP
50Traced_NONETRACED_SUM_RAW_LSA_72_SUM.csv,0.9353032879818594,0.7443599428934637,2.2896825396825395,0.9121485505242322
