Technique,AUC,Credibility,LagGlobal,MAP
50Traced_NONETRACED_RFNONE_SINGLE_LSA_57_SUM.csv,0.9067426573804126,0.822597492611888,2.2182539682539684,0.8943760727067992
