Technique,AUC,Credibility,LagGlobal,MAP
50Traced_NONETRACED_MEDIAN_SINGLE_VSM_51_SUM.csv,0.7796977918151388,0.6644379599086526,2.2936507936507935,0.6829870857009244
