Technique,AUC,Credibility,LagGlobal,MAP
50Traced_NONETRACED_MAX_RAW_LSA_15_SUM.csv,0.9596054691717957,0.7718697542521415,2.2976190476190474,0.944781751275237
