Technique,AUC,Credibility,LagGlobal,MAP
50Traced_NONETRACED_RFUNDER_RAW_LSA_99_MAX.csv,0.8985395745599827,0.8205796428571429,2.2936507936507935,0.8822419677775853
