Technique,AUC,Credibility,LagGlobal,MAP
50Traced_NONETRACED_RFSMOTE_MULTI_LSA_3_SUM.csv,0.844235908649174,0.7555713219388843,2.2976190476190474,0.7615177911562512
