Technique,AUC,Credibility,LagGlobal,MAP
50Traced_NONETRACED_SUM_RAW_VSM_44_SUM.csv,0.9281496328690206,0.7309315407153466,1.9642857142857142,0.8893129928307101
