Technique,AUC,Credibility,LagGlobal,MAP
50Traced_NONETRACED_MAX_RAW_LSA_53_MEDIAN.csv,0.9616672065651658,0.7998051190476191,1.9841269841269842,0.9459774169907202
