Technique,AUC,Credibility,LagGlobal,MAP
50Traced_NONETRACED_RFSMOTE_SINGLE_LSA_70_MEDIAN.csv,0.8396096533851636,0.7311096428571429,2.2182539682539684,0.7802800731969888
