Technique,AUC,Credibility,LagGlobal,MAP
50Traced_NONETRACED_MAX_MULTI_VSM_49_MAX.csv,0.9583637026239068,0.7470873809523809,2.119047619047619,0.9412703872663383
