Technique,AUC,Credibility,LagGlobal,MAP
50Traced_NONETRACED_RFSMOTE_MULTI_VSM_89_SUM.csv,0.858421741712558,0.766632482528107,2.2182539682539684,0.8055901268251613
