Technique,AUC,Credibility,LagGlobal,MAP
50Traced_NONETRACED_SUM_RAW_LSA_84_SUM.csv,0.9681797322103445,0.747045644543766,1.0198412698412698,0.9458716165731803
