Technique,AUC,Credibility,LagGlobal,MAP
50Traced_NONETRACED_SUM_MULTI_LSA_70_SUM.csv,0.9347667638483966,0.7245041235350599,1.4761904761904763,0.8832104226353006
