Technique,AUC,Credibility,LagGlobal,MAP
50Traced_NONETRACED_RFSMOTE_MULTI_LSA_70_MEDIAN.csv,0.871824721952273,0.8083997619047619,2.2182539682539684,0.7799980709894893
