Technique,AUC,Credibility,LagGlobal,MAP
50Traced_NONETRACED_SUM_MULTI_VSM_27_MEDIAN.csv,0.9496949573480186,-0.14575535714285714,2.1944444444444446,0.9079058455596345
