Technique,AUC,Credibility,LagGlobal,MAP
50Traced_NONETRACED_RFNONE_SINGLE_LSA_7_MEDIAN.csv,0.8890542328042328,0.8239773809523809,2.2182539682539684,0.8676549484451652
