Technique,AUC,Credibility,LagGlobal,MAP
50Traced_NONETRACED_RFSMOTE_MULTI_VSM_44_SUM.csv,0.8398188640535579,0.7519046223776658,2.2182539682539684,0.7766820096697636
