Technique,AUC,Credibility,LagGlobal,MAP
50Traced_NONETRACED_RFUNDER_MULTI_LSA_97_MEDIAN.csv,0.8738628387863081,0.7792284523809524,2.2182539682539684,0.6650855919251878
