Technique,AUC,Credibility,LagGlobal,MAP
50Traced_NONETRACED_MAX_MULTI_VSM_68_SUM.csv,0.9621227459237662,0.7443226728428523,1.626984126984127,0.9400557304779552
