Technique,AUC,Credibility,LagGlobal,MAP
50Traced_NONETRACED_RFUNDER_SINGLE_VSM_63_SUM.csv,0.9078292031098153,0.8264057977637632,2.2182539682539684,0.8874401079549878
