Technique,AUC,Credibility,LagGlobal,MAP
50Traced_NONETRACED_RFUNDER_RAW_VSM_45_SUM.csv,0.8832199546485261,0.8119342381866375,2.2182539682539684,0.8703362173744921
