Technique,AUC,Credibility,LagGlobal,MAP
50Traced_NONETRACED_MAX_MULTI_LSA_69_SUM.csv,0.9563896987366375,0.7396620038588754,1.8214285714285714,0.9352955031868802
