Technique,AUC,Credibility,LagGlobal,MAP
50Traced_NONETRACED_RFNONE_SINGLE_VSM_45_SUM.csv,0.8894422848504481,0.8131415145821319,2.2182539682539684,0.8746787214737254
