Technique,AUC,Credibility,LagGlobal,MAP
50Traced_NONETRACED_RFNONE_MULTI_VSM_77_MAX.csv,0.8992549400712666,0.8288876190476191,2.2182539682539684,0.8538117011146436
