Technique,AUC,Credibility,LagGlobal,MAP
50Traced_NONETRACED_RFUNDER_RAW_VSM_8_SUM.csv,0.8847147986178598,0.8096492550955123,2.2182539682539684,0.8673408801973186
