Technique,AUC,Credibility,LagGlobal,MAP
50Traced_NONETRACED_SUM_RAW_VSM_29_SUM.csv,0.972411186696901,0.7508856733424207,0.8333333333333334,0.9493409210375898
