Technique,AUC,Credibility,LagGlobal,MAP
50Traced_NONETRACED_SUM_SINGLE_VSM_99_SUM.csv,0.9701908541194255,0.7418799923371792,1.1706349206349207,0.9441584966503791
