Technique,AUC,Credibility,LagGlobal,MAP
50Traced_NONETRACED_RFUNDER_SINGLE_LSA_71_SUM.csv,0.9184179624230644,0.8370690521890138,2.2182539682539684,0.9027348175316666
