Technique,AUC,Credibility,LagGlobal,MAP
50Traced_NONETRACED_MAX_SINGLE_LSA_54_MEDIAN.csv,0.9745134164777022,0.7452470238095238,1.6468253968253967,0.9569711293395092
