Technique,AUC,Credibility,LagGlobal,MAP
50Traced_NONETRACED_RFNONE_RAW_VSM_7_SUM.csv,0.8860746679624231,0.8006768664772101,2.2182539682539684,0.8698398113043453
