Technique,AUC,Credibility,LagGlobal,MAP
50Traced_NONETRACED_SUM_MULTI_VSM_48_SUM.csv,0.9540580120937264,0.7389227822699957,1.3333333333333333,0.9082795496895087
