Technique,AUC,Credibility,LagGlobal,MAP
50Traced_NONETRACED_RFSMOTE_RAW_VSM_34_MEDIAN.csv,0.8710857358816542,0.8011689285714285,2.2936507936507935,0.8224829405389662
