Technique,AUC,Credibility,LagGlobal,MAP
50Traced_NONETRACED_RFNONE_MULTI_LSA_82_MEDIAN.csv,0.9032873069862866,0.8355065476190476,2.2182539682539684,0.8470856248414307
