Technique,AUC,Credibility,LagGlobal,MAP
50Traced_NONETRACED_MEDIAN_RAW_LSA_46_SUM.csv,0.7850157920310982,0.6651331647703329,2.2936507936507935,0.6883709769313788
