Technique,AUC,Credibility,LagGlobal,MAP
50Traced_NONETRACED_RFNONE_MULTI_VSM_34_SUM.csv,0.950059388834899,0.8385923742497639,2.0198412698412698,0.9317244828299829
