Technique,AUC,Credibility,LagGlobal,MAP
50Traced_NONETRACED_RFUNDER_RAW_VSM_71_MEDIAN.csv,0.9034189072454379,0.8295705952380953,2.2936507936507935,0.8903887216165992
