Technique,AUC,Credibility,LagGlobal,MAP
50Traced_NONETRACED_MEDIAN_SINGLE_LSA_12_SUM.csv,0.7827583414318108,0.6653370548930052,2.2936507936507935,0.6881739031071441
