Technique,AUC,Credibility,LagGlobal,MAP
50Traced_NONETRACED_RFUNDER_MULTI_VSM_1_SUM.csv,0.8982932458697764,0.8088875940651372,2.2936507936507935,0.8333407138632195
