Technique,AUC,Credibility,LagGlobal,MAP
50Traced_NONETRACED_RFSMOTE_MULTI_LSA_20_SUM.csv,0.9155025105280208,0.8264057977637632,2.2182539682539684,0.8901030598664238
