Technique,AUC,Credibility,LagGlobal,MAP
50Traced_NONETRACED_SUM_SINGLE_LSA_22_SUM.csv,0.969863540654357,0.7521940790901593,1.626984126984127,0.9458189990801235
