Technique,AUC,Credibility,LagGlobal,MAP
50Traced_NONETRACED_RFSMOTE_RAW_LSA_80_MEDIAN.csv,0.8671141075477811,0.7797544047619047,2.2936507936507935,0.799572770204029
