Technique,AUC,Credibility,LagGlobal,MAP
50Traced_NONETRACED_MEDIAN_SINGLE_LSA_80_MAX.csv,0.7782636864269518,0.6757972619047619,2.2936507936507935,0.6795218108974732
