Technique,AUC,Credibility,LagGlobal,MAP
50Traced_NONETRACED_MEDIAN_MULTI_LSA_39_SUM.csv,0.777089407191448,0.6640861033578618,2.2936507936507935,0.6842526633045359
