Technique,AUC,Credibility,LagGlobal,MAP
50Traced_NONETRACED_RFSMOTE_RAW_VSM_0_SUM.csv,0.9006586761688802,0.8010078577953431,2.1865079365079363,0.8741253374045642
