Technique,AUC,Credibility,LagGlobal,MAP
50Traced_NONETRACED_SUM_MULTI_LSA_56_MAX.csv,0.9396460965338517,-0.18531369047619048,1.5158730158730158,0.8941119599708514
