Technique,AUC,Credibility,LagGlobal,MAP
50Traced_NONETRACED_MAX_MULTI_VSM_46_MAX.csv,0.9626052802073211,0.7491408333333334,2.2777777777777777,0.9443043898096467
