Technique,AUC,Credibility,LagGlobal,MAP
50Traced_NONETRACED_MEDIAN_MULTI_VSM_19_SUM.csv,0.7878637566137565,0.6650433673469388,2.257936507936508,0.6899303895378851
