Technique,AUC,Credibility,LagGlobal,MAP
50Traced_NONETRACED_RFSMOTE_RAW_VSM_77_MAX.csv,0.933288791707159,0.8346428571428571,2.0515873015873014,0.8896905259197774
