Technique,AUC,Credibility,LagGlobal,MAP
50Traced_NONETRACED_MAX_MULTI_VSM_21_MEDIAN.csv,0.9601318702084007,0.7434888095238095,1.4444444444444444,0.9419080155287679
