Technique,AUC,Credibility,LagGlobal,MAP
50Traced_NONETRACED_MEDIAN_SINGLE_VSM_82_SUM.csv,0.7817696523053667,0.6647999932883654,2.2936507936507935,0.6855505186542933
