Technique,AUC,Credibility,LagGlobal,MAP
50Traced_NONETRACED_RFSMOTE_MULTI_LSA_9_MEDIAN.csv,0.8994607763740416,0.7932323809523809,2.1547619047619047,0.8173682811682433
