Technique,AUC,Credibility,LagGlobal,MAP
50Traced_NONETRACED_SUM_SINGLE_LSA_95_SUM.csv,0.9538150577691396,0.7479223491705891,1.8412698412698412,0.9088041390874537
