Technique,AUC,Credibility,LagGlobal,MAP
50Traced_NONETRACED_RFUNDER_RAW_LSA_89_SUM.csv,0.8714737879278696,0.802794305822137,2.2182539682539684,0.8455953142529401
