Technique,AUC,Credibility,LagGlobal,MAP
50Traced_NONETRACED_RFSMOTE_RAW_VSM_20_MEDIAN.csv,0.8956139995680813,0.8104564285714285,2.2182539682539684,0.8589878077311532
