Technique,AUC,Credibility,LagGlobal,MAP
50Traced_NONETRACED_SUM_RAW_LSA_79_SUM.csv,0.9565381708238851,0.7358845154543593,2.0396825396825395,0.9339213704824058
