Technique,AUC,Credibility,LagGlobal,MAP
50Traced_NONETRACED_MEDIAN_MULTI_LSA_97_SUM.csv,0.784553503941259,0.6643499957709549,2.2936507936507935,0.6880681404063527
