Technique,AUC,Credibility,LagGlobal,MAP
50Traced_NONETRACED_MEDIAN_MULTI_VSM_66_SUM.csv,0.7905261310873556,0.6644229467986129,2.2936507936507935,0.6872017826788545
