Technique,AUC,Credibility,LagGlobal,MAP
50Traced_NONETRACED_SUM_SINGLE_LSA_84_SUM.csv,0.9638807904114026,0.7477017714174921,0.9603174603174603,0.9254001994530796
