Technique,AUC,Credibility,LagGlobal,MAP
50Traced_NONETRACED_MEDIAN_RAW_LSA_45_SUM.csv,0.7787563438073641,0.6637994100294985,2.2936507936507935,0.6818213766198936
