Technique,AUC,Credibility,LagGlobal,MAP
50Traced_NONETRACED_MEDIAN_RAW_VSM_67_SUM.csv,0.7818708832739445,0.6646069102596633,2.2936507936507935,0.6859225544955385
