Technique,AUC,Credibility,LagGlobal,MAP
50Traced_NONETRACED_RFUNDER_RAW_LSA_24_MAX.csv,0.8777602310765577,0.8046176190476191,2.2182539682539684,0.8515866236356442
