Technique,AUC,Credibility,LagGlobal,MAP
50Traced_NONETRACED_RFNONE_RAW_LSA_15_SUM.csv,0.8938896987366375,0.8066026109740121,2.2936507936507935,0.875597598090974
