Technique,AUC,Credibility,LagGlobal,MAP
50Traced_NONETRACED_MAX_SINGLE_LSA_56_MEDIAN.csv,0.9724584278155707,0.7414629761904762,1.2380952380952381,0.9530250534008399
