Technique,AUC,Credibility,LagGlobal,MAP
50Traced_NONETRACED_SUM_RAW_LSA_87_MAX.csv,0.9654296242306446,0.4542325,1.5873015873015872,0.9450985808207008
