Technique,AUC,Credibility,LagGlobal,MAP
50Traced_NONETRACED_RFUNDER_RAW_LSA_33_MEDIAN.csv,0.8973686696900983,0.8072217857142857,2.2936507936507935,0.878309479707824
