Technique,AUC,Credibility,LagGlobal,MAP
50Traced_NONETRACED_MEDIAN_MULTI_VSM_58_SUM.csv,0.7804131573264227,0.6666877706586978,2.3015873015873014,0.687364805617602
