Technique,AUC,Credibility,LagGlobal,MAP
50Traced_NONETRACED_MAX_RAW_LSA_91_SUM.csv,0.9341121369182592,0.7671533515277402,2.265873015873016,0.9180250718562648
