Technique,AUC,Credibility,LagGlobal,MAP
50Traced_NONETRACED_MAX_SINGLE_VSM_4_MAX.csv,0.9741321131627254,0.7388813095238095,1.1031746031746033,0.9578053422766565
