Technique,AUC,Credibility,LagGlobal,MAP
50Traced_NONETRACED_MAX_SINGLE_VSM_57_SUM.csv,0.9684901738473167,0.727776020172067,1.376984126984127,0.9464248992172765
