Technique,AUC,Credibility,LagGlobal,MAP
50Traced_NONETRACED_RFNONE_RAW_LSA_26_MAX.csv,0.8676371342187669,0.7879705952380952,2.2182539682539684,0.841173195591094
