Technique,AUC,Credibility,LagGlobal,MAP
50Traced_NONETRACED_MEDIAN_MULTI_LSA_21_SUM.csv,0.78299117265954,0.6642129789437349,2.2976190476190474,0.6884128945381369
