Technique,AUC,Credibility,LagGlobal,MAP
50Traced_NONETRACED_RFUNDER_SINGLE_LSA_97_SUM.csv,0.9508759853147608,0.8515406117661396,2.2182539682539684,0.9450648329515084
