Technique,AUC,Credibility,LagGlobal,MAP
50Traced_NONETRACED_MEDIAN_RAW_LSA_41_SUM.csv,0.7798428895367671,0.6641027082396442,2.2936507936507935,0.6821802075519868
