Technique,AUC,Credibility,LagGlobal,MAP
50Traced_NONETRACED_MAX_RAW_LSA_11_SUM.csv,0.9537408217255157,0.7736302019664747,1.7777777777777777,0.934420263105294
