Technique,AUC,Credibility,LagGlobal,MAP
50Traced_NONETRACED_RFSMOTE_MULTI_VSM_94_SUM.csv,0.8797612298887809,0.8050792889132621,2.2261904761904763,0.8549244954781041
