Technique,AUC,Credibility,LagGlobal,MAP
50Traced_NONETRACED_RFUNDER_MULTI_VSM_26_SUM.csv,0.9270259691178058,0.8256441367333882,2.0476190476190474,0.8605780293454369
