Technique,AUC,Credibility,LagGlobal,MAP
50Traced_NONETRACED_MAX_MULTI_LSA_39_SUM.csv,0.9697724327826368,0.7503946985849971,1.8333333333333333,0.956399966529044
