Technique,AUC,Credibility,LagGlobal,MAP
50Traced_NONETRACED_MEDIAN_MULTI_LSA_5_SUM.csv,0.7842734315948602,0.6645235151637483,2.2698412698412698,0.689192940328241
