Technique,AUC,Credibility,LagGlobal,MAP
50Traced_NONETRACED_RFSMOTE_RAW_LSA_97_MEDIAN.csv,0.8505527210884354,0.7549889285714285,2.2936507936507935,0.7853835174671799
