Technique,AUC,Credibility,LagGlobal,MAP
50Traced_NONETRACED_MAX_MULTI_LSA_38_SUM.csv,0.9673968793866752,0.7514014425713382,1.630952380952381,0.9514665010193304
