Technique,AUC,Credibility,LagGlobal,MAP
50Traced_NONETRACED_RFNONE_SINGLE_LSA_92_MEDIAN.csv,0.9011884515711046,0.8162639285714286,2.2182539682539684,0.8831125308325661
