Technique,AUC,Credibility,LagGlobal,MAP
50Traced_NONETRACED_MEDIAN_SINGLE_VSM_72_MAX.csv,0.7781692041896123,0.675734880952381,2.2936507936507935,0.6794942103844555
