Technique,AUC,Credibility,LagGlobal,MAP
50Traced_NONETRACED_RFNONE_MULTI_LSA_37_SUM.csv,0.905737096425872,0.8233591536422631,2.2182539682539684,0.8751255315058015
