Technique,AUC,Credibility,LagGlobal,MAP
50Traced_NONETRACED_RFUNDER_RAW_VSM_77_SUM.csv,0.9018700734261959,0.8111725771562623,2.2182539682539684,0.876525797958636
