Technique,AUC,Credibility,LagGlobal,MAP
50Traced_NONETRACED_RFNONE_RAW_LSA_10_SUM.csv,0.8934172875499407,0.8012709837613868,2.2182539682539684,0.8732060425594937
