Technique,AUC,Credibility,LagGlobal,MAP
50Traced_NONETRACED_MAX_SINGLE_LSA_19_SUM.csv,0.9665971547349098,0.7347243973664145,1.119047619047619,0.9422668993817179
