Technique,AUC,Credibility,LagGlobal,MAP
50Traced_NONETRACED_SUM_MULTI_VSM_14_SUM.csv,0.9027744034121585,0.7196651053735744,2.2698412698412698,0.858312809568272
