Technique,AUC,Credibility,LagGlobal,MAP
50Traced_NONETRACED_RFNONE_SINGLE_VSM_44_MEDIAN.csv,0.8811885865457294,0.8154422619047619,2.2936507936507935,0.8617442894827768
