Technique,AUC,Credibility,LagGlobal,MAP
50Traced_NONETRACED_RFSMOTE_SINGLE_VSM_48_SUM.csv,0.8953777939747327,0.7706922952933591,2.1547619047619047,0.8185856942593812
