Technique,AUC,Credibility,LagGlobal,MAP
50Traced_NONETRACED_MAX_MULTI_VSM_42_SUM.csv,0.9672416585681893,0.744721018084741,1.5793650793650793,0.950418989810801
