Technique,AUC,Credibility,LagGlobal,MAP
50Traced_NONETRACED_SUM_RAW_VSM_68_SUM.csv,0.9372367994816975,0.7364213228530008,1.9365079365079365,0.9016903929996282
