Technique,AUC,Credibility,LagGlobal,MAP
50Traced_NONETRACED_RFSMOTE_MULTI_VSM_52_SUM.csv,0.8651940935104201,0.785236095349717,2.2182539682539684,0.7975121750310346
