Technique,AUC,Credibility,LagGlobal,MAP
50Traced_NONETRACED_RFUNDER_RAW_LSA_53_SUM.csv,0.8750371180218118,0.8088875940651372,2.2182539682539684,0.8561880204913734
