Technique,AUC,Credibility,LagGlobal,MAP
50Traced_NONETRACED_RFUNDER_SINGLE_VSM_41_SUM.csv,0.8978984450923226,0.8294524418852633,2.2182539682539684,0.8769285458048954
