Technique,AUC,Credibility,LagGlobal,MAP
50Traced_NONETRACED_RFNONE_RAW_LSA_70_MEDIAN.csv,0.8806250674873124,0.8039115476190476,2.1785714285714284,0.8572046479498021
