Technique,AUC,Credibility,LagGlobal,MAP
50Traced_NONETRACED_MEDIAN_RAW_LSA_3_SUM.csv,0.7803051776266061,0.6640705023428135,2.2976190476190474,0.6840642453803384
