Technique,AUC,Credibility,LagGlobal,MAP
50Traced_NONETRACED_RFNONE_MULTI_LSA_43_SUM.csv,0.9004157218442932,0.8256441367333882,2.2182539682539684,0.8716135986711151
