Technique,AUC,Credibility,LagGlobal,MAP
50Traced_NONETRACED_RFUNDER_MULTI_VSM_82_SUM.csv,0.9144834521110031,0.8180275264296377,2.2182539682539684,0.8546513998951746
