Technique,AUC,Credibility,LagGlobal,MAP
50Traced_NONETRACED_RFSMOTE_SINGLE_VSM_73_SUM.csv,0.8620559334845049,0.7682183185977974,2.2182539682539684,0.7984506802287411
