Technique,AUC,Credibility,LagGlobal,MAP
50Traced_NONETRACED_RFNONE_RAW_VSM_57_SUM.csv,0.8970953460749379,0.8111725771562623,2.2182539682539684,0.878297327437135
