Technique,AUC,Credibility,LagGlobal,MAP
50Traced_NONETRACED_RFNONE_SINGLE_VSM_75_MAX.csv,0.8995350124176655,0.8337433333333333,2.2936507936507935,0.8887449634495207
