Technique,AUC,Credibility,LagGlobal,MAP
50Traced_NONETRACED_RFSMOTE_MULTI_LSA_90_MAX.csv,0.8853458049886622,0.7902842857142857,2.2182539682539684,0.8366417303357193
