Technique,AUC,Credibility,LagGlobal,MAP
50Traced_NONETRACED_MAX_MULTI_VSM_25_MEDIAN.csv,0.9456963340891912,0.7349120238095238,2.2857142857142856,0.9248632226091742
