Technique,AUC,Credibility,LagGlobal,MAP
50Traced_NONETRACED_SUM_MULTI_LSA_10_SUM.csv,0.9363527156894504,0.7250976802811018,1.7023809523809523,0.8788012470339102
