Technique,AUC,Credibility,LagGlobal,MAP
50Traced_NONETRACED_RFNONE_RAW_VSM_37_MEDIAN.csv,0.9081295216499299,0.8191277380952381,2.2936507936507935,0.8940741895907813
