Technique,AUC,Credibility,LagGlobal,MAP
50Traced_NONETRACED_RFNONE_RAW_LSA_90_SUM.csv,0.8653391912320485,0.7921310513968863,2.2936507936507935,0.845563522052432
