Technique,AUC,Credibility,LagGlobal,MAP
50Traced_NONETRACED_RFNONE_MULTI_VSM_22_MEDIAN.csv,0.8906773026670985,0.8284910714285715,2.2182539682539684,0.8551284447749367
