Technique,AUC,Credibility,LagGlobal,MAP
50Traced_NONETRACED_RFNONE_RAW_VSM_80_SUM.csv,0.8637228701004211,0.7928927124272613,2.2182539682539684,0.8361107848527294
