Technique,AUC,Credibility,LagGlobal,MAP
50Traced_NONETRACED_MAX_SINGLE_VSM_9_MEDIAN.csv,0.9687601230968579,0.7408257142857143,1.0793650793650793,0.9532421755712339
