Technique,AUC,Credibility,LagGlobal,MAP
50Traced_NONETRACED_MAX_MULTI_LSA_87_SUM.csv,0.9702752132599071,0.7383592070467819,1.5555555555555556,0.9501229622523379
