Technique,AUC,Credibility,LagGlobal,MAP
50Traced_NONETRACED_RFSMOTE_RAW_VSM_1_MAX.csv,0.8582057823129252,0.7682163095238095,2.2222222222222223,0.7605040363083383
