Technique,AUC,Credibility,LagGlobal,MAP
50Traced_NONETRACED_MEDIAN_SINGLE_VSM_3_SUM.csv,0.7814828312277291,0.673267654146367,2.2976190476190474,0.690502915214939
