Technique,AUC,Credibility,LagGlobal,MAP
50Traced_NONETRACED_RFSMOTE_SINGLE_LSA_89_SUM.csv,0.7923145448655653,0.7015737369651205,2.2301587301587302,0.6496599918135528
