Technique,AUC,Credibility,LagGlobal,MAP
50Traced_NONETRACED_MAX_SINGLE_VSM_54_MAX.csv,0.9736259583198359,0.7439883333333334,0.9761904761904762,0.9543520300300958
