Technique,AUC,Credibility,LagGlobal,MAP
50Traced_NONETRACED_RFUNDER_MULTI_VSM_4_MEDIAN.csv,0.9271879386675306,0.845932380952381,2.126984126984127,0.8684182716452791
