Technique,AUC,Credibility,LagGlobal,MAP
50Traced_NONETRACED_RFSMOTE_RAW_VSM_62_SUM.csv,0.8925703217795055,0.7961935748783422,2.2976190476190474,0.8564900503631493
