Technique,AUC,Credibility,LagGlobal,MAP
50Traced_NONETRACED_MEDIAN_SINGLE_LSA_26_SUM.csv,0.7806696091134867,0.6659635391027534,2.2936507936507935,0.685128667186378
