Technique,AUC,Credibility,LagGlobal,MAP
50Traced_NONETRACED_RFNONE_RAW_VSM_20_SUM.csv,0.871467039196631,0.804317627882887,2.2182539682539684,0.8546891244598496
