Technique,AUC,Credibility,LagGlobal,MAP
50Traced_NONETRACED_RFNONE_MULTI_LSA_63_SUM.csv,0.8887269193391643,0.8058409499436371,2.2222222222222223,0.8297465921087994
