Technique,AUC,Credibility,LagGlobal,MAP
50Traced_NONETRACED_MAX_MULTI_VSM_72_MAX.csv,0.9768417287549941,0.7591001190476191,1.1031746031746033,0.9637185201028161
