Technique,AUC,Credibility,LagGlobal,MAP
50Traced_NONETRACED_RFUNDER_SINGLE_VSM_74_SUM.csv,0.9232972951085195,0.8378307132193888,1.9563492063492063,0.9062278015246275
