Technique,AUC,Credibility,LagGlobal,MAP
50Traced_NONETRACED_RFSMOTE_SINGLE_VSM_92_SUM.csv,0.8580573102256777,0.7558094462540716,2.2182539682539684,0.7709149044375885
