Technique,AUC,Credibility,LagGlobal,MAP
50Traced_NONETRACED_MAX_MULTI_VSM_87_SUM.csv,0.9626693931540871,0.7618704798823863,2.111111111111111,0.9530966162851295
