Technique,AUC,Credibility,LagGlobal,MAP
50Traced_NONETRACED_MAX_SINGLE_LSA_32_MAX.csv,0.9738520408163265,0.7526098809523809,1.5555555555555556,0.9525836462441126
