Technique,AUC,Credibility,LagGlobal,MAP
50Traced_NONETRACED_MEDIAN_RAW_VSM_58_SUM.csv,0.7826166180758017,0.6645444309498507,2.2936507936507935,0.6840966455602042
