Technique,AUC,Credibility,LagGlobal,MAP
50Traced_NONETRACED_MAX_RAW_VSM_33_MEDIAN.csv,0.9557451949033582,0.8020644047619048,2.0753968253968256,0.9412542751650212
