Technique,AUC,Credibility,LagGlobal,MAP
50Traced_NONETRACED_RFUNDER_SINGLE_LSA_66_SUM.csv,0.9105489417989419,0.8363073911586387,2.2182539682539684,0.8947580736689387
