Technique,AUC,Credibility,LagGlobal,MAP
50Traced_NONETRACED_SUM_MULTI_LSA_65_MAX.csv,0.9635669744088112,-0.20040142857142856,1.5277777777777777,0.9300151420905586
