Technique,AUC,Credibility,LagGlobal,MAP
50Traced_NONETRACED_RFSMOTE_RAW_LSA_93_SUM.csv,0.8576253914264118,0.7791828138805106,2.1547619047619047,0.8224431363954923
