Technique,AUC,Credibility,LagGlobal,MAP
50Traced_NONETRACED_SUM_MULTI_VSM_76_MEDIAN.csv,0.9208846236907462,-0.14676642857142858,1.7341269841269842,0.8605520921248643
