Technique,AUC,Credibility,LagGlobal,MAP
50Traced_NONETRACED_RFNONE_RAW_VSM_54_SUM.csv,0.871132977000324,0.7746128476982603,2.2936507936507935,0.8418239431948881
