Technique,AUC,Credibility,LagGlobal,MAP
50Traced_NONETRACED_RFNONE_SINGLE_VSM_7_MEDIAN.csv,0.8993258017492711,0.8231860714285715,2.2936507936507935,0.8864126205751074
