Technique,AUC,Credibility,LagGlobal,MAP
50Traced_NONETRACED_MEDIAN_SINGLE_VSM_73_MAX.csv,0.7784121585141993,0.6758035714285714,2.2936507936507935,0.679573714307623
