Technique,AUC,Credibility,LagGlobal,MAP
50Traced_NONETRACED_MEDIAN_SINGLE_VSM_57_SUM.csv,0.7781793272864701,0.6686103423534235,2.2936507936507935,0.6801585385195872
