Technique,AUC,Credibility,LagGlobal,MAP
50Traced_NONETRACED_RFNONE_RAW_VSM_38_MEDIAN.csv,0.8906131897203327,0.816290238095238,2.2182539682539684,0.8758763144703529
