Technique,AUC,Credibility,LagGlobal,MAP
50Traced_NONETRACED_SUM_MULTI_VSM_74_MAX.csv,0.9395752348558472,-0.1823222619047619,1.3134920634920635,0.8866697939087465
