Technique,AUC,Credibility,LagGlobal,MAP
50Traced_NONETRACED_RFNONE_MULTI_VSM_82_SUM.csv,0.8999061926357844,0.8324990860067636,2.2936507936507935,0.8901674987004566
