Technique,AUC,Credibility,LagGlobal,MAP
50Traced_NONETRACED_RFNONE_MULTI_LSA_57_MAX.csv,0.9379892830147933,0.8497925,2.0198412698412698,0.9133220508740459
