Technique,AUC,Credibility,LagGlobal,MAP
50Traced_NONETRACED_SUM_MULTI_LSA_13_SUM.csv,0.901782339920095,0.7273170190850065,2.0634920634920637,0.8517585155587468
