Technique,AUC,Credibility,LagGlobal,MAP
50Traced_NONETRACED_SUM_MULTI_VSM_84_SUM.csv,0.9331166990605767,0.7257522796352583,2.0912698412698414,0.8856743475569334
