Technique,AUC,Credibility,LagGlobal,MAP
50Traced_NONETRACED_MEDIAN_MULTI_VSM_68_MAX.csv,0.7782636864269518,0.6757252380952381,2.2936507936507935,0.6795490495714389
