Technique,AUC,Credibility,LagGlobal,MAP
50Traced_NONETRACED_RFUNDER_SINGLE_VSM_55_MEDIAN.csv,0.8978613270705107,0.8338746428571429,2.2182539682539684,0.875903320463145
