Technique,AUC,Credibility,LagGlobal,MAP
50Traced_NONETRACED_RFSMOTE_MULTI_VSM_33_MEDIAN.csv,0.8811548428895368,0.7990929761904761,2.2182539682539684,0.7388284992127732
