Technique,AUC,Credibility,LagGlobal,MAP
50Traced_NONETRACED_MAX_MULTI_LSA_70_MEDIAN.csv,0.9785120397365294,0.7572283333333333,1.4563492063492063,0.9663653346395428
