Technique,AUC,Credibility,LagGlobal,MAP
50Traced_NONETRACED_SUM_RAW_VSM_30_SUM.csv,0.9289324856926897,0.7434266106509988,2.253968253968254,0.9057328319132804
