Technique,AUC,Credibility,LagGlobal,MAP
50Traced_NONETRACED_SUM_RAW_LSA_67_MEDIAN.csv,0.9187520246193717,0.46830785714285716,1.992063492063492,0.8830320833580555
