Technique,AUC,Credibility,LagGlobal,MAP
50Traced_NONETRACED_RFSMOTE_RAW_VSM_0_MEDIAN.csv,0.8973146798401901,0.8041094047619047,2.1865079365079363,0.8461532661706775
