Technique,AUC,Credibility,LagGlobal,MAP
50Traced_NONETRACED_MEDIAN_RAW_VSM_42_SUM.csv,0.7832813681027967,0.6648431024274719,2.2936507936507935,0.686439107536019
