Technique,AUC,Credibility,LagGlobal,MAP
50Traced_NONETRACED_MEDIAN_MULTI_VSM_59_SUM.csv,0.7827448439693339,0.6640455045250783,2.2936507936507935,0.689381742354268
