Technique,AUC,Credibility,LagGlobal,MAP
50Traced_NONETRACED_MAX_RAW_LSA_44_MEDIAN.csv,0.9670560684591296,0.7895698809523809,1.7738095238095237,0.9486376902454978
