Technique,AUC,Credibility,LagGlobal,MAP
50Traced_NONETRACED_RFSMOTE_RAW_VSM_78_SUM.csv,0.8681837814490876,0.7746128476982603,2.2182539682539684,0.8269772463520217
