Technique,AUC,Credibility,LagGlobal,MAP
50Traced_NONETRACED_MEDIAN_MULTI_VSM_67_MAX.csv,0.7784020354173415,0.6757954761904762,2.2936507936507935,0.6795551919913007
