Technique,AUC,Credibility,LagGlobal,MAP
50Traced_NONETRACED_RFUNDER_RAW_VSM_82_MAX.csv,0.8846101932836626,0.8079682142857143,2.1825396825396823,0.8606736765531523
