Technique,AUC,Credibility,LagGlobal,MAP
50Traced_NONETRACED_RFSMOTE_MULTI_LSA_27_SUM.csv,0.8284371288197819,0.7350064741187582,2.2182539682539684,0.7491066772226342
