Technique,AUC,Credibility,LagGlobal,MAP
50Traced_NONETRACED_RFSMOTE_SINGLE_VSM_47_SUM.csv,0.8914432836626714,0.7767494183341089,2.2182539682539684,0.8494032711026535
