Technique,AUC,Credibility,LagGlobal,MAP
50Traced_NONETRACED_MEDIAN_SINGLE_LSA_7_SUM.csv,0.7774875823345211,0.6641069439908899,2.2936507936507935,0.6797417799801265
