Technique,AUC,Credibility,LagGlobal,MAP
50Traced_NONETRACED_MEDIAN_SINGLE_VSM_37_SUM.csv,0.7764449033581687,0.6632075192421552,2.2936507936507935,0.6784856051824975
