Technique,AUC,Credibility,LagGlobal,MAP
50Traced_NONETRACED_MEDIAN_RAW_LSA_19_SUM.csv,0.7811555177626606,0.6654849619765658,2.2936507936507935,0.6839021835613206
