Technique,AUC,Credibility,LagGlobal,MAP
50Traced_NONETRACED_RFUNDER_SINGLE_VSM_23_SUM.csv,0.9082273782528885,0.8385923742497639,2.2182539682539684,0.9022699094320605
