Technique,AUC,Credibility,LagGlobal,MAP
50Traced_NONETRACED_SUM_MULTI_VSM_59_SUM.csv,0.952003023431595,0.7360287118345589,2.2738095238095237,0.9264132631416325
