Technique,AUC,Credibility,LagGlobal,MAP
50Traced_NONETRACED_SUM_RAW_VSM_87_MEDIAN.csv,0.9601622394989742,0.4623234523809524,1.4365079365079365,0.9343148041639787
