Technique,AUC,Credibility,LagGlobal,MAP
50Traced_NONETRACED_RFSMOTE_RAW_VSM_35_MEDIAN.csv,0.8658959615592269,0.7827290476190476,2.2936507936507935,0.7980434464310995
