Technique,AUC,Credibility,LagGlobal,MAP
50Traced_NONETRACED_RFSMOTE_SINGLE_LSA_12_SUM.csv,0.8101615646258503,0.7403381013313834,2.2936507936507935,0.754164497064669
