Technique,AUC,Credibility,LagGlobal,MAP
50Traced_NONETRACED_RFUNDER_SINGLE_LSA_86_SUM.csv,0.9007666558686966,0.8233591536422631,2.2182539682539684,0.8822416679717093
