Technique,AUC,Credibility,LagGlobal,MAP
50Traced_NONETRACED_MAX_MULTI_LSA_7_MEDIAN.csv,0.9794096209912536,0.7557290476190476,1.1626984126984128,0.9672147745245073
