Technique,AUC,Credibility,LagGlobal,MAP
50Traced_NONETRACED_RFUNDER_MULTI_LSA_98_MAX.csv,0.9354855037252997,0.8458615476190476,2.2182539682539684,0.8402073800991794
