Technique,AUC,Credibility,LagGlobal,MAP
50Traced_NONETRACED_RFSMOTE_SINGLE_LSA_77_SUM.csv,0.8229875283446711,0.7464313895743838,2.2182539682539684,0.7658971599500172
