Technique,AUC,Credibility,LagGlobal,MAP
50Traced_NONETRACED_MEDIAN_SINGLE_VSM_85_SUM.csv,0.780956430191124,0.6697984046036898,2.2936507936507935,0.6777568251659066
