Technique,AUC,Credibility,LagGlobal,MAP
50Traced_NONETRACED_RFNONE_RAW_VSM_24_SUM.csv,0.9079608033689668,0.7951776955183865,2.2936507936507935,0.8809781901688272
