Technique,AUC,Credibility,LagGlobal,MAP
50Traced_NONETRACED_RFNONE_RAW_LSA_32_MEDIAN.csv,0.8709237663319296,0.793967619047619,2.2182539682539684,0.8424458524981481
