Technique,AUC,Credibility,LagGlobal,MAP
50Traced_NONETRACED_RFUNDER_SINGLE_LSA_45_MEDIAN.csv,0.915569997840406,0.8460929761904762,2.2182539682539684,0.8955749232804923
