Technique,AUC,Credibility,LagGlobal,MAP
50Traced_NONETRACED_SUM_MULTI_LSA_69_SUM.csv,0.9491685563114135,0.7351675890132574,1.4087301587301588,0.9121532120385643
