Technique,AUC,Credibility,LagGlobal,MAP
50Traced_NONETRACED_MEDIAN_MULTI_LSA_83_SUM.csv,0.7855590648957996,0.6669484300270326,2.2936507936507935,0.688629779755936
