Technique,AUC,Credibility,LagGlobal,MAP
50Traced_NONETRACED_RFNONE_MULTI_LSA_64_MEDIAN.csv,0.886405355793111,0.8290379761904761,2.2936507936507935,0.8472898350163669
