Technique,AUC,Credibility,LagGlobal,MAP
50Traced_NONETRACED_RFSMOTE_SINGLE_LSA_97_MAX.csv,0.8025456214231724,0.709165119047619,2.2936507936507935,0.7350885886453223
