Technique,AUC,Credibility,LagGlobal,MAP
50Traced_NONETRACED_RFNONE_MULTI_VSM_83_MAX.csv,0.8902858762552641,0.822402619047619,2.2182539682539684,0.8643542088912868
