Technique,AUC,Credibility,LagGlobal,MAP
50Traced_NONETRACED_SUM_MULTI_VSM_10_MAX.csv,0.9440327718388942,-0.21662369047619048,2.0436507936507935,0.9097265630348952
