Technique,AUC,Credibility,LagGlobal,MAP
50Traced_NONETRACED_MAX_MULTI_VSM_79_MEDIAN.csv,0.9570375769355361,0.7390322619047619,2.0357142857142856,0.9381893323703575
