Technique,AUC,Credibility,LagGlobal,MAP
50Traced_NONETRACED_RFSMOTE_MULTI_LSA_19_SUM.csv,0.8906604308390023,0.7982243396398867,2.2936507936507935,0.8569987684384984
