Technique,AUC,Credibility,LagGlobal,MAP
50Traced_NONETRACED_RFUNDER_RAW_LSA_67_SUM.csv,0.8874345373069863,0.8177924177875343,2.2182539682539684,0.8722057370479578
