Technique,AUC,Credibility,LagGlobal,MAP
50Traced_NONETRACED_RFNONE_MULTI_LSA_80_SUM.csv,0.8786240686750892,0.8007391060343919,2.2222222222222223,0.8537059773165337
