Technique,AUC,Credibility,LagGlobal,MAP
50Traced_NONETRACED_RFUNDER_SINGLE_LSA_57_MEDIAN.csv,0.9196057391210452,0.8489810714285714,2.2182539682539684,0.9038273308425293
