Technique,AUC,Credibility,LagGlobal,MAP
50Traced_NONETRACED_MEDIAN_SINGLE_LSA_27_MEDIAN.csv,0.7781692041896123,0.6757767857142857,2.2936507936507935,0.679486549023086
