Technique,AUC,Credibility,LagGlobal,MAP
50Traced_NONETRACED_MEDIAN_SINGLE_VSM_55_MEDIAN.csv,0.7781624554583738,0.6757319047619048,2.2936507936507935,0.6794926978812726
