Technique,AUC,Credibility,LagGlobal,MAP
50Traced_NONETRACED_SUM_RAW_VSM_4_SUM.csv,0.9340615214339705,0.7430705717401465,2.2777777777777777,0.9124192212386897
