Technique,AUC,Credibility,LagGlobal,MAP
50Traced_NONETRACED_MEDIAN_RAW_VSM_81_SUM.csv,0.78235004319188,0.6656886387995713,2.2976190476190474,0.6817272154923155
