Technique,AUC,Credibility,LagGlobal,MAP
50Traced_NONETRACED_RFSMOTE_SINGLE_LSA_23_SUM.csv,0.8774936561926358,0.8088875940651372,2.2182539682539684,0.8521544476020079
