Technique,AUC,Credibility,LagGlobal,MAP
50Traced_NONETRACED_MEDIAN_MULTI_VSM_73_SUM.csv,0.7920682161753589,0.6676199834945592,2.2976190476190474,0.7011836918238155
