Technique,AUC,Credibility,LagGlobal,MAP
50Traced_NONETRACED_SUM_RAW_VSM_54_SUM.csv,0.950980590648958,0.7326042657347813,2.25,0.9283902803686794
