Technique,AUC,Credibility,LagGlobal,MAP
50Traced_NONETRACED_RFSMOTE_MULTI_VSM_63_MAX.csv,0.8510015117157974,0.722737619047619,2.0317460317460316,0.7246097528262265
