Technique,AUC,Credibility,LagGlobal,MAP
50Traced_NONETRACED_SUM_RAW_LSA_77_MAX.csv,0.9595649767843645,0.4588069047619048,1.6111111111111112,0.9289663310956665
