Technique,AUC,Credibility,LagGlobal,MAP
50Traced_NONETRACED_SUM_RAW_LSA_0_MAX.csv,0.9333191609977325,0.5137603571428572,1.7142857142857142,0.9047961677773071
