Technique,AUC,Credibility,LagGlobal,MAP
50Traced_NONETRACED_MAX_MULTI_VSM_4_MAX.csv,0.9798651603498543,0.7486832142857143,0.8253968253968254,0.9632204391716888
