Technique,AUC,Credibility,LagGlobal,MAP
50Traced_NONETRACED_SUM_MULTI_LSA_79_MEDIAN.csv,0.9355226217471115,-0.18063333333333334,1.4444444444444444,0.8801460375535881
