Technique,AUC,Credibility,LagGlobal,MAP
50Traced_NONETRACED_RFUNDER_MULTI_LSA_75_SUM.csv,0.9037867130979376,0.8126958992170125,2.0198412698412698,0.834555314246681
