Technique,AUC,Credibility,LagGlobal,MAP
50Traced_NONETRACED_RFNONE_RAW_VSM_79_SUM.csv,0.8779998110355254,0.7890844072753862,2.2936507936507935,0.8568445574042481
