Technique,AUC,Credibility,LagGlobal,MAP
50Traced_NONETRACED_RFSMOTE_SINGLE_LSA_29_MEDIAN.csv,0.843955836302775,0.7421794047619048,2.2936507936507935,0.7874670984826835
