Technique,AUC,Credibility,LagGlobal,MAP
50Traced_NONETRACED_RFNONE_MULTI_VSM_32_SUM.csv,0.9055919987042437,0.8195508484903878,2.2936507936507935,0.8911266776150817
