Technique,AUC,Credibility,LagGlobal,MAP
50Traced_NONETRACED_RFNONE_SINGLE_LSA_29_SUM.csv,0.8847856602958644,0.8088875940651372,2.2182539682539684,0.8711420058524557
