Technique,AUC,Credibility,LagGlobal,MAP
50Traced_NONETRACED_MAX_MULTI_LSA_22_MEDIAN.csv,0.9479774052478134,0.7330265476190476,1.7142857142857142,0.923821788238245
