Technique,AUC,Credibility,LagGlobal,MAP
50Traced_NONETRACED_MAX_SINGLE_VSM_43_SUM.csv,0.9709534607493792,0.7464748082059808,1.1825396825396826,0.9562345661377102
