Technique,AUC,Credibility,LagGlobal,MAP
50Traced_NONETRACED_SUM_MULTI_VSM_15_SUM.csv,0.9500425170068028,0.7272860624626256,0.9166666666666666,0.8979044875256013
