Technique,AUC,Credibility,LagGlobal,MAP
50Traced_NONETRACED_SUM_RAW_VSM_93_MEDIAN.csv,0.9245795540438397,0.43815607142857144,1.6071428571428572,0.8837714593621353
