Technique,AUC,Credibility,LagGlobal,MAP
50Traced_NONETRACED_RFNONE_SINGLE_LSA_72_SUM.csv,0.9253556581362703,0.821074170551138,2.0476190476190474,0.9114845061484629
