Technique,AUC,Credibility,LagGlobal,MAP
50Traced_NONETRACED_RFSMOTE_RAW_LSA_65_MAX.csv,0.8628117913832201,0.7946538095238095,2.2936507936507935,0.8150472032694515
