Technique,AUC,Credibility,LagGlobal,MAP
50Traced_NONETRACED_RFNONE_MULTI_VSM_88_MAX.csv,0.9188397581254724,0.8441246428571428,2.2182539682539684,0.8836430399715505
