Technique,AUC,Credibility,LagGlobal,MAP
50Traced_NONETRACED_SUM_RAW_VSM_32_SUM.csv,0.958238851095994,0.7414714309241913,1.996031746031746,0.9377152528140658
