Technique,AUC,Credibility,LagGlobal,MAP
50Traced_NONETRACED_MEDIAN_RAW_VSM_6_SUM.csv,0.7806156192635785,0.6637128901294088,2.2976190476190474,0.6814899251874598
