Technique,AUC,Credibility,LagGlobal,MAP
50Traced_NONETRACED_RFUNDER_RAW_LSA_88_SUM.csv,0.8675426519814275,0.7921310513968863,2.2182539682539684,0.8432833746291687
