Technique,AUC,Credibility,LagGlobal,MAP
50Traced_NONETRACED_RFSMOTE_RAW_LSA_68_MEDIAN.csv,0.9288852445740201,0.8185358333333334,2.2936507936507935,0.9032288747989586
