Technique,AUC,Credibility,LagGlobal,MAP
50Traced_NONETRACED_MAX_SINGLE_VSM_98_MAX.csv,0.9692730266709859,0.7384086904761905,0.9523809523809523,0.9475084621568374
