Technique,AUC,Credibility,LagGlobal,MAP
50Traced_NONETRACED_RFUNDER_RAW_VSM_28_MAX.csv,0.8670196253104416,0.8074865476190476,2.2936507936507935,0.8511386616461682
