Technique,AUC,Credibility,LagGlobal,MAP
50Traced_NONETRACED_MAX_RAW_VSM_23_SUM.csv,0.9420756397797215,0.7505001504211793,1.8214285714285714,0.9158582832150993
