Technique,AUC,Credibility,LagGlobal,MAP
50Traced_NONETRACED_RFUNDER_SINGLE_VSM_25_SUM.csv,0.917989417989418,0.8347840690978887,2.2182539682539684,0.904031573758934
