Technique,AUC,Credibility,LagGlobal,MAP
50Traced_NONETRACED_RFNONE_MULTI_VSM_76_MEDIAN.csv,0.8688991469603715,0.806947619047619,2.2936507936507935,0.8207619216130277
