Technique,AUC,Credibility,LagGlobal,MAP
50Traced_NONETRACED_RFNONE_RAW_LSA_72_MAX.csv,0.8895030234315948,0.8045958333333333,2.2936507936507935,0.8748701498685355
