Technique,AUC,Credibility,LagGlobal,MAP
50Traced_NONETRACED_SUM_SINGLE_LSA_53_MEDIAN.csv,0.9563323345211099,-0.30564821428571426,1.1428571428571428,0.9166592617012924
