Technique,AUC,Credibility,LagGlobal,MAP
50Traced_NONETRACED_RFSMOTE_SINGLE_LSA_72_MEDIAN.csv,0.882399983803045,0.795712619047619,2.2936507936507935,0.8469517769728783
