Technique,AUC,Credibility,LagGlobal,MAP
50Traced_NONETRACED_RFSMOTE_SINGLE_VSM_2_SUM.csv,0.8692230860598207,0.7751591384046782,2.2222222222222223,0.8298580975571523
