Technique,AUC,Credibility,LagGlobal,MAP
50Traced_NONETRACED_RFUNDER_SINGLE_VSM_26_SUM.csv,0.8886796782204945,0.8294524418852633,2.2936507936507935,0.8769315382212338
