Technique,AUC,Credibility,LagGlobal,MAP
50Traced_NONETRACED_RFSMOTE_MULTI_LSA_14_MEDIAN.csv,0.877996436669906,0.8145832142857142,2.2222222222222223,0.8181724209429893
