Technique,AUC,Credibility,LagGlobal,MAP
50Traced_NONETRACED_RFUNDER_SINGLE_VSM_45_SUM.csv,0.9293441582982399,0.8424006794016391,2.2182539682539684,0.9231378979511362
