Technique,AUC,Credibility,LagGlobal,MAP
50Traced_NONETRACED_MAX_SINGLE_VSM_38_MEDIAN.csv,0.9819808875931324,0.751550119047619,0.8690476190476191,0.9689356172760677
