Technique,AUC,Credibility,LagGlobal,MAP
50Traced_NONETRACED_RFUNDER_RAW_VSM_0_SUM.csv,0.9050251052802074,0.8005093227310118,2.1547619047619047,0.8805684015470826
