Technique,AUC,Credibility,LagGlobal,MAP
50Traced_NONETRACED_RFUNDER_RAW_LSA_44_MEDIAN.csv,0.8851365943202678,0.8074552380952381,2.2936507936507935,0.8677117759379234
