Technique,AUC,Credibility,LagGlobal,MAP
50Traced_NONETRACED_MEDIAN_SINGLE_LSA_61_SUM.csv,0.7801027156894504,0.6645872203452508,2.2936507936507935,0.6834411206877187
