Technique,AUC,Credibility,LagGlobal,MAP
50Traced_NONETRACED_SUM_SINGLE_VSM_83_MEDIAN.csv,0.9684901738473167,-0.3028425,1.0357142857142858,0.9275626017901545
