Technique,AUC,Credibility,LagGlobal,MAP
50Traced_NONETRACED_MAX_RAW_VSM_87_SUM.csv,0.9250350934024404,0.7551556299603175,2.3174603174603177,0.898767756815711
