Technique,AUC,Credibility,LagGlobal,MAP
50Traced_NONETRACED_MAX_MULTI_LSA_7_SUM.csv,0.9699580228916964,0.7490721584702095,1.380952380952381,0.9543369351451223
