Technique,AUC,Credibility,LagGlobal,MAP
50Traced_NONETRACED_RFSMOTE_SINGLE_LSA_35_SUM.csv,0.890080039952489,0.7798100416100807,2.1547619047619047,0.862373104530814
