Technique,AUC,Credibility,LagGlobal,MAP
50Traced_NONETRACED_MEDIAN_SINGLE_VSM_87_MEDIAN.csv,0.7782299427707592,0.675777261904762,2.2936507936507935,0.6795092492110221
