Technique,AUC,Credibility,LagGlobal,MAP
50Traced_NONETRACED_RFSMOTE_RAW_LSA_39_MEDIAN.csv,0.8682411456646151,0.7960263095238095,2.2222222222222223,0.7760932514074673
