Technique,AUC,Credibility,LagGlobal,MAP
50Traced_NONETRACED_SUM_MULTI_LSA_18_MAX.csv,0.9219812925170069,-0.2252782142857143,2.2023809523809526,0.8885420372992091
