Technique,AUC,Credibility,LagGlobal,MAP
50Traced_NONETRACED_MAX_RAW_VSM_62_MEDIAN.csv,0.9531233128171903,0.7842610714285714,1.876984126984127,0.9278872737442305
