Technique,AUC,Credibility,LagGlobal,MAP
50Traced_NONETRACED_MAX_RAW_LSA_6_MAX.csv,0.9465702947845807,0.7877575,1.9682539682539681,0.9290537381475195
