Technique,AUC,Credibility,LagGlobal,MAP
50Traced_NONETRACED_SUM_RAW_LSA_32_MEDIAN.csv,0.931841188856495,0.4859647619047619,2.0238095238095237,0.9011957153985656
