Technique,AUC,Credibility,LagGlobal,MAP
50Traced_NONETRACED_RFNONE_SINGLE_VSM_11_MEDIAN.csv,0.8731778425655976,0.812687619047619,2.2936507936507935,0.8561504828431857
