Technique,AUC,Credibility,LagGlobal,MAP
50Traced_NONETRACED_RFUNDER_MULTI_VSM_82_MEDIAN.csv,0.9058180812007341,0.8241220238095238,2.2182539682539684,0.7856610451083699
