Technique,AUC,Credibility,LagGlobal,MAP
50Traced_NONETRACED_RFNONE_RAW_VSM_92_SUM.csv,0.8816475002699493,0.7906077293361362,2.2936507936507935,0.8545956116123818
