Technique,AUC,Credibility,LagGlobal,MAP
50Traced_NONETRACED_RFSMOTE_SINGLE_VSM_38_SUM.csv,0.8341229348882411,0.7296661497662711,2.2222222222222223,0.7281330901738543
