Technique,AUC,Credibility,LagGlobal,MAP
50Traced_NONETRACED_RFUNDER_MULTI_VSM_74_MAX.csv,0.9175372529964366,0.8436766666666666,2.2182539682539684,0.8720274525626082
