Technique,AUC,Credibility,LagGlobal,MAP
50Traced_NONETRACED_RFSMOTE_MULTI_VSM_19_MAX.csv,0.8754555393586005,0.7867092857142857,2.2976190476190474,0.7976916671411153
