Technique,AUC,Credibility,LagGlobal,MAP
50Traced_NONETRACED_RFNONE_MULTI_VSM_84_MAX.csv,0.9105253212396069,0.8322341666666667,2.2182539682539684,0.8558543728484929
