Technique,AUC,Credibility,LagGlobal,MAP
50Traced_NONETRACED_MEDIAN_SINGLE_LSA_17_SUM.csv,0.7807708400820648,0.6639199018861541,2.2936507936507935,0.6834754181817937
