Technique,AUC,Credibility,LagGlobal,MAP
50Traced_NONETRACED_SUM_MULTI_LSA_50_SUM.csv,0.9412792894935752,0.7286229182478968,2.0238095238095237,0.9061202371938647
