Technique,AUC,Credibility,LagGlobal,MAP
50Traced_NONETRACED_SUM_SINGLE_VSM_37_SUM.csv,0.9597573156246626,0.754141177643851,1.1904761904761905,0.9137837282632357
