Technique,AUC,Credibility,LagGlobal,MAP
50Traced_NONETRACED_SUM_RAW_LSA_12_MAX.csv,0.9328568729078933,0.46094,1.6944444444444444,0.9027079997229762
