Technique,AUC,Credibility,LagGlobal,MAP
50Traced_NONETRACED_RFUNDER_MULTI_VSM_62_MEDIAN.csv,0.904944120505345,0.8305877380952381,2.0476190476190474,0.794667217741019
