Technique,AUC,Credibility,LagGlobal,MAP
50Traced_NONETRACED_SUM_SINGLE_LSA_11_SUM.csv,0.9651765468092,0.7565586889434357,1.7857142857142858,0.9324082724840173
