Technique,AUC,Credibility,LagGlobal,MAP
50Traced_NONETRACED_SUM_SINGLE_LSA_27_MEDIAN.csv,0.9460810117697873,-0.24142607142857142,0.9801587301587301,0.8880795734072603
