Technique,AUC,Credibility,LagGlobal,MAP
50Traced_NONETRACED_SUM_MULTI_LSA_92_MEDIAN.csv,0.9461451247165533,-0.22200761904761904,1.8134920634920635,0.8980895851186519
