Technique,AUC,Credibility,LagGlobal,MAP
50Traced_NONETRACED_RFUNDER_SINGLE_VSM_74_MEDIAN.csv,0.9237055933484505,0.8484090476190476,1.9563492063492063,0.9086204473425229
