Technique,AUC,Credibility,LagGlobal,MAP
50Traced_NONETRACED_MAX_MULTI_VSM_89_SUM.csv,0.9808099827232482,0.7435104235094092,1.0238095238095237,0.96639423931717
