Technique,AUC,Credibility,LagGlobal,MAP
50Traced_NONETRACED_SUM_SINGLE_LSA_13_MAX.csv,0.9448662401468523,-0.23829333333333333,1.3412698412698412,0.8977781587328539
