Technique,AUC,Credibility,LagGlobal,MAP
50Traced_NONETRACED_RFNONE_RAW_LSA_74_MEDIAN.csv,0.9016709858546593,0.8054476190476191,2.2936507936507935,0.8813060222220072
