Technique,AUC,Credibility,LagGlobal,MAP
50Traced_NONETRACED_RFSMOTE_SINGLE_VSM_17_SUM.csv,0.8848565219738689,0.7633950526932084,2.1785714285714284,0.8285625137040112
