Technique,AUC,Credibility,LagGlobal,MAP
50Traced_NONETRACED_RFSMOTE_MULTI_VSM_94_MAX.csv,0.8766500647878199,0.8080914285714286,2.2261904761904763,0.8288720765795883
