Technique,AUC,Credibility,LagGlobal,MAP
50Traced_NONETRACED_RFUNDER_SINGLE_LSA_56_MEDIAN.csv,0.9113419177194688,0.8461538095238095,2.2182539682539684,0.885845617464592
