Technique,AUC,Credibility,LagGlobal,MAP
50Traced_NONETRACED_SUM_MULTI_VSM_66_SUM.csv,0.955961154302991,0.724412494541668,0.8849206349206349,0.9093771185556961
