Technique,AUC,Credibility,LagGlobal,MAP
50Traced_NONETRACED_SUM_MULTI_VSM_87_SUM.csv,0.9366091674765143,0.7356841784442093,1.8849206349206349,0.8905512757667627
