Technique,AUC,Credibility,LagGlobal,MAP
50Traced_NONETRACED_RFNONE_RAW_VSM_46_SUM.csv,0.8775071536551129,0.7974626786095116,2.2182539682539684,0.8532451043315396
