Technique,AUC,Credibility,LagGlobal,MAP
50Traced_NONETRACED_RFNONE_SINGLE_VSM_21_MAX.csv,0.881708238851096,0.8214584523809524,2.2936507936507935,0.870972908211813
