Technique,AUC,Credibility,LagGlobal,MAP
50Traced_NONETRACED_RFNONE_SINGLE_LSA_16_SUM.csv,0.87000593888349,0.8020326447917618,2.2182539682539684,0.8444151552904376
