Technique,AUC,Credibility,LagGlobal,MAP
50Traced_NONETRACED_RFUNDER_RAW_LSA_5_SUM.csv,0.8676607547781018,0.802794305822137,2.2936507936507935,0.8284879352269947
