Technique,AUC,Credibility,LagGlobal,MAP
50Traced_NONETRACED_RFUNDER_MULTI_LSA_72_SUM.csv,0.894264253320376,0.8203125095207628,2.2182539682539684,0.8516457376015324
