Technique,AUC,Credibility,LagGlobal,MAP
50Traced_NONETRACED_MEDIAN_RAW_VSM_77_SUM.csv,0.781786524133463,0.6642480757844879,2.2936507936507935,0.6837468770027694
