Technique,AUC,Credibility,LagGlobal,MAP
50Traced_NONETRACED_RFUNDER_RAW_LSA_33_SUM.csv,0.8972033257747544,0.8015142565686256,2.2936507936507935,0.8779965403123364
