Technique,AUC,Credibility,LagGlobal,MAP
50Traced_NONETRACED_SUM_SINGLE_LSA_3_SUM.csv,0.9564335654896878,0.7454033091899971,1.3055555555555556,0.9080672877398455
