Technique,AUC,Credibility,LagGlobal,MAP
50Traced_NONETRACED_MEDIAN_MULTI_LSA_54_MAX.csv,0.7781928247489472,0.6757539285714286,2.2936507936507935,0.6794984655597447
