Technique,AUC,Credibility,LagGlobal,MAP
50Traced_NONETRACED_SUM_SINGLE_VSM_9_SUM.csv,0.9636817028398662,0.7568394932131642,1.9206349206349207,0.9322217011266878
