Technique,AUC,Credibility,LagGlobal,MAP
50Traced_NONETRACED_RFUNDER_RAW_VSM_23_MEDIAN.csv,0.8800210560414642,0.8166217857142857,2.2936507936507935,0.8416531835785936
