Technique,AUC,Credibility,LagGlobal,MAP
50Traced_NONETRACED_RFSMOTE_RAW_LSA_37_MEDIAN.csv,0.8726581902602311,0.7959423809523809,2.1547619047619047,0.8354692239186294
