Technique,AUC,Credibility,LagGlobal,MAP
50Traced_NONETRACED_SUM_MULTI_VSM_45_SUM.csv,0.9288110085303962,0.7181668477205871,1.8055555555555556,0.8679933035075401
