Technique,AUC,Credibility,LagGlobal,MAP
50Traced_NONETRACED_SUM_RAW_VSM_65_SUM.csv,0.9638133030990174,0.7531611750512426,1.8452380952380953,0.9445868501599205
