Technique,AUC,Credibility,LagGlobal,MAP
50Traced_NONETRACED_RFUNDER_MULTI_LSA_95_SUM.csv,0.9127051614296513,0.8195508484903878,2.0238095238095237,0.8411306877735574
