Technique,AUC,Credibility,LagGlobal,MAP
50Traced_NONETRACED_RFNONE_RAW_VSM_6_SUM.csv,0.848052316164561,0.7700428815160101,2.2936507936507935,0.8171917485919724
