Technique,AUC,Credibility,LagGlobal,MAP
50Traced_NONETRACED_RFUNDER_MULTI_LSA_62_MAX.csv,0.8814146690422201,0.8101823809523809,2.2182539682539684,0.7687406252748991
