Technique,AUC,Credibility,LagGlobal,MAP
50Traced_NONETRACED_MAX_SINGLE_LSA_40_MAX.csv,0.9790148202137998,0.7475275,0.8690476190476191,0.9618165475536384
