Technique,AUC,Credibility,LagGlobal,MAP
50Traced_NONETRACED_MAX_RAW_VSM_59_SUM.csv,0.939227675197063,0.7620818939900453,2.3055555555555554,0.9163469316602824
