Technique,AUC,Credibility,LagGlobal,MAP
50Traced_NONETRACED_RFSMOTE_RAW_VSM_33_MEDIAN.csv,0.8309375337436562,0.7435164285714285,2.1865079365079363,0.6977675872359455
