Technique,AUC,Credibility,LagGlobal,MAP
50Traced_NONETRACED_MEDIAN_MULTI_VSM_40_SUM.csv,0.7782974300831444,0.6665560305585243,2.2777777777777777,0.6864507013774657
