Technique,AUC,Credibility,LagGlobal,MAP
50Traced_NONETRACED_RFUNDER_MULTI_LSA_0_MAX.csv,0.8849779991361624,0.8144886904761904,2.2182539682539684,0.7591212768265205
