Technique,AUC,Credibility,LagGlobal,MAP
50Traced_NONETRACED_MAX_RAW_LSA_48_SUM.csv,0.9667186318972033,0.7686004298832045,1.1031746031746033,0.9451764838169214
