Technique,AUC,Credibility,LagGlobal,MAP
50Traced_NONETRACED_SUM_MULTI_LSA_71_MEDIAN.csv,0.9410160889752727,-0.1463825,1.996031746031746,0.9080602644831572
