Technique,AUC,Credibility,LagGlobal,MAP
50Traced_NONETRACED_RFSMOTE_RAW_LSA_25_SUM.csv,0.8637431162941366,0.7898460683057612,2.2936507936507935,0.8459599033548955
