Technique,AUC,Credibility,LagGlobal,MAP
50Traced_NONETRACED_RFNONE_SINGLE_LSA_54_SUM.csv,0.8932148256127849,0.821835831581513,2.2936507936507935,0.8791470291415184
