Technique,AUC,Credibility,LagGlobal,MAP
50Traced_NONETRACED_RFSMOTE_RAW_LSA_58_SUM.csv,0.876754670122017,0.7982243396398867,2.2936507936507935,0.8487227433978275
