Technique,AUC,Credibility,LagGlobal,MAP
50Traced_NONETRACED_RFUNDER_MULTI_VSM_76_MAX.csv,0.8813573048266926,0.8226340476190476,2.2936507936507935,0.7877472015333512
