Technique,AUC,Credibility,LagGlobal,MAP
50Traced_NONETRACED_SUM_RAW_VSM_26_MEDIAN.csv,0.9333495302883057,0.5119903571428571,1.6825396825396826,0.8891196340808424
