Technique,AUC,Credibility,LagGlobal,MAP
50Traced_NONETRACED_RFNONE_SINGLE_VSM_0_MAX.csv,0.9034459021703919,0.8378322619047619,2.1547619047619047,0.8911328565408978
