Technique,AUC,Credibility,LagGlobal,MAP
50Traced_NONETRACED_RFNONE_MULTI_VSM_70_MEDIAN.csv,0.9061588921282799,0.8323339285714285,2.2182539682539684,0.8818975316446119
