Technique,AUC,Credibility,LagGlobal,MAP
50Traced_NONETRACED_MEDIAN_SINGLE_VSM_22_SUM.csv,0.7815604416369724,0.6642728156982154,2.2936507936507935,0.683900473861775
