Technique,AUC,Credibility,LagGlobal,MAP
50Traced_NONETRACED_RFUNDER_RAW_VSM_54_MAX.csv,0.8711565975596589,0.811514880952381,2.2182539682539684,0.8313770358506228
