Technique,AUC,Credibility,LagGlobal,MAP
50Traced_NONETRACED_RFSMOTE_RAW_VSM_15_MAX.csv,0.8652312115322319,0.7750354761904762,2.2222222222222223,0.7773232093532081
