Technique,AUC,Credibility,LagGlobal,MAP
50Traced_NONETRACED_MAX_SINGLE_VSM_24_SUM.csv,0.9710276967930029,0.7202333446733911,1.242063492063492,0.9531303298919438
