Technique,AUC,Credibility,LagGlobal,MAP
50Traced_NONETRACED_RFSMOTE_RAW_VSM_63_MEDIAN.csv,0.8591236097613649,0.7712014285714286,2.1825396825396823,0.7574695757140096
