Technique,AUC,Credibility,LagGlobal,MAP
50Traced_NONETRACED_RFUNDER_RAW_LSA_57_SUM.csv,0.876140535579311,0.8058409499436371,2.2936507936507935,0.8594770794824872
