Technique,AUC,Credibility,LagGlobal,MAP
50Traced_NONETRACED_RFUNDER_SINGLE_VSM_86_SUM.csv,0.9003313627038118,0.8302141029156385,2.2182539682539684,0.8829298915471564
