Technique,AUC,Credibility,LagGlobal,MAP
50Traced_NONETRACED_MEDIAN_MULTI_LSA_40_MEDIAN.csv,0.7792017600691069,0.6758179761904762,2.3015873015873014,0.680019605672274
