Technique,AUC,Credibility,LagGlobal,MAP
50Traced_NONETRACED_SUM_SINGLE_LSA_47_MEDIAN.csv,0.9575943472627146,-0.22594404761904763,1.7817460317460319,0.9275201429812012
