Technique,AUC,Credibility,LagGlobal,MAP
50Traced_NONETRACED_SUM_RAW_LSA_91_MAX.csv,0.9387620127416045,0.42608071428571426,2.0238095238095237,0.913119131142341
