Technique,AUC,Credibility,LagGlobal,MAP
50Traced_NONETRACED_RFSMOTE_MULTI_VSM_91_SUM.csv,0.8638612190908109,0.758561202933169,2.1785714285714284,0.7985716356485909
