Technique,AUC,Credibility,LagGlobal,MAP
50Traced_NONETRACED_MAX_MULTI_VSM_76_MEDIAN.csv,0.9758159216067379,0.7562778571428571,1.3174603174603174,0.9643298540852681
