Technique,AUC,Credibility,LagGlobal,MAP
50Traced_NONETRACED_RFUNDER_MULTI_VSM_76_SUM.csv,0.8842423874311629,0.8172658653992627,2.2936507936507935,0.8241849936374537
