Technique,AUC,Credibility,LagGlobal,MAP
50Traced_NONETRACED_SUM_SINGLE_VSM_49_SUM.csv,0.9599901468523918,0.751938598693248,1.1587301587301588,0.9111384910057742
