Technique,AUC,Credibility,LagGlobal,MAP
50Traced_NONETRACED_MEDIAN_MULTI_VSM_93_SUM.csv,0.7876747921390779,0.6658949286390693,2.2936507936507935,0.6911867784604957
