Technique,AUC,Credibility,LagGlobal,MAP
50Traced_NONETRACED_RFUNDER_RAW_VSM_32_SUM.csv,0.8789446334089192,0.8069403103082619,2.2936507936507935,0.8633276784547818
