Technique,AUC,Credibility,LagGlobal,MAP
50Traced_NONETRACED_RFSMOTE_SINGLE_LSA_53_SUM.csv,0.844890535579311,0.7639495932730098,2.2182539682539684,0.8069115257910991
