Technique,AUC,Credibility,LagGlobal,MAP
50Traced_NONETRACED_MAX_SINGLE_VSM_74_SUM.csv,0.9782488392182269,0.7433141769847168,1.3928571428571428,0.9624641891978325
