Technique,AUC,Credibility,LagGlobal,MAP
50Traced_NONETRACED_MAX_SINGLE_LSA_74_SUM.csv,0.9632700302343159,0.7297158021848409,1.5357142857142858,0.9419148730338155
