Technique,AUC,Credibility,LagGlobal,MAP
50Traced_NONETRACED_MEDIAN_MULTI_VSM_75_SUM.csv,0.7785640049670662,0.6660547972207165,2.2976190476190474,0.6794815960901257
