Technique,AUC,Credibility,LagGlobal,MAP
50Traced_NONETRACED_MEDIAN_SINGLE_VSM_11_SUM.csv,0.7782231940395206,0.6640097690941386,2.2936507936507935,0.6807418462621964
