Technique,AUC,Credibility,LagGlobal,MAP
50Traced_NONETRACED_MEDIAN_MULTI_VSM_23_MAX.csv,0.7781422092646583,0.6757129761904762,2.2936507936507935,0.6794869023454924
