Technique,AUC,Credibility,LagGlobal,MAP
50Traced_NONETRACED_MEDIAN_MULTI_LSA_62_SUM.csv,0.7862001943634596,0.6632369111054723,2.2976190476190474,0.6890655554697915
