Technique,AUC,Credibility,LagGlobal,MAP
50Traced_NONETRACED_MEDIAN_MULTI_VSM_71_SUM.csv,0.787097775618184,0.6655405794597086,2.2936507936507935,0.6941595308411295
