Technique,AUC,Credibility,LagGlobal,MAP
50Traced_NONETRACED_RFNONE_MULTI_VSM_29_MEDIAN.csv,0.9320031584062196,0.8501840476190476,2.2182539682539684,0.9172313624231156
