Technique,AUC,Credibility,LagGlobal,MAP
50Traced_NONETRACED_RFNONE_MULTI_LSA_49_MAX.csv,0.9008307688154626,0.823307738095238,2.1547619047619047,0.8475946668134599
