Technique,AUC,Credibility,LagGlobal,MAP
50Traced_NONETRACED_SUM_SINGLE_VSM_57_SUM.csv,0.9724280585249973,0.7530572350251352,1.2023809523809523,0.9499199509300762
