Technique,AUC,Credibility,LagGlobal,MAP
50Traced_NONETRACED_RFNONE_SINGLE_LSA_68_MEDIAN.csv,0.9112508098477485,0.8339739285714286,2.2936507936507935,0.903671664016824
