Technique,AUC,Credibility,LagGlobal,MAP
50Traced_NONETRACED_RFUNDER_MULTI_VSM_64_MAX.csv,0.9031422092646583,0.81983,2.2182539682539684,0.7755463253005757
