Technique,AUC,Credibility,LagGlobal,MAP
50Traced_NONETRACED_RFNONE_RAW_VSM_32_MEDIAN.csv,0.869469414750027,0.7931707142857143,2.2182539682539684,0.8389269207665282
