Technique,AUC,Credibility,LagGlobal,MAP
50Traced_NONETRACED_RFSMOTE_MULTI_LSA_23_SUM.csv,0.8652852013821402,0.7401004745209843,2.2936507936507935,0.7345723703352821
