Technique,AUC,Credibility,LagGlobal,MAP
50Traced_NONETRACED_RFSMOTE_RAW_LSA_4_MEDIAN.csv,0.892604065435698,0.804715238095238,2.2222222222222223,0.8572592080195657
