Technique,AUC,Credibility,LagGlobal,MAP
50Traced_NONETRACED_RFNONE_MULTI_VSM_43_MAX.csv,0.896302370154411,0.8266527380952381,2.2182539682539684,0.8453157532285749
