Technique,AUC,Credibility,LagGlobal,MAP
50Traced_NONETRACED_RFSMOTE_MULTI_VSM_18_SUM.csv,0.8326922038656733,0.7280740259439655,2.2182539682539684,0.7423645191382776
