Technique,AUC,Credibility,LagGlobal,MAP
50Traced_NONETRACED_RFSMOTE_RAW_LSA_98_MEDIAN.csv,0.8527325612784796,0.7667545238095238,2.1547619047619047,0.7966352790575226
