Technique,AUC,Credibility,LagGlobal,MAP
50Traced_NONETRACED_RFSMOTE_RAW_VSM_36_MAX.csv,0.8917233560090703,0.8088929761904762,2.2936507936507935,0.8324721037961803
