Technique,AUC,Credibility,LagGlobal,MAP
50Traced_NONETRACED_RFUNDER_SINGLE_LSA_32_MEDIAN.csv,0.9052916801641292,0.841117380952381,2.2182539682539684,0.8972296215326659
