Technique,AUC,Credibility,LagGlobal,MAP
50Traced_NONETRACED_RFUNDER_MULTI_LSA_88_SUM.csv,0.874692932728647,0.7936543734576365,2.2936507936507935,0.8066966853853382
