Technique,AUC,Credibility,LagGlobal,MAP
50Traced_NONETRACED_RFUNDER_RAW_LSA_59_SUM.csv,0.8696381330309901,0.7822294580020108,2.2182539682539684,0.840791034106741
