Technique,AUC,Credibility,LagGlobal,MAP
50Traced_NONETRACED_MEDIAN_MULTI_VSM_80_SUM.csv,0.7801195875175466,0.6629178214495675,2.2936507936507935,0.6838576795734727
