Technique,AUC,Credibility,LagGlobal,MAP
50Traced_NONETRACED_RFSMOTE_MULTI_LSA_71_MAX.csv,0.8892060792570997,0.8022122619047619,2.123015873015873,0.7874211459116043
