Technique,AUC,Credibility,LagGlobal,MAP
50Traced_NONETRACED_MEDIAN_SINGLE_VSM_36_SUM.csv,0.7802106953892669,0.6641582085765034,2.2976190476190474,0.6831311189711244
