Technique,AUC,Credibility,LagGlobal,MAP
50Traced_NONETRACED_RFNONE_SINGLE_LSA_15_MEDIAN.csv,0.8942946226109492,0.8316605952380952,2.2936507936507935,0.8831458400775544
