Technique,AUC,Credibility,LagGlobal,MAP
50Traced_NONETRACED_SUM_RAW_LSA_62_SUM.csv,0.9491246895583629,0.7358813746562759,2.2142857142857144,0.9194953599943307
