Technique,AUC,Credibility,LagGlobal,MAP
50Traced_NONETRACED_RFUNDER_SINGLE_VSM_89_SUM.csv,0.9275287495950761,0.8340224080675136,2.1785714285714284,0.9162749690547993
