Technique,AUC,Credibility,LagGlobal,MAP
50Traced_NONETRACED_MAX_RAW_VSM_42_MEDIAN.csv,0.9503327124500595,0.796444880952381,2.2738095238095237,0.9377510199861323
