Technique,AUC,Credibility,LagGlobal,MAP
50Traced_NONETRACED_MAX_MULTI_LSA_2_SUM.csv,0.9471068189180434,0.7413536258775999,1.7817460317460319,0.9244098893165766
