Technique,AUC,Credibility,LagGlobal,MAP
50Traced_NONETRACED_RFNONE_RAW_LSA_81_MEDIAN.csv,0.8855955080444877,0.8068577380952381,2.2936507936507935,0.864603555012905
