Technique,AUC,Credibility,LagGlobal,MAP
50Traced_NONETRACED_SUM_RAW_VSM_7_MAX.csv,0.9363088489364,0.4374252380952381,2.119047619047619,0.906318904312847
