Technique,AUC,Credibility,LagGlobal,MAP
50Traced_NONETRACED_MAX_MULTI_VSM_74_MAX.csv,0.9398654302991039,0.7385878571428571,1.9722222222222223,0.9235386808527599
