Technique,AUC,Credibility,LagGlobal,MAP
50Traced_NONETRACED_RFUNDER_MULTI_LSA_41_MAX.csv,0.8764678490443796,0.7964633333333333,2.2222222222222223,0.7005680618210695
