Technique,AUC,Credibility,LagGlobal,MAP
50Traced_NONETRACED_RFSMOTE_RAW_LSA_74_SUM.csv,0.8479848288521757,0.7532863388477592,2.2936507936507935,0.7839788796663366
