Technique,AUC,Credibility,LagGlobal,MAP
50Traced_NONETRACED_SUM_MULTI_VSM_28_MAX.csv,0.9285714285714286,-0.11775095238095239,2.2777777777777777,0.8931016420950213
