Technique,AUC,Credibility,LagGlobal,MAP
50Traced_NONETRACED_SUM_MULTI_LSA_15_SUM.csv,0.9270394665802828,0.7287181181271624,2.1468253968253967,0.8932033024781211
