Technique,AUC,Credibility,LagGlobal,MAP
50Traced_NONETRACED_RFSMOTE_RAW_LSA_69_SUM.csv,0.9118986880466472,0.7997476617006367,2.1785714285714284,0.8807784299261484
