Technique,AUC,Credibility,LagGlobal,MAP
50Traced_NONETRACED_SUM_RAW_LSA_93_SUM.csv,0.9586842673577368,0.7434643802298266,2.1944444444444446,0.9372826907110359
