Technique,AUC,Credibility,LagGlobal,MAP
50Traced_NONETRACED_RFSMOTE_SINGLE_VSM_81_MAX.csv,0.8962045135514523,0.8097653571428571,2.2222222222222223,0.8558000310667332
