Technique,AUC,Credibility,LagGlobal,MAP
50Traced_NONETRACED_MAX_RAW_LSA_34_SUM.csv,0.936258233452111,0.7616691055622353,1.9801587301587302,0.9058546218495307
