Technique,AUC,Credibility,LagGlobal,MAP
50Traced_NONETRACED_SUM_MULTI_VSM_7_SUM.csv,0.9367373933700465,0.7288450789939684,1.2023809523809523,0.8891571656072588
