Technique,AUC,Credibility,LagGlobal,MAP
50Traced_NONETRACED_RFNONE_SINGLE_VSM_4_SUM.csv,0.894075288845697,0.8256441367333882,2.2936507936507935,0.886203613421862
