Technique,AUC,Credibility,LagGlobal,MAP
50Traced_NONETRACED_SUM_SINGLE_VSM_8_SUM.csv,0.9631384299751647,0.7444661227939432,1.1388888888888888,0.9258145818824371
