Technique,AUC,Credibility,LagGlobal,MAP
50Traced_NONETRACED_MAX_MULTI_LSA_41_SUM.csv,0.961900037792895,0.7265600029288357,1.5753968253968254,0.9429763177973668
