Technique,AUC,Credibility,LagGlobal,MAP
50Traced_NONETRACED_SUM_MULTI_VSM_64_SUM.csv,0.9568283662671417,0.7401435665949418,1.5595238095238095,0.9177443046845323
