Technique,AUC,Credibility,LagGlobal,MAP
50Traced_NONETRACED_SUM_RAW_VSM_45_MAX.csv,0.9608033689666343,0.5122238095238095,1.2222222222222223,0.9286238129589797
