Technique,AUC,Credibility,LagGlobal,MAP
50Traced_NONETRACED_RFSMOTE_RAW_VSM_28_SUM.csv,0.9301810009718173,0.7969138358926633,2.1785714285714284,0.905998246641736
