Technique,AUC,Credibility,LagGlobal,MAP
50Traced_NONETRACED_RFUNDER_RAW_VSM_58_SUM.csv,0.8890980995572831,0.8111725771562623,2.2936507936507935,0.8695130198893954
