Technique,AUC,Credibility,LagGlobal,MAP
50Traced_NONETRACED_MEDIAN_MULTI_LSA_0_SUM.csv,0.7828696954972465,0.6640816628605261,2.2936507936507935,0.6871091274621309
