Technique,AUC,Credibility,LagGlobal,MAP
50Traced_NONETRACED_RFNONE_SINGLE_LSA_87_SUM.csv,0.8844448493683187,0.7898460683057612,2.2182539682539684,0.8513719042653457
