Technique,AUC,Credibility,LagGlobal,MAP
50Traced_NONETRACED_MAX_RAW_VSM_68_SUM.csv,0.9601318702084009,0.7697602702408194,1.5714285714285714,0.9360924798555984
