Technique,AUC,Credibility,LagGlobal,MAP
50Traced_NONETRACED_RFSMOTE_MULTI_VSM_22_SUM.csv,0.8395961559226865,0.7586179660603845,2.2261904761904763,0.7643625843986985
