Technique,AUC,Credibility,LagGlobal,MAP
50Traced_NONETRACED_MAX_MULTI_VSM_58_MAX.csv,0.9685374149659864,0.7480364285714286,1.6666666666666667,0.9540543275400382
