Technique,AUC,Credibility,LagGlobal,MAP
50Traced_NONETRACED_MAX_RAW_LSA_3_MEDIAN.csv,0.9598585465932405,0.8141534523809524,1.9325396825396826,0.946084703374894
