Technique,AUC,Credibility,LagGlobal,MAP
50Traced_NONETRACED_MEDIAN_MULTI_VSM_37_SUM.csv,0.7922774268437534,0.6668413262285376,2.2936507936507935,0.7012857818227649
