Technique,AUC,Credibility,LagGlobal,MAP
50Traced_NONETRACED_SUM_RAW_VSM_96_SUM.csv,0.9454533797646042,0.7402653231674079,1.9206349206349207,0.9199039949835351
