Technique,AUC,Credibility,LagGlobal,MAP
50Traced_NONETRACED_RFUNDER_RAW_VSM_38_MAX.csv,0.9028992549400712,0.82411,2.2182539682539684,0.8702704925654132
