Technique,AUC,Credibility,LagGlobal,MAP
50Traced_NONETRACED_MAX_RAW_LSA_10_SUM.csv,0.9507983749055178,0.7666889532724166,1.9880952380952381,0.9331807116689402
