Technique,AUC,Credibility,LagGlobal,MAP
50Traced_NONETRACED_RFSMOTE_MULTI_VSM_26_MAX.csv,0.8643639995680812,0.7782528571428572,2.2261904761904763,0.7516904865715699
