Technique,AUC,Credibility,LagGlobal,MAP
50Traced_NONETRACED_SUM_RAW_LSA_65_SUM.csv,0.9317804502753483,0.73973293337078,1.7103174603174602,0.8856968075760537
