Technique,AUC,Credibility,LagGlobal,MAP
50Traced_NONETRACED_MAX_SINGLE_LSA_60_MEDIAN.csv,0.9759272756721737,0.7443709523809524,1.1071428571428572,0.9567479601606523
