Technique,AUC,Credibility,LagGlobal,MAP
50Traced_NONETRACED_SUM_MULTI_LSA_42_MEDIAN.csv,0.9535889752726486,-0.15425130952380953,1.3134920634920635,0.9126971539425249
