Technique,AUC,Credibility,LagGlobal,MAP
50Traced_NONETRACED_RFUNDER_SINGLE_LSA_32_SUM.csv,0.9052916801641291,0.8324990860067636,2.2182539682539684,0.8972296215326659
