Technique,AUC,Credibility,LagGlobal,MAP
50Traced_NONETRACED_RFNONE_MULTI_LSA_84_SUM.csv,0.9089292463016952,0.8256441367333882,2.2182539682539684,0.8917917174478465
