Technique,AUC,Credibility,LagGlobal,MAP
50Traced_NONETRACED_RFSMOTE_SINGLE_VSM_16_MEDIAN.csv,0.8792618237771299,0.7938814285714285,2.2936507936507935,0.8434230707594178
