Technique,AUC,Credibility,LagGlobal,MAP
50Traced_NONETRACED_MAX_RAW_VSM_56_MEDIAN.csv,0.9563896987366374,0.7893797619047619,1.9761904761904763,0.9369326356385665
