Technique,AUC,Credibility,LagGlobal,MAP
50Traced_NONETRACED_SUM_SINGLE_LSA_94_SUM.csv,0.9628381114350503,0.7551455764623386,0.8492063492063492,0.9146133743122996
