Technique,AUC,Credibility,LagGlobal,MAP
50Traced_NONETRACED_MAX_SINGLE_VSM_0_SUM.csv,0.9804050588489364,0.7432994058727197,0.8015873015873016,0.9632276359555768
