Technique,AUC,Credibility,LagGlobal,MAP
50Traced_NONETRACED_RFSMOTE_RAW_VSM_70_SUM.csv,0.8888382734045999,0.7829911190323858,2.2976190476190474,0.8554842579369235
