Technique,AUC,Credibility,LagGlobal,MAP
50Traced_NONETRACED_SUM_SINGLE_VSM_67_MEDIAN.csv,0.9520772594752187,-0.19896285714285714,1.0238095238095237,0.9054265595218518
