Technique,AUC,Credibility,LagGlobal,MAP
50Traced_NONETRACED_MAX_RAW_VSM_89_SUM.csv,0.9278695605226217,0.7640209197135318,2.2103174603174605,0.9092781433568184
