Technique,AUC,Credibility,LagGlobal,MAP
50Traced_NONETRACED_RFNONE_MULTI_VSM_20_MAX.csv,0.8831828366267143,0.805862261904762,2.2936507936507935,0.8344002072936321
