Technique,AUC,Credibility,LagGlobal,MAP
50Traced_NONETRACED_RFSMOTE_MULTI_VSM_0_SUM.csv,0.8547571806500378,0.7738511866678853,2.2222222222222223,0.8060019897476535
