Technique,AUC,Credibility,LagGlobal,MAP
50Traced_NONETRACED_RFSMOTE_RAW_VSM_46_MEDIAN.csv,0.8472694633408919,0.7579802380952381,2.2182539682539684,0.7940516052055377
