Technique,AUC,Credibility,LagGlobal,MAP
50Traced_NONETRACED_SUM_SINGLE_LSA_13_SUM.csv,0.9448122502969442,0.7508890718899758,1.3412698412698412,0.8979368052185542
