Technique,AUC,Credibility,LagGlobal,MAP
50Traced_NONETRACED_SUM_RAW_VSM_11_SUM.csv,0.9695665964798618,0.7587989489127769,1.9325396825396826,0.9467730186277252
