Technique,AUC,Credibility,LagGlobal,MAP
50Traced_NONETRACED_SUM_RAW_LSA_16_SUM.csv,0.9534843699384515,0.7418483777256659,2.134920634920635,0.93111424704964
