Technique,AUC,Credibility,LagGlobal,MAP
50Traced_NONETRACED_MEDIAN_SINGLE_VSM_16_SUM.csv,0.7799981103552532,0.6649526346950858,2.2936507936507935,0.685055092357425
