Technique,AUC,Credibility,LagGlobal,MAP
50Traced_NONETRACED_SUM_RAW_VSM_76_MAX.csv,0.9566933916423712,0.4639213095238095,1.5317460317460319,0.9280002609419985
