Technique,AUC,Credibility,LagGlobal,MAP
50Traced_NONETRACED_MAX_SINGLE_VSM_82_SUM.csv,0.9751511715797431,0.728622917985394,1.6150793650793651,0.9609392098170263
