Technique,AUC,Credibility,LagGlobal,MAP
50Traced_NONETRACED_RFSMOTE_SINGLE_LSA_88_SUM.csv,0.8789581308713962,0.7960882028289894,2.2182539682539684,0.8517717248403571
