Technique,AUC,Credibility,LagGlobal,MAP
50Traced_NONETRACED_RFNONE_SINGLE_LSA_69_SUM.csv,0.9023762282690854,0.8203125095207628,2.2182539682539684,0.8911358570972626
