Technique,AUC,Credibility,LagGlobal,MAP
50Traced_NONETRACED_MEDIAN_RAW_LSA_21_SUM.csv,0.7823871612136919,0.6642975556119428,2.2936507936507935,0.6851410193726031
