Technique,AUC,Credibility,LagGlobal,MAP
50Traced_NONETRACED_RFUNDER_SINGLE_VSM_67_SUM.csv,0.8924151009610193,0.8256441367333882,2.2182539682539684,0.8791917495600148
