Technique,AUC,Credibility,LagGlobal,MAP
50Traced_NONETRACED_MAX_MULTI_VSM_33_SUM.csv,0.9206922848504482,0.7194121911275196,2.2817460317460316,0.8959859477781841
