Technique,AUC,Credibility,LagGlobal,MAP
50Traced_NONETRACED_MEDIAN_RAW_VSM_98_SUM.csv,0.7793907245437859,0.6634597817812737,2.2976190476190474,0.6809804532519395
