Technique,AUC,Credibility,LagGlobal,MAP
50Traced_NONETRACED_RFSMOTE_SINGLE_LSA_48_SUM.csv,0.798533500701868,0.6991066055998542,2.2936507936507935,0.6901839612129544
