Technique,AUC,Credibility,LagGlobal,MAP
50Traced_NONETRACED_MAX_SINGLE_VSM_17_MEDIAN.csv,0.9768079850988015,0.745082380952381,0.9484126984126984,0.9589245577056054
