Technique,AUC,Credibility,LagGlobal,MAP
50Traced_NONETRACED_RFNONE_RAW_VSM_90_SUM.csv,0.8652885757477593,0.7689579341308083,2.2936507936507935,0.8347347704803946
