Technique,AUC,Credibility,LagGlobal,MAP
50Traced_NONETRACED_RFSMOTE_SINGLE_LSA_46_SUM.csv,0.8102560468631896,0.72745012594142,2.2936507936507935,0.7568062206079699
