Technique,AUC,Credibility,LagGlobal,MAP
50Traced_NONETRACED_RFUNDER_MULTI_LSA_61_SUM.csv,0.9132821779505453,0.8317374249763885,2.2182539682539684,0.8680685881645859
