Technique,AUC,Credibility,LagGlobal,MAP
50Traced_NONETRACED_RFSMOTE_MULTI_LSA_13_SUM.csv,0.8634630439477378,0.7443149341690318,2.0515873015873014,0.7617358282109136
