Technique,AUC,Credibility,LagGlobal,MAP
50Traced_NONETRACED_RFUNDER_MULTI_LSA_37_SUM.csv,0.9163798455890293,0.8286907808548883,2.2936507936507935,0.8728880671039101
