Technique,AUC,Credibility,LagGlobal,MAP
50Traced_NONETRACED_MAX_SINGLE_LSA_53_MEDIAN.csv,0.9774119965446495,0.7460561904761904,1.0555555555555556,0.9629825005367137
