Technique,AUC,Credibility,LagGlobal,MAP
50Traced_NONETRACED_RFNONE_MULTI_LSA_52_MAX.csv,0.9005709426627793,0.8297844047619047,2.2936507936507935,0.8643158188427897
