Technique,AUC,Credibility,LagGlobal,MAP
50Traced_NONETRACED_RFNONE_SINGLE_VSM_30_MAX.csv,0.9075322589353202,0.8341505952380952,2.2182539682539684,0.8900692531094906
