Technique,AUC,Credibility,LagGlobal,MAP
50Traced_NONETRACED_MEDIAN_MULTI_LSA_43_SUM.csv,0.7821577043515819,0.6670734477536597,2.2976190476190474,0.6832032178402185
