Technique,AUC,Credibility,LagGlobal,MAP
50Traced_NONETRACED_MEDIAN_SINGLE_LSA_79_SUM.csv,0.7830991523593565,0.6642351771969889,2.2936507936507935,0.6845420658066534
