Technique,AUC,Credibility,LagGlobal,MAP
50Traced_NONETRACED_RFSMOTE_RAW_LSA_43_SUM.csv,0.9068945038332794,0.8005093227310118,2.1547619047619047,0.88061784082666
