Technique,AUC,Credibility,LagGlobal,MAP
50Traced_NONETRACED_SUM_MULTI_VSM_52_SUM.csv,0.937935293164885,0.7313994765917843,2.1626984126984126,0.8998792540167431
