Technique,AUC,Credibility,LagGlobal,MAP
50Traced_NONETRACED_RFUNDER_RAW_LSA_19_SUM.csv,0.8869621261202894,0.8005093227310118,2.2936507936507935,0.8694857857520377
