Technique,AUC,Credibility,LagGlobal,MAP
50Traced_NONETRACED_MAX_SINGLE_VSM_54_SUM.csv,0.9668704783500702,0.7329868249441829,1.2777777777777777,0.9450899767551625
