Technique,AUC,Credibility,LagGlobal,MAP
50Traced_NONETRACED_RFSMOTE_SINGLE_VSM_21_MAX.csv,0.841124743548213,0.7453291666666667,2.2222222222222223,0.747369627448622
