Technique,AUC,Credibility,LagGlobal,MAP
50Traced_NONETRACED_SUM_SINGLE_VSM_26_MEDIAN.csv,0.9579722762120723,-0.17204321428571429,1.4841269841269842,0.9202574302899528
