Technique,AUC,Credibility,LagGlobal,MAP
50Traced_NONETRACED_RFSMOTE_SINGLE_LSA_76_SUM.csv,0.86858533095778,0.7697464413239526,2.2182539682539684,0.8148415718436189
