Technique,AUC,Credibility,LagGlobal,MAP
50Traced_NONETRACED_SUM_SINGLE_LSA_91_SUM.csv,0.956102877659,0.7406778944177581,1.257936507936508,0.9097709738213668
