Technique,AUC,Credibility,LagGlobal,MAP
50Traced_NONETRACED_MAX_MULTI_LSA_97_MEDIAN.csv,0.9698534175574992,0.7627732142857143,1.257936507936508,0.9560304353360998
