Technique,AUC,Credibility,LagGlobal,MAP
50Traced_NONETRACED_MAX_SINGLE_LSA_29_MEDIAN.csv,0.9766055231616457,0.7487771428571428,0.8611111111111112,0.9592876334629703
