Technique,AUC,Credibility,LagGlobal,MAP
50Traced_NONETRACED_SUM_MULTI_VSM_52_MAX.csv,0.9364168286362164,-0.29332833333333336,2.0634920634920637,0.896586199212592
