Technique,AUC,Credibility,LagGlobal,MAP
50Traced_NONETRACED_RFSMOTE_SINGLE_LSA_5_MAX.csv,0.8500364431486881,0.7543465476190476,2.2936507936507935,0.8046411984449464
