Technique,AUC,Credibility,LagGlobal,MAP
50Traced_NONETRACED_RFNONE_RAW_VSM_46_MAX.csv,0.8771832145556635,0.8018123809523809,2.2182539682539684,0.8500405743451215
