Technique,AUC,Credibility,LagGlobal,MAP
50Traced_NONETRACED_RFUNDER_MULTI_LSA_76_MEDIAN.csv,0.901077097505669,0.8228192857142858,2.2222222222222223,0.7774838925656179
