Technique,AUC,Credibility,LagGlobal,MAP
50Traced_NONETRACED_RFUNDER_MULTI_VSM_14_SUM.csv,0.9274410160889752,0.8363073911586387,2.123015873015873,0.8907785175728277
