Technique,AUC,Credibility,LagGlobal,MAP
50Traced_NONETRACED_RFUNDER_MULTI_VSM_68_SUM.csv,0.8910451085195984,0.8294524418852633,2.2182539682539684,0.8733850985069557
