Technique,AUC,Credibility,LagGlobal,MAP
50Traced_NONETRACED_RFUNDER_SINGLE_VSM_18_MEDIAN.csv,0.9226662887377173,0.8543288095238095,2.2182539682539684,0.9011650561207298
