Technique,AUC,Credibility,LagGlobal,MAP
50Traced_NONETRACED_RFSMOTE_SINGLE_LSA_19_SUM.csv,0.833238851095994,0.7364840428403141,2.1785714285714284,0.7387888185908654
