Technique,AUC,Credibility,LagGlobal,MAP
50Traced_NONETRACED_MAX_SINGLE_LSA_12_MAX.csv,0.9765684051398337,0.7465980952380953,1.0674603174603174,0.9597730556864974
