Technique,AUC,Credibility,LagGlobal,MAP
50Traced_NONETRACED_MEDIAN_RAW_LSA_13_SUM.csv,0.778432404707915,0.6639190560771377,2.2936507936507935,0.6819885476341601
