Technique,AUC,Credibility,LagGlobal,MAP
50Traced_NONETRACED_SUM_RAW_VSM_13_MEDIAN.csv,0.9759407731346507,0.37348916666666665,1.0952380952380953,0.9563003263893907
