Technique,AUC,Credibility,LagGlobal,MAP
50Traced_NONETRACED_RFNONE_MULTI_LSA_2_SUM.csv,0.875499406111651,0.8165042043688877,2.2182539682539684,0.854804741240171
