Technique,AUC,Credibility,LagGlobal,MAP
50Traced_NONETRACED_RFUNDER_SINGLE_LSA_17_SUM.csv,0.9437594482237339,0.8492556286750145,1.623015873015873,0.9354014494977136
