Technique,AUC,Credibility,LagGlobal,MAP
50Traced_NONETRACED_SUM_RAW_VSM_60_MAX.csv,0.9524923064463882,0.5343545238095239,1.9880952380952381,0.9203060643489723
