Technique,AUC,Credibility,LagGlobal,MAP
50Traced_NONETRACED_RFSMOTE_SINGLE_VSM_34_MEDIAN.csv,0.8524524889320808,0.735705119047619,2.123015873015873,0.7553422815087344
