Technique,AUC,Credibility,LagGlobal,MAP
50Traced_NONETRACED_SUM_SINGLE_LSA_37_SUM.csv,0.9579823993089299,0.7501897583921318,0.9722222222222222,0.9122556753169175
