Technique,AUC,Credibility,LagGlobal,MAP
50Traced_NONETRACED_RFNONE_RAW_LSA_11_MEDIAN.csv,0.880645313681028,0.8022164285714286,2.2936507936507935,0.8609194852267258
