Technique,AUC,Credibility,LagGlobal,MAP
50Traced_NONETRACED_RFUNDER_SINGLE_VSM_65_SUM.csv,0.9068675089083252,0.8324990860067636,2.2936507936507935,0.8931710153913152
