Technique,AUC,Credibility,LagGlobal,MAP
50Traced_NONETRACED_RFSMOTE_RAW_LSA_26_SUM.csv,0.8697427383651875,0.7769158956287963,2.2182539682539684,0.8094073106759277
