Technique,AUC,Credibility,LagGlobal,MAP
50Traced_NONETRACED_RFUNDER_SINGLE_VSM_7_SUM.csv,0.8874311629413669,0.7922605087637661,2.2182539682539684,0.8464889806330382
