Technique,AUC,Credibility,LagGlobal,MAP
50Traced_NONETRACED_MAX_MULTI_LSA_97_SUM.csv,0.9607426303854876,0.7517788706284638,1.757936507936508,0.9469889029798014
