Technique,AUC,Credibility,LagGlobal,MAP
50Traced_NONETRACED_SUM_RAW_LSA_14_MEDIAN.csv,0.9597438181621856,0.43370273809523807,1.5198412698412698,0.9416347382158634
