Technique,AUC,Credibility,LagGlobal,MAP
50Traced_NONETRACED_RFNONE_RAW_VSM_27_MAX.csv,0.9272520516142965,0.8342438095238095,2.1547619047619047,0.9124064602047036
