Technique,AUC,Credibility,LagGlobal,MAP
50Traced_NONETRACED_RFUNDER_RAW_VSM_63_MAX.csv,0.8895333927221682,0.8097615476190476,2.2182539682539684,0.8653995083806204
