Technique,AUC,Credibility,LagGlobal,MAP
50Traced_NONETRACED_RFUNDER_MULTI_LSA_94_MAX.csv,0.898337112622827,0.8218964285714285,2.2182539682539684,0.777834263013202
