Technique,AUC,Credibility,LagGlobal,MAP
50Traced_NONETRACED_RFUNDER_SINGLE_LSA_24_MEDIAN.csv,0.9217079689018466,0.8480536904761905,2.123015873015873,0.9101875127495198
