Technique,AUC,Credibility,LagGlobal,MAP
50Traced_NONETRACED_RFUNDER_SINGLE_LSA_33_MEDIAN.csv,0.9134711424252242,0.8436626190476191,2.123015873015873,0.8906795083570412
