Technique,AUC,Credibility,LagGlobal,MAP
50Traced_NONETRACED_MAX_RAW_VSM_99_MAX.csv,0.9504339434186373,0.7893391666666667,1.9642857142857142,0.9293853497889248
