Technique,AUC,Credibility,LagGlobal,MAP
50Traced_NONETRACED_RFNONE_SINGLE_LSA_6_MEDIAN.csv,0.8823864863405679,0.7846903571428572,2.2182539682539684,0.8466344862852219
