Technique,AUC,Credibility,LagGlobal,MAP
50Traced_NONETRACED_RFSMOTE_RAW_VSM_73_MEDIAN.csv,0.9036719846668826,0.8126382142857143,2.1587301587301586,0.855544960722639
