Technique,AUC,Credibility,LagGlobal,MAP
50Traced_NONETRACED_MAX_RAW_LSA_22_SUM.csv,0.9548172443580606,0.7691938341218917,1.7698412698412698,0.932537609233383
