Technique,AUC,Credibility,LagGlobal,MAP
50Traced_NONETRACED_SUM_MULTI_LSA_54_MAX.csv,0.9426863999568081,-0.18244154761904763,2.0396825396825395,0.912537947898945
