Technique,AUC,Credibility,LagGlobal,MAP
50Traced_NONETRACED_MAX_MULTI_LSA_55_SUM.csv,0.9550939423388403,0.7464004202163458,1.9722222222222223,0.9428241251737697
