Technique,AUC,Credibility,LagGlobal,MAP
50Traced_NONETRACED_RFUNDER_MULTI_VSM_30_MEDIAN.csv,0.9200410322859303,0.8472773809523809,2.2182539682539684,0.8644586956639068
