Technique,AUC,Credibility,LagGlobal,MAP
50Traced_NONETRACED_MEDIAN_MULTI_VSM_19_MAX.csv,0.7777980239714934,0.6756780952380952,2.2936507936507935,0.6793035174298868
