Technique,AUC,Credibility,LagGlobal,MAP
50Traced_NONETRACED_RFSMOTE_SINGLE_VSM_22_MEDIAN.csv,0.8846203163805205,0.7826709523809524,2.2261904761904763,0.8118344477717275
