Technique,AUC,Credibility,LagGlobal,MAP
50Traced_NONETRACED_RFNONE_SINGLE_LSA_27_SUM.csv,0.8859430677032718,0.8066026109740121,2.2182539682539684,0.8625959264950126
