Technique,AUC,Credibility,LagGlobal,MAP
50Traced_NONETRACED_SUM_RAW_LSA_95_MEDIAN.csv,0.9504035741280639,0.5105857142857143,2.119047619047619,0.9164538502159604
