Technique,AUC,Credibility,LagGlobal,MAP
50Traced_NONETRACED_MEDIAN_MULTI_LSA_23_SUM.csv,0.7843712881978189,0.6711410848240046,2.2936507936507935,0.6866939900420448
