Technique,AUC,Credibility,LagGlobal,MAP
50Traced_NONETRACED_RFNONE_RAW_VSM_79_MAX.csv,0.8779998110355253,0.7928465476190476,2.2936507936507935,0.8568445574042483
