Technique,AUC,Credibility,LagGlobal,MAP
50Traced_NONETRACED_RFSMOTE_MULTI_LSA_17_MAX.csv,0.9142877389050859,0.8369875,2.0198412698412698,0.8447477296648513
