Technique,AUC,Credibility,LagGlobal,MAP
50Traced_NONETRACED_MAX_MULTI_LSA_53_MAX.csv,0.9682742144476839,0.7525733333333333,2.2222222222222223,0.9570936613325899
