Technique,AUC,Credibility,LagGlobal,MAP
50Traced_NONETRACED_SUM_SINGLE_LSA_55_MAX.csv,0.9461754940071266,-0.2217125,1.2103174603174602,0.893922597623993
