Technique,AUC,Credibility,LagGlobal,MAP
50Traced_NONETRACED_MAX_RAW_LSA_47_SUM.csv,0.957624716553288,0.7714255522731918,2.1904761904761907,0.9454405327631847
