Technique,AUC,Credibility,LagGlobal,MAP
50Traced_NONETRACED_RFNONE_MULTI_LSA_8_SUM.csv,0.8917840945902171,0.8058409499436371,2.0476190476190474,0.8267373151426396
