Technique,AUC,Credibility,LagGlobal,MAP
50Traced_NONETRACED_MEDIAN_RAW_LSA_50_SUM.csv,0.7774268437533743,0.6641823401886682,2.2936507936507935,0.6805158350067817
