Technique,AUC,Credibility,LagGlobal,MAP
50Traced_NONETRACED_RFSMOTE_RAW_LSA_73_SUM.csv,0.8922565057769141,0.7837527800627608,2.3015873015873014,0.8486790307192015
