Technique,AUC,Credibility,LagGlobal,MAP
50Traced_NONETRACED_RFNONE_SINGLE_LSA_19_SUM.csv,0.8821199114566463,0.8066026109740121,2.2182539682539684,0.8611137891684877
