Technique,AUC,Credibility,LagGlobal,MAP
50Traced_NONETRACED_RFNONE_SINGLE_VSM_74_SUM.csv,0.9207057823129251,0.8355457301282637,2.2182539682539684,0.9115125939559289
