Technique,AUC,Credibility,LagGlobal,MAP
50Traced_NONETRACED_SUM_MULTI_VSM_12_MEDIAN.csv,0.9577428193499623,-0.23210083333333334,1.5436507936507937,0.9202678621807653
