Technique,AUC,Credibility,LagGlobal,MAP
50Traced_NONETRACED_RFSMOTE_SINGLE_VSM_14_SUM.csv,0.878738797106144,0.7768978307893855,2.2182539682539684,0.8252159553733706
