Technique,AUC,Credibility,LagGlobal,MAP
50Traced_NONETRACED_MAX_MULTI_LSA_32_SUM.csv,0.9499885271568944,0.7505088602707813,1.7896825396825398,0.9301779320212252
