Technique,AUC,Credibility,LagGlobal,MAP
50Traced_NONETRACED_RFSMOTE_RAW_LSA_69_MEDIAN.csv,0.90973234531908,0.8072444047619047,2.1785714285714284,0.8598012917399485
