Technique,AUC,Credibility,LagGlobal,MAP
50Traced_NONETRACED_SUM_MULTI_LSA_39_SUM.csv,0.9245491847532664,0.7287476803173966,1.996031746031746,0.8792872278419304
