Technique,AUC,Credibility,LagGlobal,MAP
50Traced_NONETRACED_SUM_RAW_VSM_58_MAX.csv,0.9366732804232805,0.5004538095238096,1.8015873015873016,0.8974952777735813
