Technique,AUC,Credibility,LagGlobal,MAP
50Traced_NONETRACED_RFUNDER_MULTI_VSM_48_SUM.csv,0.9378408109275457,0.839354035280139,2.123015873015873,0.8852901582604553
