Technique,AUC,Credibility,LagGlobal,MAP
50Traced_NONETRACED_RFSMOTE_MULTI_LSA_69_MEDIAN.csv,0.8416646420472951,0.7577307142857143,2.2936507936507935,0.753881166787904
