Technique,AUC,Credibility,LagGlobal,MAP
50Traced_NONETRACED_SUM_RAW_LSA_41_MAX.csv,0.9552255425979916,0.4194875,1.6944444444444444,0.9359931304867609
