Technique,AUC,Credibility,LagGlobal,MAP
50Traced_NONETRACED_MAX_SINGLE_LSA_62_MEDIAN.csv,0.9819268977432243,0.7589191666666667,0.8333333333333334,0.9657657561633627
