Technique,AUC,Credibility,LagGlobal,MAP
50Traced_NONETRACED_RFNONE_MULTI_VSM_97_SUM.csv,0.9003414858006695,0.8195508484903878,2.2182539682539684,0.8832861864238334
