Technique,AUC,Credibility,LagGlobal,MAP
50Traced_NONETRACED_RFUNDER_RAW_LSA_28_SUM.csv,0.9158163265306123,0.8294524418852633,2.2936507936507935,0.89431647114516
