Technique,AUC,Credibility,LagGlobal,MAP
50Traced_NONETRACED_MAX_SINGLE_LSA_16_MAX.csv,0.9822035957240038,0.7449334523809524,1.0476190476190477,0.9689396027730489
