Technique,AUC,Credibility,LagGlobal,MAP
50Traced_NONETRACED_RFUNDER_MULTI_LSA_44_SUM.csv,0.9109302451139185,0.7967010175791366,2.2222222222222223,0.8208388718973652
