Technique,AUC,Credibility,LagGlobal,MAP
50Traced_NONETRACED_RFNONE_SINGLE_LSA_7_SUM.csv,0.8895671363783609,0.8201178693902356,2.2182539682539684,0.8729152344139895
