Technique,AUC,Credibility,LagGlobal,MAP
50Traced_NONETRACED_SUM_SINGLE_VSM_90_SUM.csv,0.9663407029478459,0.7499960331708985,0.8373015873015873,0.9275869344673666
