Technique,AUC,Credibility,LagGlobal,MAP
50Traced_NONETRACED_RFSMOTE_SINGLE_LSA_10_MEDIAN.csv,0.83820591728755,0.7302133333333334,2.2936507936507935,0.7414077003759764
