Technique,AUC,Credibility,LagGlobal,MAP
50Traced_NONETRACED_RFUNDER_SINGLE_LSA_66_MAX.csv,0.9087537792894935,0.8451621428571429,2.2182539682539684,0.8772897020754167
