Technique,AUC,Credibility,LagGlobal,MAP
50Traced_NONETRACED_MAX_SINGLE_VSM_80_MEDIAN.csv,0.9769227135298564,0.7438245238095238,0.6587301587301587,0.9568648068327277
