Technique,AUC,Credibility,LagGlobal,MAP
50Traced_NONETRACED_MEDIAN_MULTI_VSM_68_SUM.csv,0.782569376957132,0.6628622177112408,2.3015873015873014,0.6871592421288297
