Technique,AUC,Credibility,LagGlobal,MAP
50Traced_NONETRACED_SUM_SINGLE_VSM_1_MAX.csv,0.9654768653493144,-0.3090086904761905,1.7023809523809523,0.9298988108173567
