Technique,AUC,Credibility,LagGlobal,MAP
50Traced_NONETRACED_RFSMOTE_RAW_VSM_91_MAX.csv,0.8639152089407192,0.7920638095238095,2.2222222222222223,0.7920931415952635
