Technique,AUC,Credibility,LagGlobal,MAP
50Traced_NONETRACED_RFNONE_MULTI_LSA_36_MEDIAN.csv,0.8834224165856819,0.8121484523809523,2.2182539682539684,0.7736367438589039
