Technique,AUC,Credibility,LagGlobal,MAP
50Traced_NONETRACED_MAX_SINGLE_VSM_88_SUM.csv,0.9635568513119533,0.7318541257676432,1.1150793650793651,0.9414565422025146
