Technique,AUC,Credibility,LagGlobal,MAP
50Traced_NONETRACED_RFUNDER_SINGLE_LSA_44_SUM.csv,0.9113756613756613,0.8355457301282637,2.2182539682539684,0.9002203739743486
