Technique,AUC,Credibility,LagGlobal,MAP
50Traced_NONETRACED_MAX_SINGLE_LSA_96_MEDIAN.csv,0.9870998002375553,0.7543058333333333,0.9603174603174603,0.9769614018191168
