Technique,AUC,Credibility,LagGlobal,MAP
50Traced_NONETRACED_RFNONE_RAW_LSA_69_SUM.csv,0.8691151063600043,0.7822294580020108,2.2182539682539684,0.8406955715766824
