Technique,AUC,Credibility,LagGlobal,MAP
50Traced_NONETRACED_RFNONE_RAW_VSM_3_MEDIAN.csv,0.8882275132275133,0.8080546428571429,2.2182539682539684,0.8669260098743635
