Technique,AUC,Credibility,LagGlobal,MAP
50Traced_NONETRACED_RFUNDER_MULTI_VSM_12_MEDIAN.csv,0.8836080066947414,0.8220970238095238,2.2182539682539684,0.7939759180768445
