Technique,AUC,Credibility,LagGlobal,MAP
50Traced_NONETRACED_RFUNDER_RAW_LSA_27_SUM.csv,0.9007329122125041,0.8157425433385126,2.2182539682539684,0.8736050881984716
