Technique,AUC,Credibility,LagGlobal,MAP
50Traced_NONETRACED_SUM_SINGLE_VSM_4_MEDIAN.csv,0.9607527534823453,-0.2502782142857143,0.8253968253968254,0.9177322986410423
