Technique,AUC,Credibility,LagGlobal,MAP
50Traced_NONETRACED_RFNONE_SINGLE_VSM_83_SUM.csv,0.851534661483641,0.7837527800627608,2.2182539682539684,0.8208705976420424
