Technique,AUC,Credibility,LagGlobal,MAP
50Traced_NONETRACED_SUM_MULTI_LSA_93_MEDIAN.csv,0.9473835168988229,-0.13096738095238095,1.8214285714285714,0.9070287168143422
