Technique,AUC,Credibility,LagGlobal,MAP
50Traced_NONETRACED_MEDIAN_MULTI_VSM_73_MEDIAN.csv,0.778574128063924,0.6758134523809524,2.2936507936507935,0.6797149957224228
