Technique,AUC,Credibility,LagGlobal,MAP
50Traced_NONETRACED_RFSMOTE_MULTI_VSM_54_SUM.csv,0.849587652521326,0.7814677969716357,2.2182539682539684,0.8033245538794433
