Technique,AUC,Credibility,LagGlobal,MAP
50Traced_NONETRACED_RFNONE_RAW_VSM_91_MAX.csv,0.8756478781988986,0.8016516666666667,2.1785714285714284,0.8530070843865101
