Technique,AUC,Credibility,LagGlobal,MAP
50Traced_NONETRACED_SUM_RAW_LSA_41_SUM.csv,0.9606650199762444,0.7502489416490081,1.4880952380952381,0.938786061237277
