Technique,AUC,Credibility,LagGlobal,MAP
50Traced_NONETRACED_RFNONE_RAW_LSA_67_SUM.csv,0.864411240686751,0.7759342889389119,2.2182539682539684,0.8339636968892956
