Technique,AUC,Credibility,LagGlobal,MAP
50Traced_NONETRACED_RFSMOTE_RAW_VSM_80_SUM.csv,0.8726210722384191,0.7974626786095116,2.1785714285714284,0.8331211565519283
