Technique,AUC,Credibility,LagGlobal,MAP
50Traced_NONETRACED_MEDIAN_MULTI_VSM_37_MAX.csv,0.7786044973544973,0.6757605952380953,2.2936507936507935,0.6797270472706691
