Technique,AUC,Credibility,LagGlobal,MAP
50Traced_NONETRACED_RFNONE_SINGLE_VSM_17_MAX.csv,0.8603215095562035,0.7454127380952381,2.2182539682539684,0.8156073077769281
