Technique,AUC,Credibility,LagGlobal,MAP
50Traced_NONETRACED_RFSMOTE_MULTI_LSA_54_SUM.csv,0.8417118831659648,0.7416683975817543,2.2182539682539684,0.7517841848305467
