Technique,AUC,Credibility,LagGlobal,MAP
50Traced_NONETRACED_MEDIAN_SINGLE_VSM_1_SUM.csv,0.7819754886081416,0.6649206489974493,2.2936507936507935,0.6850065008011956
