Technique,AUC,Credibility,LagGlobal,MAP
50Traced_NONETRACED_RFUNDER_SINGLE_LSA_31_MEDIAN.csv,0.9011074667962422,0.8373729761904762,2.123015873015873,0.8730422518220476
