Technique,AUC,Credibility,LagGlobal,MAP
50Traced_NONETRACED_RFSMOTE_RAW_LSA_52_MEDIAN.csv,0.8477013821401576,0.7799419047619047,2.2182539682539684,0.798247546618554
