Technique,AUC,Credibility,LagGlobal,MAP
50Traced_NONETRACED_SUM_SINGLE_VSM_83_SUM.csv,0.9685644098909405,0.7521233857818836,1.1031746031746033,0.9286345321487472
