Technique,AUC,Credibility,LagGlobal,MAP
50Traced_NONETRACED_RFSMOTE_RAW_VSM_14_SUM.csv,0.8733870532339922,0.7906621490893532,2.2976190476190474,0.8327323588312457
