Technique,AUC,Credibility,LagGlobal,MAP
50Traced_NONETRACED_RFNONE_SINGLE_VSM_49_MAX.csv,0.8898303368966636,0.8322111904761905,2.2936507936507935,0.8823094045949437
