Technique,AUC,Credibility,LagGlobal,MAP
50Traced_NONETRACED_RFNONE_SINGLE_LSA_44_MEDIAN.csv,0.904316488500162,0.8124695238095239,2.2182539682539684,0.8856548572983916
