Technique,AUC,Credibility,LagGlobal,MAP
50Traced_NONETRACED_RFNONE_MULTI_VSM_7_SUM.csv,0.9158939369398554,0.8193427188560019,2.2182539682539684,0.8935081997044135
