Technique,AUC,Credibility,LagGlobal,MAP
50Traced_NONETRACED_RFSMOTE_MULTI_VSM_5_SUM.csv,0.9026799211748193,0.8012709837613868,2.2936507936507935,0.8676873938216161
