Technique,AUC,Credibility,LagGlobal,MAP
50Traced_NONETRACED_MEDIAN_RAW_LSA_59_SUM.csv,0.781057661159702,0.6637496828216188,2.2976190476190474,0.6850487450057511
