Technique,AUC,Credibility,LagGlobal,MAP
50Traced_NONETRACED_MEDIAN_RAW_LSA_12_SUM.csv,0.7808855685131195,0.663661295779413,2.2896825396825395,0.6831389035037556
