Technique,AUC,Credibility,LagGlobal,MAP
50Traced_NONETRACED_RFUNDER_RAW_LSA_13_MAX.csv,0.8858924522189828,0.8173905952380952,2.2182539682539684,0.8468777818204221
