Technique,AUC,Credibility,LagGlobal,MAP
50Traced_NONETRACED_MEDIAN_MULTI_LSA_16_SUM.csv,0.7809598045567434,0.6644912458766811,2.265873015873016,0.6846611501305607
