Technique,AUC,Credibility,LagGlobal,MAP
50Traced_NONETRACED_RFNONE_RAW_VSM_63_MAX.csv,0.8855280207321024,0.79943,2.2936507936507935,0.8624835785435595
