Technique,AUC,Credibility,LagGlobal,MAP
50Traced_NONETRACED_RFUNDER_MULTI_LSA_56_MAX.csv,0.8939808066083575,0.8146257142857143,2.2182539682539684,0.7427480865552317
