Technique,AUC,Credibility,LagGlobal,MAP
50Traced_NONETRACED_RFSMOTE_RAW_VSM_97_MAX.csv,0.8389415289925495,0.7687880952380952,2.2182539682539684,0.7721430558667376
