Technique,AUC,Credibility,LagGlobal,MAP
50Traced_NONETRACED_RFNONE_SINGLE_VSM_0_SUM.csv,0.903445902170392,0.8294524418852633,2.1547619047619047,0.8911328565408977
