Technique,AUC,Credibility,LagGlobal,MAP
50Traced_NONETRACED_RFSMOTE_SINGLE_LSA_29_SUM.csv,0.8442392830147932,0.744928267569562,2.2936507936507935,0.7932256002004896
