Technique,AUC,Credibility,LagGlobal,MAP
50Traced_NONETRACED_RFNONE_MULTI_LSA_10_MEDIAN.csv,0.8912509448223733,0.8241922619047619,2.2182539682539684,0.8309002731235825
