Technique,AUC,Credibility,LagGlobal,MAP
50Traced_NONETRACED_RFSMOTE_RAW_VSM_31_MAX.csv,0.8419919555123636,0.7737903571428572,2.2976190476190474,0.734184444179282
