Technique,AUC,Credibility,LagGlobal,MAP
50Traced_NONETRACED_RFSMOTE_SINGLE_LSA_3_MEDIAN.csv,0.8019179894179895,0.7051453571428571,2.2936507936507935,0.6903976410837366
