Technique,AUC,Credibility,LagGlobal,MAP
50Traced_NONETRACED_RFSMOTE_SINGLE_LSA_41_SUM.csv,0.8117373933700465,0.7290204678362573,2.2936507936507935,0.7093283553131924
