Technique,AUC,Credibility,LagGlobal,MAP
50Traced_NONETRACED_RFSMOTE_SINGLE_VSM_29_SUM.csv,0.8751653439153438,0.7798100416100807,2.130952380952381,0.8264759802964675
