Technique,AUC,Credibility,LagGlobal,MAP
50Traced_NONETRACED_RFUNDER_RAW_VSM_46_SUM.csv,0.8823088759313249,0.7997476617006367,2.2182539682539684,0.8634875879983169
