Technique,AUC,Credibility,LagGlobal,MAP
50Traced_NONETRACED_RFSMOTE_SINGLE_VSM_64_SUM.csv,0.8781651549508692,0.7616646101818847,2.0476190476190474,0.821025374595839
