Technique,AUC,Credibility,LagGlobal,MAP
50Traced_NONETRACED_MEDIAN_MULTI_VSM_57_MAX.csv,0.7787293488824102,0.6758045238095238,2.2936507936507935,0.6796928172859221
