Technique,AUC,Credibility,LagGlobal,MAP
50Traced_NONETRACED_SUM_SINGLE_LSA_37_MAX.csv,0.9609653385163589,-0.2947225,0.9444444444444444,0.9158293632127954
