Technique,AUC,Credibility,LagGlobal,MAP
50Traced_NONETRACED_RFNONE_MULTI_VSM_26_MEDIAN.csv,0.9021265252132599,0.8396075,2.2936507936507935,0.8748852470723341
