Technique,AUC,Credibility,LagGlobal,MAP
50Traced_NONETRACED_RFSMOTE_RAW_VSM_49_MEDIAN.csv,0.8815800129575639,0.7750409523809524,2.126984126984127,0.7790474647323761
