Technique,AUC,Credibility,LagGlobal,MAP
50Traced_NONETRACED_RFSMOTE_MULTI_LSA_69_SUM.csv,0.8432539682539683,0.7601412881211346,2.2936507936507935,0.7781430682076134
