Technique,AUC,Credibility,LagGlobal,MAP
50Traced_NONETRACED_RFNONE_RAW_LSA_30_SUM.csv,0.8987791545189504,0.8096492550955123,2.1785714285714284,0.8764660567621507
