Technique,AUC,Credibility,LagGlobal,MAP
50Traced_NONETRACED_SUM_MULTI_VSM_29_MEDIAN.csv,0.9264995680812006,-0.1984817857142857,1.9682539682539681,0.8813720505309368
