Technique,AUC,Credibility,LagGlobal,MAP
50Traced_NONETRACED_MAX_RAW_VSM_40_SUM.csv,0.9573210236475542,0.7797995130051217,1.3650793650793651,0.9350762413457319
