Technique,AUC,Credibility,LagGlobal,MAP
50Traced_NONETRACED_RFSMOTE_SINGLE_LSA_38_SUM.csv,0.8355604146420472,0.7327693837178788,2.2182539682539684,0.7674843630392818
