Technique,AUC,Credibility,LagGlobal,MAP
50Traced_NONETRACED_MAX_RAW_LSA_15_MEDIAN.csv,0.9693675089083251,0.8062119047619047,2.3095238095238093,0.9541055718167731
