Technique,AUC,Credibility,LagGlobal,MAP
50Traced_NONETRACED_RFUNDER_SINGLE_VSM_54_MAX.csv,0.8959514361300075,0.8366180952380953,2.2182539682539684,0.8759558837352802
