Technique,AUC,Credibility,LagGlobal,MAP
50Traced_NONETRACED_MAX_RAW_VSM_81_MEDIAN.csv,0.9523877011121908,0.7773619047619048,2.0436507936507935,0.9387831951835018
