Technique,AUC,Credibility,LagGlobal,MAP
50Traced_NONETRACED_MEDIAN_SINGLE_VSM_67_SUM.csv,0.7843510420041032,0.6648337985282923,2.2936507936507935,0.6878565165241628
