Technique,AUC,Credibility,LagGlobal,MAP
50Traced_NONETRACED_SUM_RAW_LSA_34_MEDIAN.csv,0.9496713367886838,0.4639104761904762,1.5158730158730158,0.9167901071323785
