Technique,AUC,Credibility,LagGlobal,MAP
50Traced_NONETRACED_SUM_MULTI_LSA_60_SUM.csv,0.9417651981427492,0.7331704669407986,2.1865079365079363,0.8983248124151997
