Technique,AUC,Credibility,LagGlobal,MAP
50Traced_NONETRACED_MEDIAN_RAW_VSM_21_SUM.csv,0.7809226865349315,0.6640006766472131,2.2976190476190474,0.68264289026
