Technique,AUC,Credibility,LagGlobal,MAP
50Traced_NONETRACED_MAX_SINGLE_VSM_89_SUM.csv,0.9783365727243278,0.735804208944006,0.8134920634920635,0.9597469322325604
