Technique,AUC,Credibility,LagGlobal,MAP
50Traced_NONETRACED_RFNONE_MULTI_LSA_21_MAX.csv,0.8827677896555448,0.8108398809523809,2.2936507936507935,0.8486995051792735
