Technique,AUC,Credibility,LagGlobal,MAP
50Traced_NONETRACED_RFSMOTE_RAW_VSM_40_SUM.csv,0.9360388996868589,0.8324990860067636,2.1785714285714284,0.921082151136717
