Technique,AUC,Credibility,LagGlobal,MAP
50Traced_NONETRACED_SUM_RAW_VSM_9_SUM.csv,0.9415019976244466,0.7434600284762594,2.3055555555555554,0.9184805131161198
