Technique,AUC,Credibility,LagGlobal,MAP
50Traced_NONETRACED_RFSMOTE_SINGLE_LSA_62_SUM.csv,0.8997543461829176,0.8005093227310118,2.2182539682539684,0.8769199689245583
