Technique,AUC,Credibility,LagGlobal,MAP
50Traced_NONETRACED_SUM_RAW_VSM_19_MAX.csv,0.9443128441852932,0.47060690476190475,1.9682539682539681,0.9139027477945337
