Technique,AUC,Credibility,LagGlobal,MAP
50Traced_NONETRACED_SUM_SINGLE_LSA_92_SUM.csv,0.9616604578339273,0.7487696733240816,0.9841269841269841,0.9088696284982731
