Technique,AUC,Credibility,LagGlobal,MAP
50Traced_NONETRACED_RFNONE_MULTI_LSA_58_MAX.csv,0.9028486394557824,0.828982619047619,2.0476190476190474,0.8745747047645777
