Technique,AUC,Credibility,LagGlobal,MAP
50Traced_NONETRACED_RFUNDER_RAW_VSM_73_SUM.csv,0.9017553449951409,0.8248824757030131,2.2182539682539684,0.8815943283949633
