Technique,AUC,Credibility,LagGlobal,MAP
50Traced_NONETRACED_RFUNDER_SINGLE_LSA_93_MEDIAN.csv,0.8924623420796891,0.8104591666666666,2.2182539682539684,0.8658555324642209
