Technique,AUC,Credibility,LagGlobal,MAP
50Traced_NONETRACED_MEDIAN_SINGLE_LSA_55_SUM.csv,0.7804705215419501,0.6640059629535651,2.2936507936507935,0.6824248664736183
