Technique,AUC,Credibility,LagGlobal,MAP
50Traced_NONETRACED_RFUNDER_RAW_LSA_71_MEDIAN.csv,0.9039689288413778,0.8278644047619048,2.2182539682539684,0.8705348582992979
