Technique,AUC,Credibility,LagGlobal,MAP
50Traced_NONETRACED_MEDIAN_MULTI_LSA_35_SUM.csv,0.7836862919771083,0.6669098169221606,2.2976190476190474,0.6833540500724858
