Technique,AUC,Credibility,LagGlobal,MAP
50Traced_NONETRACED_RFUNDER_MULTI_VSM_32_SUM.csv,0.8958535795270488,0.8104109161258873,2.2182539682539684,0.8403054217437633
