Technique,AUC,Credibility,LagGlobal,MAP
50Traced_NONETRACED_MAX_SINGLE_VSM_56_MEDIAN.csv,0.9799191501997624,0.7417297619047619,0.8650793650793651,0.9634397015046637
