Technique,AUC,Credibility,LagGlobal,MAP
50Traced_NONETRACED_RFNONE_MULTI_VSM_74_SUM.csv,0.9268538764712235,0.8347840690978887,2.2182539682539684,0.9002794809295965
