Technique,AUC,Credibility,LagGlobal,MAP
50Traced_NONETRACED_MEDIAN_MULTI_VSM_15_MEDIAN.csv,0.7781961991145665,0.6757603571428571,2.2936507936507935,0.6795007147377112
