Technique,AUC,Credibility,LagGlobal,MAP
50Traced_NONETRACED_RFSMOTE_MULTI_LSA_7_MAX.csv,0.8590763686426952,0.7739620238095238,2.123015873015873,0.7986059573297444
