Technique,AUC,Credibility,LagGlobal,MAP
50Traced_NONETRACED_RFUNDER_MULTI_VSM_45_MEDIAN.csv,0.9179354281395098,0.844384880952381,2.2182539682539684,0.8671716351124636
