Technique,AUC,Credibility,LagGlobal,MAP
50Traced_NONETRACED_MEDIAN_RAW_VSM_14_SUM.csv,0.7820261040924306,0.6666419715239458,2.2976190476190474,0.6858538244762791
