Technique,AUC,Credibility,LagGlobal,MAP
50Traced_NONETRACED_MAX_SINGLE_VSM_36_SUM.csv,0.9768316056581363,0.7474188597765254,0.9880952380952381,0.9587718848507613
