Technique,AUC,Credibility,LagGlobal,MAP
50Traced_NONETRACED_RFNONE_MULTI_VSM_34_MAX.csv,0.9503664561062519,0.8524551190476191,2.0198412698412698,0.9301640455458378
