Technique,AUC,Credibility,LagGlobal,MAP
50Traced_NONETRACED_RFSMOTE_MULTI_LSA_59_MEDIAN.csv,0.814382896015549,0.728034880952381,2.2936507936507935,0.7465069241208818
