Technique,AUC,Credibility,LagGlobal,MAP
50Traced_NONETRACED_MAX_SINGLE_VSM_59_MAX.csv,0.9727452488932081,0.7436648809523809,1.5793650793650793,0.9560877560168558
