Technique,AUC,Credibility,LagGlobal,MAP
50Traced_NONETRACED_RFNONE_MULTI_LSA_65_SUM.csv,0.906735908649174,0.8294524418852633,2.2182539682539684,0.8819349357611841
