Technique,AUC,Credibility,LagGlobal,MAP
50Traced_NONETRACED_RFUNDER_SINGLE_LSA_48_MAX.csv,0.9034189072454379,0.8414440476190476,2.2182539682539684,0.8905947587161481
