Technique,AUC,Credibility,LagGlobal,MAP
50Traced_NONETRACED_RFSMOTE_MULTI_LSA_2_MAX.csv,0.8235442986718498,0.7264659523809524,2.2976190476190474,0.7104090136349243
