Technique,AUC,Credibility,LagGlobal,MAP
50Traced_NONETRACED_RFSMOTE_RAW_LSA_10_MAX.csv,0.8659668232372313,0.7871177380952381,2.2976190476190474,0.794409347886765
