Technique,AUC,Credibility,LagGlobal,MAP
50Traced_NONETRACED_RFNONE_SINGLE_LSA_66_SUM.csv,0.884792409027103,0.7968633533632231,2.2182539682539684,0.8614527642501497
