Technique,AUC,Credibility,LagGlobal,MAP
50Traced_NONETRACED_RFUNDER_SINGLE_LSA_19_SUM.csv,0.9154586437749702,0.8340224080675136,2.1785714285714284,0.8969414452137066
