Technique,AUC,Credibility,LagGlobal,MAP
50Traced_NONETRACED_SUM_RAW_LSA_57_SUM.csv,0.9687061332469497,0.7454763924449195,1.5396825396825398,0.947931409817083
