Technique,AUC,Credibility,LagGlobal,MAP
50Traced_NONETRACED_RFNONE_RAW_LSA_19_SUM.csv,0.8806756829716014,0.7906621490893532,2.2936507936507935,0.8579793156855076
