Technique,AUC,Credibility,LagGlobal,MAP
50Traced_NONETRACED_RFNONE_RAW_LSA_91_MAX.csv,0.9003887269193391,0.8047647619047619,2.1785714285714284,0.8799674888951153
