Technique,AUC,Credibility,LagGlobal,MAP
50Traced_NONETRACED_RFNONE_RAW_VSM_83_SUM.csv,0.8640805528560631,0.7898460683057612,2.2936507936507935,0.8421021023567978
