Technique,AUC,Credibility,LagGlobal,MAP
50Traced_NONETRACED_RFSMOTE_RAW_VSM_46_SUM.csv,0.8480489417989417,0.7596561277200032,2.2182539682539684,0.8043213705053767
