Technique,AUC,Credibility,LagGlobal,MAP
50Traced_NONETRACED_MAX_SINGLE_LSA_96_SUM.csv,0.9838705323399201,0.740485842130579,0.8253968253968254,0.9704927425193268
