Technique,AUC,Credibility,LagGlobal,MAP
50Traced_NONETRACED_RFSMOTE_SINGLE_LSA_40_MAX.csv,0.8559888241010689,0.7517872619047619,2.2182539682539684,0.7880325076497487
