Technique,AUC,Credibility,LagGlobal,MAP
50Traced_NONETRACED_SUM_MULTI_LSA_21_MEDIAN.csv,0.9305724273836519,-0.16521488095238096,1.8134920634920635,0.8786868865590022
