Technique,AUC,Credibility,LagGlobal,MAP
50Traced_NONETRACED_SUM_SINGLE_VSM_64_MAX.csv,0.9468942338840298,-0.24190535714285716,1.7341269841269842,0.9051869870421667
