Technique,AUC,Credibility,LagGlobal,MAP
50Traced_NONETRACED_MAX_RAW_LSA_20_SUM.csv,0.9389307310225679,0.767946360740301,2.0238095238095237,0.9215417402789442
