Technique,AUC,Credibility,LagGlobal,MAP
50Traced_NONETRACED_RFUNDER_RAW_VSM_40_SUM.csv,0.8971020948061763,0.8088875940651372,2.1547619047619047,0.8748826971842774
