Technique,AUC,Credibility,LagGlobal,MAP
50Traced_NONETRACED_SUM_RAW_LSA_39_SUM.csv,0.9660066407515386,0.7452735152358713,1.0238095238095237,0.9370299910969917
