Technique,AUC,Credibility,LagGlobal,MAP
50Traced_NONETRACED_RFNONE_RAW_VSM_58_SUM.csv,0.8830073696145124,0.7951776955183865,2.2182539682539684,0.859344117990108
