Technique,AUC,Credibility,LagGlobal,MAP
50Traced_NONETRACED_RFSMOTE_MULTI_VSM_53_SUM.csv,0.8581855361192097,0.784514441093136,2.2936507936507935,0.8167855743930857
