Technique,AUC,Credibility,LagGlobal,MAP
50Traced_NONETRACED_MAX_MULTI_VSM_58_SUM.csv,0.9650921876687182,0.7434113244973402,1.7023809523809523,0.9458106824533711
