Technique,AUC,Credibility,LagGlobal,MAP
50Traced_NONETRACED_RFNONE_RAW_VSM_53_SUM.csv,0.8676067649281936,0.7953130522947557,2.2182539682539684,0.8475289364387941
