Technique,AUC,Credibility,LagGlobal,MAP
50Traced_NONETRACED_MEDIAN_RAW_VSM_97_SUM.csv,0.7794379656624555,0.6655368184373244,2.2976190476190474,0.6820473494908458
