Technique,AUC,Credibility,LagGlobal,MAP
50Traced_NONETRACED_RFNONE_RAW_LSA_16_SUM.csv,0.8701172929489256,0.7913693903665113,2.2936507936507935,0.8489805301804415
