Technique,AUC,Credibility,LagGlobal,MAP
50Traced_NONETRACED_SUM_SINGLE_LSA_55_SUM.csv,0.9455613594644207,0.7405040988770255,1.1547619047619047,0.89347949980295
