Technique,AUC,Credibility,LagGlobal,MAP
50Traced_NONETRACED_RFNONE_MULTI_LSA_67_MEDIAN.csv,0.9122496220710505,0.826432619047619,2.2936507936507935,0.8753152736186095
