Technique,AUC,Credibility,LagGlobal,MAP
50Traced_NONETRACED_RFNONE_MULTI_LSA_24_SUM.csv,0.9130662185509124,0.802794305822137,2.0198412698412698,0.8749078684250765
