Technique,AUC,Credibility,LagGlobal,MAP
50Traced_NONETRACED_SUM_RAW_LSA_99_SUM.csv,0.946934726271461,0.750656664182485,1.8412698412698412,0.9241136702306725
