Technique,AUC,Credibility,LagGlobal,MAP
50Traced_NONETRACED_MEDIAN_RAW_VSM_44_SUM.csv,0.7795965608465609,0.6633295271927598,2.2936507936507935,0.6823845346064783
