Technique,AUC,Credibility,LagGlobal,MAP
50Traced_NONETRACED_RFUNDER_MULTI_LSA_71_MAX.csv,0.8843571158622179,0.7958089285714286,2.142857142857143,0.7147598165962546
