Technique,AUC,Credibility,LagGlobal,MAP
50Traced_NONETRACED_MAX_SINGLE_VSM_60_MAX.csv,0.9841843483425116,0.7408577380952381,1.0714285714285714,0.9708708927885134
