Technique,AUC,Credibility,LagGlobal,MAP
50Traced_NONETRACED_RFNONE_SINGLE_VSM_23_MAX.csv,0.8692467066191556,0.8012660714285714,2.2182539682539684,0.8464523459473294
