Technique,AUC,Credibility,LagGlobal,MAP
50Traced_NONETRACED_RFNONE_RAW_VSM_41_SUM.csv,0.8455924036281179,0.7784211528501356,2.2936507936507935,0.8115385894013764
