Technique,AUC,Credibility,LagGlobal,MAP
50Traced_NONETRACED_MAX_RAW_LSA_43_MEDIAN.csv,0.9415559874743549,0.7879221428571429,2.1904761904761907,0.9297043620781134
