Technique,AUC,Credibility,LagGlobal,MAP
50Traced_NONETRACED_RFSMOTE_SINGLE_VSM_80_MAX.csv,0.8530295054529748,0.7750842857142857,2.2182539682539684,0.7890154857156704
