Technique,AUC,Credibility,LagGlobal,MAP
50Traced_NONETRACED_SUM_MULTI_LSA_44_SUM.csv,0.9360692689774323,0.7272970209610449,1.373015873015873,0.8781758061086944
