Technique,AUC,Credibility,LagGlobal,MAP
50Traced_NONETRACED_SUM_RAW_VSM_97_MEDIAN.csv,0.9557856872907893,0.4514635714285714,1.7341269841269842,0.9350687024113492
