Technique,AUC,Credibility,LagGlobal,MAP
50Traced_NONETRACED_SUM_MULTI_VSM_44_SUM.csv,0.9461687452758881,0.7255583041785383,1.2063492063492063,0.8990449605828895
