Technique,AUC,Credibility,LagGlobal,MAP
50Traced_NONETRACED_RFNONE_MULTI_VSM_54_SUM.csv,0.8939605604146421,0.8233591536422631,2.2182539682539684,0.8708921465777935
