Technique,AUC,Credibility,LagGlobal,MAP
50Traced_NONETRACED_MEDIAN_MULTI_LSA_95_SUM.csv,0.7793704783500701,0.6634830415292227,2.2936507936507935,0.6830065826242322
