Technique,AUC,Credibility,LagGlobal,MAP
50Traced_NONETRACED_RFSMOTE_SINGLE_LSA_51_SUM.csv,0.8762080228916964,0.7810073768453916,2.2182539682539684,0.844444727393329
