Technique,AUC,Credibility,LagGlobal,MAP
50Traced_NONETRACED_MAX_RAW_VSM_31_MEDIAN.csv,0.9318175682971602,0.777309880952381,2.3015873015873014,0.9126183461809108
