Technique,AUC,Credibility,LagGlobal,MAP
50Traced_NONETRACED_RFSMOTE_SINGLE_VSM_21_SUM.csv,0.8423462639023863,0.748749413849209,2.2222222222222223,0.7681288285458047
