Technique,AUC,Credibility,LagGlobal,MAP
50Traced_NONETRACED_MAX_MULTI_VSM_73_SUM.csv,0.9456355955080447,0.7386564066678809,2.1944444444444446,0.9264228075395915
