Technique,AUC,Credibility,LagGlobal,MAP
50Traced_NONETRACED_RFUNDER_MULTI_VSM_44_MAX.csv,0.8785565813627039,0.8108038095238095,2.2182539682539684,0.7535938616436397
