Technique,AUC,Credibility,LagGlobal,MAP
50Traced_NONETRACED_SUM_MULTI_LSA_72_SUM.csv,0.9400206511175899,0.7376376846347692,1.492063492063492,0.8950614351145006
