Technique,AUC,Credibility,LagGlobal,MAP
50Traced_NONETRACED_MAX_RAW_LSA_82_SUM.csv,0.9545776643990929,0.757674293599968,1.8134920634920635,0.9271433876717835
