Technique,AUC,Credibility,LagGlobal,MAP
50Traced_NONETRACED_RFSMOTE_SINGLE_LSA_91_SUM.csv,0.8740484288953676,0.7807061359412607,2.1547619047619047,0.8434709229872206
