Technique,AUC,Credibility,LagGlobal,MAP
50Traced_NONETRACED_MEDIAN_SINGLE_VSM_12_SUM.csv,0.7794784580498867,0.6648228392878198,2.2936507936507935,0.6824893994288919
