Technique,AUC,Credibility,LagGlobal,MAP
50Traced_NONETRACED_RFNONE_SINGLE_LSA_95_MAX.csv,0.8885851959831552,0.8160907142857143,2.2182539682539684,0.8785115998399786
