Technique,AUC,Credibility,LagGlobal,MAP
50Traced_NONETRACED_SUM_SINGLE_LSA_81_SUM.csv,0.951031206133247,0.7401936355699623,1.3333333333333333,0.9129234158812947
