Technique,AUC,Credibility,LagGlobal,MAP
50Traced_NONETRACED_RFSMOTE_RAW_VSM_41_MAX.csv,0.8770549886621315,0.7756680952380952,2.1547619047619047,0.8187465254382427
