Technique,AUC,Credibility,LagGlobal,MAP
50Traced_NONETRACED_RFNONE_RAW_VSM_68_SUM.csv,0.8574060576611597,0.7769158956287963,2.2936507936507935,0.8287128896784998
