Technique,AUC,Credibility,LagGlobal,MAP
50Traced_NONETRACED_RFUNDER_SINGLE_LSA_21_SUM.csv,0.9009724921714718,0.8332607470371386,2.2182539682539684,0.8918217663095909
