Technique,AUC,Credibility,LagGlobal,MAP
50Traced_NONETRACED_RFNONE_MULTI_VSM_30_MAX.csv,0.8933430515063169,0.8203561904761905,2.2182539682539684,0.8422377705748734
