Technique,AUC,Credibility,LagGlobal,MAP
50Traced_NONETRACED_MEDIAN_MULTI_LSA_1_MAX.csv,0.7783851635892453,0.6757296428571429,2.3015873015873014,0.6795524925782641
