Technique,AUC,Credibility,LagGlobal,MAP
50Traced_NONETRACED_RFUNDER_SINGLE_LSA_92_MAX.csv,0.9092633084980024,0.8464070238095238,2.2182539682539684,0.90305002613878
