Technique,AUC,Credibility,LagGlobal,MAP
50Traced_NONETRACED_MEDIAN_MULTI_LSA_93_MEDIAN.csv,0.7782096965770435,0.6757825,2.2936507936507935,0.679504492034611
