Technique,AUC,Credibility,LagGlobal,MAP
50Traced_NONETRACED_SUM_RAW_LSA_60_SUM.csv,0.9562446010150092,0.7515444886786723,2.003968253968254,0.9322555571219787
