Technique,AUC,Credibility,LagGlobal,MAP
50Traced_NONETRACED_MAX_RAW_LSA_45_MEDIAN.csv,0.9570544487636325,0.8074583333333333,2.1984126984126986,0.9433883959874595
