Technique,AUC,Credibility,LagGlobal,MAP
50Traced_NONETRACED_RFNONE_MULTI_LSA_56_SUM.csv,0.9054772702731887,0.8294524418852633,2.123015873015873,0.884284615198876
