Technique,AUC,Credibility,LagGlobal,MAP
50Traced_NONETRACED_MAX_RAW_VSM_99_SUM.csv,0.9503597073750135,0.7784015648437699,1.9603174603174602,0.9267907443665793
