Technique,AUC,Credibility,LagGlobal,MAP
50Traced_NONETRACED_RFNONE_SINGLE_VSM_8_MEDIAN.csv,0.8960594158298241,0.8213495238095239,2.123015873015873,0.8784774122592649
