Technique,AUC,Credibility,LagGlobal,MAP
50Traced_NONETRACED_RFNONE_MULTI_LSA_87_SUM.csv,0.9070733452111004,0.8134575602473875,2.2936507936507935,0.8679141240555486
