Technique,AUC,Credibility,LagGlobal,MAP
50Traced_NONETRACED_RFNONE_SINGLE_VSM_46_MAX.csv,0.8754184213367887,0.814645119047619,2.2182539682539684,0.8594841887446792
