Technique,AUC,Credibility,LagGlobal,MAP
50Traced_NONETRACED_SUM_RAW_VSM_20_SUM.csv,0.9517836896663427,0.7418816355462755,1.8373015873015872,0.9282526511658201
