Technique,AUC,Credibility,LagGlobal,MAP
50Traced_NONETRACED_RFUNDER_SINGLE_VSM_12_SUM.csv,0.8966330579850988,0.8286907808548883,2.2182539682539684,0.8817577903925448
