Technique,AUC,Credibility,LagGlobal,MAP
50Traced_NONETRACED_RFNONE_SINGLE_VSM_66_MAX.csv,0.913521757909513,0.8307664285714286,2.1547619047619047,0.8995031980153514
