Technique,AUC,Credibility,LagGlobal,MAP
50Traced_NONETRACED_MAX_RAW_VSM_43_SUM.csv,0.9293880250512903,0.7627661545167266,2.003968253968254,0.9004582118151415
