Technique,AUC,Credibility,LagGlobal,MAP
50Traced_NONETRACED_RFSMOTE_RAW_VSM_44_MEDIAN.csv,0.8331983587085627,0.7272865476190477,2.1785714285714284,0.7195063287728172
