Technique,AUC,Credibility,LagGlobal,MAP
50Traced_NONETRACED_RFNONE_MULTI_LSA_98_MAX.csv,0.9191738203217794,0.8449021428571428,2.2182539682539684,0.8827740650051842
