Technique,AUC,Credibility,LagGlobal,MAP
50Traced_NONETRACED_MEDIAN_SINGLE_LSA_5_SUM.csv,0.7812837436561927,0.6652873109146873,2.2976190476190474,0.6856574118880557
