Technique,AUC,Credibility,LagGlobal,MAP
50Traced_NONETRACED_RFSMOTE_SINGLE_VSM_14_MEDIAN.csv,0.8767985368750676,0.7787584523809524,2.2182539682539684,0.7988265147770932
