Technique,AUC,Credibility,LagGlobal,MAP
50Traced_NONETRACED_RFUNDER_MULTI_VSM_96_SUM.csv,0.9328939909297053,0.8378307132193888,2.0476190476190474,0.87424861954381
