Technique,AUC,Credibility,LagGlobal,MAP
50Traced_NONETRACED_RFNONE_MULTI_VSM_10_SUM.csv,0.9238979321887486,0.8264057977637632,2.2182539682539684,0.9102504866116716
