Technique,AUC,Credibility,LagGlobal,MAP
50Traced_NONETRACED_SUM_RAW_LSA_20_SUM.csv,0.9466647770219199,0.7401180271103416,1.9365079365079365,0.9207916864367003
