Technique,AUC,Credibility,LagGlobal,MAP
50Traced_NONETRACED_RFNONE_MULTI_LSA_23_SUM.csv,0.909604119425548,0.8241208146726381,2.2182539682539684,0.8694168189681216
