Technique,AUC,Credibility,LagGlobal,MAP
50Traced_NONETRACED_MEDIAN_MULTI_VSM_21_SUM.csv,0.7877793974732752,0.6651867123403535,2.2976190476190474,0.6931627647733667
