Technique,AUC,Credibility,LagGlobal,MAP
50Traced_NONETRACED_RFUNDER_MULTI_LSA_66_SUM.csv,0.8942136378360868,0.7799444749108857,2.2182539682539684,0.7893878392379768
