Technique,AUC,Credibility,LagGlobal,MAP
50Traced_NONETRACED_RFNONE_SINGLE_LSA_9_SUM.csv,0.8918718280963179,0.8203125095207628,2.2936507936507935,0.877737607136266
