Technique,AUC,Credibility,LagGlobal,MAP
50Traced_NONETRACED_MAX_RAW_VSM_55_MAX.csv,0.9525024295432458,0.7855841666666666,1.8650793650793651,0.9303475840736453
