Technique,AUC,Credibility,LagGlobal,MAP
50Traced_NONETRACED_RFSMOTE_RAW_LSA_11_MEDIAN.csv,0.8796397527264874,0.7862304761904761,2.2222222222222223,0.8137562616059151
