Technique,AUC,Credibility,LagGlobal,MAP
50Traced_NONETRACED_MEDIAN_MULTI_VSM_63_SUM.csv,0.7849887971061441,0.6657816181587972,2.2976190476190474,0.6937931162083195
