Technique,AUC,Credibility,LagGlobal,MAP
50Traced_NONETRACED_RFSMOTE_RAW_LSA_53_SUM.csv,0.8960054259799157,0.7928927124272613,2.2182539682539684,0.8757964458144384
