Technique,AUC,Credibility,LagGlobal,MAP
50Traced_NONETRACED_MAX_RAW_VSM_2_SUM.csv,0.9551378090918907,0.7661942108339037,1.6031746031746033,0.9277965994667294
