Technique,AUC,Credibility,LagGlobal,MAP
50Traced_NONETRACED_SUM_MULTI_VSM_42_SUM.csv,0.966111246085736,0.7344883414284046,1.3611111111111112,0.9391522449934812
