Technique,AUC,Credibility,LagGlobal,MAP
50Traced_NONETRACED_RFUNDER_RAW_LSA_40_MEDIAN.csv,0.8696921228808985,0.7889079761904761,2.2936507936507935,0.8404505791894809
