Technique,AUC,Credibility,LagGlobal,MAP
50Traced_NONETRACED_SUM_RAW_LSA_3_SUM.csv,0.9246909081092755,0.7248198833830949,1.619047619047619,0.8804736425239453
