Technique,AUC,Credibility,LagGlobal,MAP
50Traced_NONETRACED_SUM_RAW_VSM_59_MEDIAN.csv,0.9212726757369615,0.39372142857142856,2.3055555555555554,0.8977918076598931
