Technique,AUC,Credibility,LagGlobal,MAP
50Traced_NONETRACED_RFNONE_RAW_LSA_38_MAX.csv,0.8618096047942987,0.7919663095238095,2.2182539682539684,0.835680018101197
