Technique,AUC,Credibility,LagGlobal,MAP
50Traced_NONETRACED_RFUNDER_RAW_LSA_51_MEDIAN.csv,0.8838172173631358,0.8122963095238095,2.2182539682539684,0.8630835559079619
