Technique,AUC,Credibility,LagGlobal,MAP
50Traced_NONETRACED_MAX_RAW_VSM_41_MAX.csv,0.9266750350934025,0.7765766666666667,2.265873015873016,0.9102472875750993
