Technique,AUC,Credibility,LagGlobal,MAP
50Traced_NONETRACED_RFSMOTE_MULTI_LSA_42_SUM.csv,0.8745545837382572,0.7860560725919032,2.2182539682539684,0.8160180412243024
