Technique,AUC,Credibility,LagGlobal,MAP
50Traced_NONETRACED_RFUNDER_MULTI_VSM_21_MEDIAN.csv,0.9321145124716554,0.8492558333333333,2.123015873015873,0.8667728134964894
