Technique,AUC,Credibility,LagGlobal,MAP
50Traced_NONETRACED_RFSMOTE_MULTI_VSM_97_SUM.csv,0.8385028614620451,0.7692812204856351,2.2936507936507935,0.7912562841647978
