Technique,AUC,Credibility,LagGlobal,MAP
50Traced_NONETRACED_RFSMOTE_SINGLE_LSA_16_SUM.csv,0.8707010582010581,0.784767605102983,2.2182539682539684,0.8341799048072968
