Technique,AUC,Credibility,LagGlobal,MAP
50Traced_NONETRACED_MEDIAN_RAW_LSA_76_SUM.csv,0.7808147068351151,0.6639941216273365,2.2936507936507935,0.6822945857865126
