Technique,AUC,Credibility,LagGlobal,MAP
50Traced_NONETRACED_RFSMOTE_SINGLE_LSA_9_MEDIAN.csv,0.8852142047295107,0.7796372619047619,2.2182539682539684,0.8308414933213686
