Technique,AUC,Credibility,LagGlobal,MAP
50Traced_NONETRACED_SUM_SINGLE_LSA_42_MAX.csv,0.9760318810063707,-0.23667511904761904,0.6031746031746031,0.9418320008379265
