Technique,AUC,Credibility,LagGlobal,MAP
50Traced_NONETRACED_RFUNDER_SINGLE_LSA_12_SUM.csv,0.9193222924090271,0.8347840690978887,2.123015873015873,0.9042772143640193
