Technique,AUC,Credibility,LagGlobal,MAP
50Traced_NONETRACED_RFSMOTE_RAW_LSA_77_MAX.csv,0.9019544325666775,0.8208975,2.2936507936507935,0.8752365311394712
