Technique,AUC,Credibility,LagGlobal,MAP
50Traced_NONETRACED_MEDIAN_MULTI_LSA_94_MEDIAN.csv,0.7782096965770435,0.675779880952381,2.2936507936507935,0.679504492034611
