Technique,AUC,Credibility,LagGlobal,MAP
50Traced_NONETRACED_SUM_RAW_VSM_15_SUM.csv,0.9443735827664399,0.7349401035154872,1.626984126984127,0.908791130524163
