Technique,AUC,Credibility,LagGlobal,MAP
50Traced_NONETRACED_MEDIAN_MULTI_LSA_8_MAX.csv,0.7781961991145665,0.6757557142857142,2.2976190476190474,0.6795015259541604
