Technique,AUC,Credibility,LagGlobal,MAP
50Traced_NONETRACED_RFSMOTE_SINGLE_VSM_77_MEDIAN.csv,0.9007936507936509,0.8182246428571428,2.1785714285714284,0.8482844464629151
