Technique,AUC,Credibility,LagGlobal,MAP
50Traced_NONETRACED_MAX_SINGLE_VSM_4_SUM.csv,0.9688546053341972,0.7309649572406199,1.5515873015873016,0.9491020170361479
