Technique,AUC,Credibility,LagGlobal,MAP
50Traced_NONETRACED_SUM_SINGLE_VSM_17_SUM.csv,0.9652912752402549,0.7471677447139793,0.8650793650793651,0.9219131030804786
