Technique,AUC,Credibility,LagGlobal,MAP
50Traced_NONETRACED_RFUNDER_SINGLE_LSA_72_MEDIAN.csv,0.9204324586977648,0.8573782142857143,2.2182539682539684,0.9032833062808518
