Technique,AUC,Credibility,LagGlobal,MAP
50Traced_NONETRACED_SUM_MULTI_LSA_88_SUM.csv,0.933082955404384,0.7279438078122934,1.8134920634920635,0.8729253931951454
