Technique,AUC,Credibility,LagGlobal,MAP
50Traced_NONETRACED_MAX_MULTI_LSA_36_MAX.csv,0.9489424738149227,0.7482957142857143,2.257936507936508,0.9326924959303837
