Technique,AUC,Credibility,LagGlobal,MAP
50Traced_NONETRACED_RFUNDER_RAW_VSM_63_SUM.csv,0.8895333927221682,0.804317627882887,2.2182539682539684,0.8653995083806203
