Technique,AUC,Credibility,LagGlobal,MAP
50Traced_NONETRACED_RFUNDER_MULTI_VSM_97_MAX.csv,0.9128030180326099,0.8303344047619048,2.2182539682539684,0.8073190289942695
