Technique,AUC,Credibility,LagGlobal,MAP
50Traced_NONETRACED_RFUNDER_MULTI_LSA_42_SUM.csv,0.9110044811575424,0.8157425433385126,2.123015873015873,0.8196313687387415
