Technique,AUC,Credibility,LagGlobal,MAP
50Traced_NONETRACED_MAX_RAW_VSM_63_MEDIAN.csv,0.943644719792679,0.7832695238095239,1.9523809523809523,0.9240603561451801
