Technique,AUC,Credibility,LagGlobal,MAP
50Traced_NONETRACED_MAX_MULTI_LSA_22_SUM.csv,0.9421498758233452,0.7349984878667745,1.6785714285714286,0.9152952907347282
