Technique,AUC,Credibility,LagGlobal,MAP
50Traced_NONETRACED_SUM_SINGLE_LSA_81_MAX.csv,0.9526104092430623,-0.2892078571428571,1.2777777777777777,0.9140687527359639
