Technique,AUC,Credibility,LagGlobal,MAP
50Traced_NONETRACED_MAX_MULTI_LSA_94_SUM.csv,0.9848659701976029,0.7633991492133678,0.9365079365079365,0.9732296896578575
