Technique,AUC,Credibility,LagGlobal,MAP
50Traced_NONETRACED_RFNONE_MULTI_LSA_97_SUM.csv,0.8939943040708346,0.79202229103921,2.2182539682539684,0.8645301804081638
