Technique,AUC,Credibility,LagGlobal,MAP
50Traced_NONETRACED_MAX_RAW_LSA_5_MAX.csv,0.9488716121369183,0.7925313095238096,1.9404761904761905,0.9276184990937226
