Technique,AUC,Credibility,LagGlobal,MAP
50Traced_NONETRACED_MEDIAN_RAW_LSA_10_SUM.csv,0.7831126498218336,0.6658032373826067,2.2936507936507935,0.685796905755795
