Technique,AUC,Credibility,LagGlobal,MAP
50Traced_NONETRACED_RFSMOTE_MULTI_LSA_99_MEDIAN.csv,0.8802066461505237,0.7920438095238095,2.2182539682539684,0.7696757783316299
