Technique,AUC,Credibility,LagGlobal,MAP
50Traced_NONETRACED_RFSMOTE_SINGLE_VSM_3_SUM.csv,0.8776623744735988,0.8096492550955123,2.2936507936507935,0.8628494885799786
