Technique,AUC,Credibility,LagGlobal,MAP
50Traced_NONETRACED_RFSMOTE_MULTI_LSA_49_MAX.csv,0.847387566137566,0.7579845238095239,2.2936507936507935,0.7558763901339465
