Technique,AUC,Credibility,LagGlobal,MAP
50Traced_NONETRACED_RFUNDER_RAW_LSA_0_MAX.csv,0.8661827826368642,0.8059253571428572,2.2936507936507935,0.8492966200460039
