Technique,AUC,Credibility,LagGlobal,MAP
50Traced_NONETRACED_RFUNDER_MULTI_VSM_12_SUM.csv,0.8879845589029263,0.8172658653992627,2.2182539682539684,0.8372489211281207
