Technique,AUC,Credibility,LagGlobal,MAP
50Traced_NONETRACED_SUM_SINGLE_VSM_51_SUM.csv,0.955168178382464,0.7540413199087388,1.880952380952381,0.9240985235600219
