Technique,AUC,Credibility,LagGlobal,MAP
50Traced_NONETRACED_RFNONE_MULTI_LSA_42_SUM.csv,0.890694174495195,0.821074170551138,2.2936507936507935,0.8718730224755563
