Technique,AUC,Credibility,LagGlobal,MAP
50Traced_NONETRACED_SUM_MULTI_LSA_48_SUM.csv,0.9504879332685455,0.7338875257641303,2.0515873015873014,0.9175814443711513
