Technique,AUC,Credibility,LagGlobal,MAP
50Traced_NONETRACED_MAX_SINGLE_VSM_63_SUM.csv,0.9783973113054745,0.7402906318663027,1.5158730158730158,0.9624616566727775
