Technique,AUC,Credibility,LagGlobal,MAP
50Traced_NONETRACED_RFNONE_RAW_LSA_34_SUM.csv,0.8995383867832847,0.8126958992170125,2.2182539682539684,0.8852622015705658
