Technique,AUC,Credibility,LagGlobal,MAP
50Traced_NONETRACED_MEDIAN_RAW_LSA_43_SUM.csv,0.780072346398877,0.6655544497184368,2.2936507936507935,0.6829327169324005
