Technique,AUC,Credibility,LagGlobal,MAP
50Traced_NONETRACED_RFSMOTE_MULTI_VSM_80_SUM.csv,0.8317541302235181,0.7540479998781342,2.2976190476190474,0.7271649405889616
