Technique,AUC,Credibility,LagGlobal,MAP
50Traced_NONETRACED_MAX_RAW_LSA_16_SUM.csv,0.9505284256559767,0.7649153094462541,1.9206349206349207,0.9268720834213474
