Technique,AUC,Credibility,LagGlobal,MAP
50Traced_NONETRACED_RFSMOTE_SINGLE_LSA_90_SUM.csv,0.8653358168664291,0.7517904253113988,2.2182539682539684,0.8090020724457978
