Technique,AUC,Credibility,LagGlobal,MAP
50Traced_NONETRACED_SUM_SINGLE_LSA_70_SUM.csv,0.9596257153655112,0.7519081251719023,1.0158730158730158,0.915669097563097
