Technique,AUC,Credibility,LagGlobal,MAP
50Traced_NONETRACED_MEDIAN_SINGLE_LSA_52_SUM.csv,0.7781422092646582,0.663713524486171,2.2936507936507935,0.6790051964339328
