Technique,AUC,Credibility,LagGlobal,MAP
50Traced_NONETRACED_SUM_MULTI_VSM_5_SUM.csv,0.9463847046755209,0.7316544780738227,1.3611111111111112,0.8942650797075804
