Technique,AUC,Credibility,LagGlobal,MAP
50Traced_NONETRACED_RFSMOTE_MULTI_VSM_60_SUM.csv,0.9227776428031529,0.8233591536422631,2.2182539682539684,0.9014224109606096
