Technique,AUC,Credibility,LagGlobal,MAP
50Traced_NONETRACED_RFNONE_MULTI_VSM_26_SUM.csv,0.9029768653493143,0.8317374249763885,2.2936507936507935,0.885520413703972
