Technique,AUC,Credibility,LagGlobal,MAP
50Traced_NONETRACED_MAX_MULTI_LSA_52_MAX.csv,0.9827266223949896,0.7524486904761905,1.4761904761904763,0.970570431105473
