Technique,AUC,Credibility,LagGlobal,MAP
50Traced_NONETRACED_RFUNDER_RAW_VSM_37_MAX.csv,0.8525942122880898,0.7734889285714286,2.2936507936507935,0.8188804959938161
