Technique,AUC,Credibility,LagGlobal,MAP
50Traced_NONETRACED_RFNONE_MULTI_VSM_87_SUM.csv,0.9505183025591188,0.8439240014623892,1.8452380952380953,0.9345066978740634
