Technique,AUC,Credibility,LagGlobal,MAP
50Traced_NONETRACED_RFUNDER_SINGLE_VSM_52_MEDIAN.csv,0.9313620289385596,0.8509657142857143,2.2182539682539684,0.9157599613800994
