Technique,AUC,Credibility,LagGlobal,MAP
50Traced_NONETRACED_SUM_RAW_VSM_38_SUM.csv,0.9428551182377712,0.7398427903432747,1.6785714285714286,0.9139105867361716
