Technique,AUC,Credibility,LagGlobal,MAP
50Traced_NONETRACED_MAX_SINGLE_LSA_65_MAX.csv,0.9725326638591945,0.7423084523809523,1.123015873015873,0.9548477903498006
