Technique,AUC,Credibility,LagGlobal,MAP
50Traced_NONETRACED_SUM_SINGLE_VSM_24_SUM.csv,0.9723369506532772,0.7554466777923823,0.9642857142857143,0.948285592767052
