Technique,AUC,Credibility,LagGlobal,MAP
50Traced_NONETRACED_SUM_SINGLE_VSM_15_MAX.csv,0.9566630223517979,-0.31151357142857145,1.6150793650793651,0.9206586619489812
