Technique,AUC,Credibility,LagGlobal,MAP
50Traced_NONETRACED_RFUNDER_MULTI_LSA_25_MEDIAN.csv,0.9182391210452434,0.8386555952380952,2.0476190476190474,0.8284046096981585
