Technique,AUC,Credibility,LagGlobal,MAP
50Traced_NONETRACED_MAX_RAW_LSA_56_MAX.csv,0.9661247435482129,0.7829709523809524,1.8412698412698412,0.943917019240647
