Technique,AUC,Credibility,LagGlobal,MAP
50Traced_NONETRACED_MEDIAN_MULTI_VSM_92_SUM.csv,0.780008233452111,0.6637885551948052,2.2936507936507935,0.688830207234052
