Technique,AUC,Credibility,LagGlobal,MAP
50Traced_NONETRACED_SUM_MULTI_VSM_44_MEDIAN.csv,0.9468132491091675,-0.25518738095238097,1.4880952380952381,0.9007020391605112
