Technique,AUC,Credibility,LagGlobal,MAP
50Traced_NONETRACED_RFUNDER_MULTI_LSA_5_SUM.csv,0.910680542058093,0.8111725771562623,2.2936507936507935,0.8308733666040617
