Technique,AUC,Credibility,LagGlobal,MAP
50Traced_NONETRACED_SUM_RAW_LSA_74_SUM.csv,0.9585121747111542,0.7494383301419795,1.9325396825396826,0.9408096432297567
