Technique,AUC,Credibility,LagGlobal,MAP
50Traced_NONETRACED_RFNONE_RAW_LSA_93_SUM.csv,0.9094961397257315,0.8104109161258873,2.2936507936507935,0.8886805451612093
