Technique,AUC,Credibility,LagGlobal,MAP
50Traced_NONETRACED_MAX_SINGLE_LSA_89_MEDIAN.csv,0.9835702137998057,0.7583461904761905,0.7976190476190477,0.969557952898051
