Technique,AUC,Credibility,LagGlobal,MAP
50Traced_NONETRACED_RFUNDER_MULTI_VSM_60_SUM.csv,0.9314632599071374,0.8385923742497639,2.123015873015873,0.8857806669833185
