Technique,AUC,Credibility,LagGlobal,MAP
50Traced_NONETRACED_RFUNDER_RAW_VSM_29_SUM.csv,0.8563363837598531,0.7982243396398867,2.2936507936507935,0.8274833138849509
