Technique,AUC,Credibility,LagGlobal,MAP
50Traced_NONETRACED_SUM_RAW_LSA_44_MAX.csv,0.9636985746679623,0.3902511904761905,2.234126984126984,0.9486405368603293
