Technique,AUC,Credibility,LagGlobal,MAP
50Traced_NONETRACED_MEDIAN_RAW_LSA_75_SUM.csv,0.7778351419933052,0.6636031464095408,2.2936507936507935,0.6795517254009092
