Technique,AUC,Credibility,LagGlobal,MAP
50Traced_NONETRACED_RFSMOTE_SINGLE_VSM_77_SUM.csv,0.9037732156354605,0.8119342381866375,2.1785714285714284,0.87432159258209
