Technique,AUC,Credibility,LagGlobal,MAP
50Traced_NONETRACED_RFUNDER_MULTI_VSM_91_MAX.csv,0.8659938181621856,0.8004304761904761,2.2936507936507935,0.7299565065179676
