Technique,AUC,Credibility,LagGlobal,MAP
50Traced_NONETRACED_MAX_SINGLE_VSM_52_SUM.csv,0.984292328042328,0.7459938859888575,1.126984126984127,0.9716194283754642
