Technique,AUC,Credibility,LagGlobal,MAP
50Traced_NONETRACED_RFUNDER_MULTI_LSA_53_SUM.csv,0.8737514847208725,0.7867994241842611,2.2182539682539684,0.7840180393718732
