Technique,AUC,Credibility,LagGlobal,MAP
50Traced_NONETRACED_RFNONE_RAW_VSM_95_MEDIAN.csv,0.8971155922686533,0.8246879761904762,2.2182539682539684,0.8868879040337012
