Technique,AUC,Credibility,LagGlobal,MAP
50Traced_NONETRACED_RFNONE_MULTI_VSM_69_SUM.csv,0.9101608897527265,0.8286907808548883,2.2182539682539684,0.8980619786510321
