Technique,AUC,Credibility,LagGlobal,MAP
50Traced_NONETRACED_MAX_MULTI_LSA_71_MEDIAN.csv,0.973345885973437,0.7524152380952381,1.6349206349206349,0.958715687028224
