Technique,AUC,Credibility,LagGlobal,MAP
50Traced_NONETRACED_MAX_RAW_VSM_73_SUM.csv,0.9463948277723788,0.7652851522716546,2.2063492063492065,0.9238584041196077
