Technique,AUC,Credibility,LagGlobal,MAP
50Traced_NONETRACED_MAX_SINGLE_LSA_99_MAX.csv,0.9881154842889537,0.7438608333333333,0.7976190476190477,0.9784655115890146
