Technique,AUC,Credibility,LagGlobal,MAP
50Traced_NONETRACED_RFUNDER_MULTI_VSM_23_MAX.csv,0.8953676708778749,0.8214807142857142,2.2182539682539684,0.7842934749598464
