Technique,AUC,Credibility,LagGlobal,MAP
50Traced_NONETRACED_RFNONE_SINGLE_VSM_54_SUM.csv,0.9259427977540223,0.8256441367333882,2.123015873015873,0.8991918774943011
