Technique,AUC,Credibility,LagGlobal,MAP
50Traced_NONETRACED_RFUNDER_RAW_VSM_13_MAX.csv,0.8659904437965662,0.8093377380952381,2.2182539682539684,0.8259191668800839
