Technique,AUC,Credibility,LagGlobal,MAP
50Traced_NONETRACED_RFUNDER_SINGLE_LSA_13_SUM.csv,0.9226156732534283,0.840115696310514,2.2182539682539684,0.9134173219864201
