Technique,AUC,Credibility,LagGlobal,MAP
50Traced_NONETRACED_MEDIAN_SINGLE_VSM_23_SUM.csv,0.7791612676816759,0.66549370657039,2.2936507936507935,0.6824744023997299
