Technique,AUC,Credibility,LagGlobal,MAP
50Traced_NONETRACED_SUM_RAW_VSM_98_MEDIAN.csv,0.9414952488932081,0.5039496428571428,1.9325396825396826,0.9090659850031027
