Technique,AUC,Credibility,LagGlobal,MAP
50Traced_NONETRACED_MAX_MULTI_LSA_65_MAX.csv,0.9827367454918476,0.7607521428571429,1.0952380952380953,0.9735300482905892
