Technique,AUC,Credibility,LagGlobal,MAP
50Traced_NONETRACED_RFSMOTE_SINGLE_VSM_47_MEDIAN.csv,0.8900024295432459,0.7794536904761905,2.2182539682539684,0.8316072597545272
