Technique,AUC,Credibility,LagGlobal,MAP
50Traced_NONETRACED_MEDIAN_MULTI_VSM_22_SUM.csv,0.7815233236151604,0.6639268798105388,2.2936507936507935,0.6877643984420241
