Technique,AUC,Credibility,LagGlobal,MAP
50Traced_NONETRACED_RFNONE_SINGLE_LSA_86_SUM.csv,0.8961977648202138,0.8126958992170125,2.2936507936507935,0.876548482907779
