Technique,AUC,Credibility,LagGlobal,MAP
50Traced_NONETRACED_RFSMOTE_RAW_VSM_53_MAX.csv,0.8647014361300075,0.7869140476190476,2.2222222222222223,0.797966438523723
