Technique,AUC,Credibility,LagGlobal,MAP
50Traced_NONETRACED_MAX_SINGLE_LSA_3_SUM.csv,0.9650145772594751,0.7271856014058391,1.3452380952380953,0.9448635022652769
