Technique,AUC,Credibility,LagGlobal,MAP
50Traced_NONETRACED_SUM_MULTI_VSM_2_MEDIAN.csv,0.9252949195551236,-0.2134947619047619,1.6428571428571428,0.8671595756961713
