Technique,AUC,Credibility,LagGlobal,MAP
50Traced_NONETRACED_MEDIAN_MULTI_VSM_64_SUM.csv,0.7883057985098801,0.6675085855598278,2.2936507936507935,0.6968964611200096
