Technique,AUC,Credibility,LagGlobal,MAP
50Traced_NONETRACED_RFNONE_SINGLE_VSM_57_MAX.csv,0.8895637620127416,0.8189405952380953,2.2182539682539684,0.8709197133720967
