Technique,AUC,Credibility,LagGlobal,MAP
50Traced_NONETRACED_SUM_SINGLE_LSA_41_MAX.csv,0.9670256991685564,-0.20932773809523808,0.8968253968253969,0.9303880808813423
