Technique,AUC,Credibility,LagGlobal,MAP
50Traced_NONETRACED_MAX_MULTI_VSM_77_MAX.csv,0.9623960695389266,0.7431192857142858,2.0515873015873014,0.9500841268202004
