Technique,AUC,Credibility,LagGlobal,MAP
50Traced_NONETRACED_MEDIAN_MULTI_VSM_95_SUM.csv,0.7907150955620343,0.6653591427729358,2.2936507936507935,0.6995813340233957
