Technique,AUC,Credibility,LagGlobal,MAP
50Traced_NONETRACED_RFSMOTE_RAW_LSA_42_MAX.csv,0.8871004751106791,0.7949,2.1785714285714284,0.8368411308383169
