Technique,AUC,Credibility,LagGlobal,MAP
50Traced_NONETRACED_RFSMOTE_RAW_LSA_49_SUM.csv,0.8569336464744628,0.7708045425463852,2.2222222222222223,0.8018085814264805
