Technique,AUC,Credibility,LagGlobal,MAP
50Traced_NONETRACED_RFUNDER_RAW_VSM_79_MAX.csv,0.8742542651981429,0.8098904761904762,2.2182539682539684,0.8389791145248721
