Technique,AUC,Credibility,LagGlobal,MAP
50Traced_NONETRACED_RFNONE_SINGLE_LSA_56_SUM.csv,0.86826476622395,0.802794305822137,2.2182539682539684,0.8426678616797731
