Technique,AUC,Credibility,LagGlobal,MAP
50Traced_NONETRACED_SUM_SINGLE_VSM_27_SUM.csv,0.9496949573480186,0.7419934361828772,1.5238095238095237,0.9011383250914916
