Technique,AUC,Credibility,LagGlobal,MAP
50Traced_NONETRACED_RFSMOTE_RAW_LSA_29_MEDIAN.csv,0.8578615970197603,0.7796034523809524,2.2182539682539684,0.8179566625358885
