Technique,AUC,Credibility,LagGlobal,MAP
50Traced_NONETRACED_RFUNDER_RAW_LSA_62_SUM.csv,0.8865133354929273,0.8195508484903878,2.2182539682539684,0.870257798341671
