Technique,AUC,Credibility,LagGlobal,MAP
50Traced_NONETRACED_MAX_MULTI_VSM_54_SUM.csv,0.9716452057013282,0.752874998389943,1.6587301587301588,0.954899374488021
