Technique,AUC,Credibility,LagGlobal,MAP
50Traced_NONETRACED_RFUNDER_RAW_VSM_84_SUM.csv,0.9050521002051614,0.8149808823081376,2.1785714285714284,0.8887881475175421
