Technique,AUC,Credibility,LagGlobal,MAP
50Traced_NONETRACED_RFSMOTE_SINGLE_LSA_64_MAX.csv,0.847090621963071,0.7428633333333333,2.2936507936507935,0.7839785652040798
