Technique,AUC,Credibility,LagGlobal,MAP
50Traced_NONETRACED_RFNONE_SINGLE_LSA_8_MEDIAN.csv,0.8810097451679084,0.7990726190476191,2.1547619047619047,0.8415612938388982
