Technique,AUC,Credibility,LagGlobal,MAP
50Traced_NONETRACED_MEDIAN_SINGLE_LSA_34_SUM.csv,0.7854375877335061,0.6646119851137613,2.2936507936507935,0.6816242066380728
