Technique,AUC,Credibility,LagGlobal,MAP
50Traced_NONETRACED_SUM_MULTI_VSM_99_SUM.csv,0.9246267951625095,0.7293537836620047,1.8293650793650793,0.8689511781834806
