Technique,AUC,Credibility,LagGlobal,MAP
50Traced_NONETRACED_MAX_MULTI_VSM_2_MEDIAN.csv,0.9518984180973977,0.745987261904762,2.0793650793650795,0.9396472858983749
