Technique,AUC,Credibility,LagGlobal,MAP
50Traced_NONETRACED_RFSMOTE_RAW_VSM_24_MEDIAN.csv,0.8702961343267467,0.7884804761904762,2.2182539682539684,0.8156370204425037
