Technique,AUC,Credibility,LagGlobal,MAP
50Traced_NONETRACED_SUM_MULTI_LSA_92_SUM.csv,0.9469482237339379,0.7261344526760108,1.8055555555555556,0.8982000478734156
