Technique,AUC,Credibility,LagGlobal,MAP
50Traced_NONETRACED_RFSMOTE_SINGLE_LSA_92_SUM.csv,0.8051573804124825,0.7070500958297535,2.2936507936507935,0.7272041281197337
