Technique,AUC,Credibility,LagGlobal,MAP
50Traced_NONETRACED_RFNONE_RAW_LSA_29_MAX.csv,0.9076469873663752,0.8202239285714286,2.1785714285714284,0.8871169168285423
