Technique,AUC,Credibility,LagGlobal,MAP
50Traced_NONETRACED_RFUNDER_MULTI_LSA_66_MEDIAN.csv,0.86826476622395,0.7760544047619048,2.2182539682539684,0.6589200655370953
