Technique,AUC,Credibility,LagGlobal,MAP
50Traced_NONETRACED_SUM_RAW_LSA_44_SUM.csv,0.9653992549400714,0.754924640357863,2.1865079365079363,0.94832432482605
