Technique,AUC,Credibility,LagGlobal,MAP
50Traced_NONETRACED_MAX_SINGLE_VSM_19_SUM.csv,0.9721209912536444,0.7252751516303229,0.9285714285714286,0.95146713011352
