Technique,AUC,Credibility,LagGlobal,MAP
50Traced_NONETRACED_RFNONE_RAW_LSA_84_MAX.csv,0.875307067271353,0.7968691666666666,2.1785714285714284,0.8499159876425679
