Technique,AUC,Credibility,LagGlobal,MAP
50Traced_NONETRACED_MEDIAN_MULTI_LSA_9_SUM.csv,0.7823061764388295,0.6709127340984355,2.2936507936507935,0.6902100256626587
