Technique,AUC,Credibility,LagGlobal,MAP
50Traced_NONETRACED_RFSMOTE_MULTI_LSA_60_SUM.csv,0.8849746247705431,0.7875615469524182,2.2182539682539684,0.8151215422228437
