Technique,AUC,Credibility,LagGlobal,MAP
50Traced_NONETRACED_RFUNDER_SINGLE_LSA_58_MAX.csv,0.9140177896555448,0.8472889285714286,2.1547619047619047,0.9000194158935486
