Technique,AUC,Credibility,LagGlobal,MAP
50Traced_NONETRACED_RFUNDER_SINGLE_VSM_98_SUM.csv,0.9195078825180866,0.8347840690978887,2.1547619047619047,0.8992700255844409
