Technique,AUC,Credibility,LagGlobal,MAP
50Traced_NONETRACED_RFUNDER_RAW_VSM_55_SUM.csv,0.8932519436345967,0.8061651597740281,2.2182539682539684,0.8744822370064297
