Technique,AUC,Credibility,LagGlobal,MAP
50Traced_NONETRACED_MEDIAN_RAW_VSM_61_SUM.csv,0.7819451193175683,0.666838026273738,2.2936507936507935,0.684424243919258
