Technique,AUC,Credibility,LagGlobal,MAP
50Traced_NONETRACED_MAX_SINGLE_VSM_51_SUM.csv,0.9682775888133031,0.7309535623710285,1.1388888888888888,0.9483554577019925
