Technique,AUC,Credibility,LagGlobal,MAP
50Traced_NONETRACED_SUM_RAW_VSM_39_MAX.csv,0.9673597613648635,0.4096440476190476,1.5833333333333333,0.9374855540419511
