Technique,AUC,Credibility,LagGlobal,MAP
50Traced_NONETRACED_SUM_MULTI_VSM_26_SUM.csv,0.9303632167152575,0.7208905644505124,1.5992063492063493,0.8680078821318213
