Technique,AUC,Credibility,LagGlobal,MAP
50Traced_NONETRACED_RFSMOTE_RAW_VSM_21_SUM.csv,0.8399167206565166,0.7550052245146007,2.2936507936507935,0.7712359316304822
