Technique,AUC,Credibility,LagGlobal,MAP
50Traced_NONETRACED_RFNONE_SINGLE_VSM_70_MEDIAN.csv,0.9031050912428463,0.8138219047619047,2.0476190476190474,0.8822214246713309
