Technique,AUC,Credibility,LagGlobal,MAP
50Traced_NONETRACED_MAX_MULTI_VSM_1_MAX.csv,0.9639853957455999,0.7486441666666667,2.2857142857142856,0.9532733778008334
