Technique,AUC,Credibility,LagGlobal,MAP
50Traced_NONETRACED_MAX_RAW_LSA_1_MEDIAN.csv,0.9215628711802182,0.7687227380952381,2.2182539682539684,0.8974884469662605
