Technique,AUC,Credibility,LagGlobal,MAP
50Traced_NONETRACED_MEDIAN_SINGLE_VSM_69_SUM.csv,0.7813816002591514,0.6644540302799627,2.2222222222222223,0.6831782742681146
