Technique,AUC,Credibility,LagGlobal,MAP
50Traced_NONETRACED_MEDIAN_MULTI_VSM_89_MEDIAN.csv,0.778894692797754,0.675827619047619,2.2936507936507935,0.6798429305843239
