Technique,AUC,Credibility,LagGlobal,MAP
50Traced_NONETRACED_MAX_MULTI_VSM_15_MEDIAN.csv,0.9483924522189828,0.7418977380952381,2.234126984126984,0.9309227638080794
