Technique,AUC,Credibility,LagGlobal,MAP
50Traced_NONETRACED_RFNONE_SINGLE_VSM_85_SUM.csv,0.9168185131195334,0.8096492550955123,2.123015873015873,0.9039917415191037
