Technique,AUC,Credibility,LagGlobal,MAP
50Traced_NONETRACED_RFNONE_SINGLE_VSM_73_SUM.csv,0.9125769355361193,0.8294524418852633,2.1547619047619047,0.900289310251728
