Technique,AUC,Credibility,LagGlobal,MAP
50Traced_NONETRACED_RFUNDER_RAW_VSM_81_SUM.csv,0.870340001079797,0.7944160344880115,2.2182539682539684,0.8432308496363967
