Technique,AUC,Credibility,LagGlobal,MAP
50Traced_NONETRACED_MEDIAN_SINGLE_LSA_58_SUM.csv,0.7834095939963288,0.6691755059053637,2.2976190476190474,0.6911594100281082
