Technique,AUC,Credibility,LagGlobal,MAP
50Traced_NONETRACED_RFSMOTE_RAW_VSM_27_SUM.csv,0.8768457779937371,0.786037763153886,2.1825396825396823,0.8257039336923251
