Technique,AUC,Credibility,LagGlobal,MAP
50Traced_NONETRACED_SUM_RAW_VSM_2_MAX.csv,0.93227648202138,0.48169119047619047,2.142857142857143,0.9064322372892026
