Technique,AUC,Credibility,LagGlobal,MAP
50Traced_NONETRACED_SUM_RAW_LSA_38_SUM.csv,0.9384886891264443,0.7473259023865697,2.0833333333333335,0.9112590290029572
