Technique,AUC,Credibility,LagGlobal,MAP
50Traced_NONETRACED_RFNONE_SINGLE_VSM_56_SUM.csv,0.8652480833603282,0.8073642720043872,2.2182539682539684,0.8440843505806134
