Technique,AUC,Credibility,LagGlobal,MAP
50Traced_NONETRACED_SUM_MULTI_LSA_11_SUM.csv,0.9279505452974841,0.7270477142287446,1.869047619047619,0.8682671706623313
