Technique,AUC,Credibility,LagGlobal,MAP
50Traced_NONETRACED_SUM_SINGLE_VSM_0_SUM.csv,0.9724989202030019,0.7591655884032684,1.2777777777777777,0.9465205930601279
