Technique,AUC,Credibility,LagGlobal,MAP
50Traced_NONETRACED_RFNONE_RAW_LSA_96_SUM.csv,0.8838475866537091,0.7936543734576365,2.2936507936507935,0.862644336557152
