Technique,AUC,Credibility,LagGlobal,MAP
50Traced_NONETRACED_RFSMOTE_RAW_LSA_52_SUM.csv,0.8496585141993306,0.7799444749108857,2.2182539682539684,0.8178084454474281
