Technique,AUC,Credibility,LagGlobal,MAP
50Traced_NONETRACED_SUM_RAW_LSA_53_SUM.csv,0.9500526401036604,0.7434768036623591,1.3611111111111112,0.9216878443032734
