Technique,AUC,Credibility,LagGlobal,MAP
50Traced_NONETRACED_RFUNDER_RAW_LSA_12_MEDIAN.csv,0.8782292678976352,0.8018379761904761,2.2936507936507935,0.846441297771515
