Technique,AUC,Credibility,LagGlobal,MAP
50Traced_NONETRACED_SUM_SINGLE_VSM_39_SUM.csv,0.9574492495410863,0.7550109336987014,1.623015873015873,0.922198316270678
