Technique,AUC,Credibility,LagGlobal,MAP
50Traced_NONETRACED_RFUNDER_SINGLE_VSM_58_MAX.csv,0.9022210074505994,0.8365579761904762,2.1785714285714284,0.8843547828931446
