Technique,AUC,Credibility,LagGlobal,MAP
50Traced_NONETRACED_MEDIAN_RAW_LSA_96_SUM.csv,0.7791612676816758,0.6643345684338756,2.2976190476190474,0.679020060072071
