Technique,AUC,Credibility,LagGlobal,MAP
50Traced_NONETRACED_RFNONE_RAW_LSA_72_SUM.csv,0.8895030234315948,0.7991888049659244,2.2936507936507935,0.8748701498685354
