Technique,AUC,Credibility,LagGlobal,MAP
50Traced_NONETRACED_SUM_RAW_VSM_52_SUM.csv,0.942993467228161,0.735605275166628,2.0952380952380953,0.9128074003257475
