Technique,AUC,Credibility,LagGlobal,MAP
50Traced_NONETRACED_RFUNDER_RAW_LSA_6_SUM.csv,0.9397338300399525,0.8431623404320141,2.2182539682539684,0.9189800490160751
