Technique,AUC,Credibility,LagGlobal,MAP
50Traced_NONETRACED_RFSMOTE_RAW_LSA_8_MAX.csv,0.8642492711370262,0.761402380952381,2.2182539682539684,0.7804246253624444
