Technique,AUC,Credibility,LagGlobal,MAP
50Traced_NONETRACED_SUM_SINGLE_LSA_29_SUM.csv,0.9668603552532125,0.7460998265346092,0.7857142857142857,0.9256877260846115
