Technique,AUC,Credibility,LagGlobal,MAP
50Traced_NONETRACED_SUM_MULTI_LSA_67_SUM.csv,0.9410397095346075,0.7276175820375123,2.0793650793650795,0.904483288993927
