Technique,AUC,Credibility,LagGlobal,MAP
50Traced_NONETRACED_RFUNDER_SINGLE_LSA_27_SUM.csv,0.8991908271245007,0.8279291198245133,2.2182539682539684,0.8828762260404824
