Technique,AUC,Credibility,LagGlobal,MAP
50Traced_NONETRACED_RFUNDER_RAW_VSM_19_SUM.csv,0.8955228916963611,0.8195508484903878,2.2182539682539684,0.8532980766648648
