Technique,AUC,Credibility,LagGlobal,MAP
50Traced_NONETRACED_MAX_MULTI_VSM_37_SUM.csv,0.9428753644314869,0.743730697163533,2.3055555555555554,0.9305044921032648
