Technique,AUC,Credibility,LagGlobal,MAP
50Traced_NONETRACED_MEDIAN_SINGLE_VSM_74_SUM.csv,0.7781422092646583,0.667698641856486,2.2936507936507935,0.6801212044685853
