Technique,AUC,Credibility,LagGlobal,MAP
50Traced_NONETRACED_SUM_MULTI_LSA_86_MAX.csv,0.9459055447575856,-0.1953525,1.4206349206349207,0.8991076427608964
