Technique,AUC,Credibility,LagGlobal,MAP
50Traced_NONETRACED_SUM_SINGLE_LSA_11_MEDIAN.csv,0.9674272486772487,-0.21360702380952382,1.6031746031746033,0.9352600295072762
