Technique,AUC,Credibility,LagGlobal,MAP
50Traced_NONETRACED_RFNONE_SINGLE_LSA_94_SUM.csv,0.9194032771838894,0.8363073911586387,2.2182539682539684,0.9117804807941676
