Technique,AUC,Credibility,LagGlobal,MAP
50Traced_NONETRACED_RFSMOTE_RAW_VSM_44_SUM.csv,0.8350070186804881,0.7333078812125944,2.1785714285714284,0.7518999719592698
