Technique,AUC,Credibility,LagGlobal,MAP
50Traced_NONETRACED_MAX_RAW_VSM_27_SUM.csv,0.9157758341431811,0.7599113034346195,2.3134920634920637,0.8880918032250047
