Technique,AUC,Credibility,LagGlobal,MAP
50Traced_NONETRACED_RFSMOTE_SINGLE_VSM_81_SUM.csv,0.8979355631141346,0.804317627882887,2.2222222222222223,0.871435912970912
