Technique,AUC,Credibility,LagGlobal,MAP
50Traced_NONETRACED_RFSMOTE_SINGLE_VSM_28_MEDIAN.csv,0.8512950815246734,0.7491772619047619,2.2936507936507935,0.7643702048803966
