Technique,AUC,Credibility,LagGlobal,MAP
50Traced_NONETRACED_MAX_MULTI_LSA_57_MEDIAN.csv,0.9559948979591838,0.7455955952380953,2.2777777777777777,0.942835947820581
