Technique,AUC,Credibility,LagGlobal,MAP
50Traced_NONETRACED_RFUNDER_SINGLE_VSM_38_SUM.csv,0.8982763740416801,0.8279291198245133,2.2182539682539684,0.8717191235190132
