Technique,AUC,Credibility,LagGlobal,MAP
50Traced_NONETRACED_RFSMOTE_SINGLE_LSA_32_MAX.csv,0.8502760231076558,0.7470420238095238,2.2182539682539684,0.7965890742472854
