Technique,AUC,Credibility,LagGlobal,MAP
50Traced_NONETRACED_RFUNDER_RAW_VSM_30_MEDIAN.csv,0.8730091242846345,0.804647380952381,2.2182539682539684,0.8544238992682958
