Technique,AUC,Credibility,LagGlobal,MAP
50Traced_NONETRACED_MEDIAN_RAW_VSM_70_SUM.csv,0.779610058309038,0.6638471623107502,2.2936507936507935,0.6821837987472166
