Technique,AUC,Credibility,LagGlobal,MAP
50Traced_NONETRACED_SUM_RAW_VSM_24_SUM.csv,0.9545270489148041,0.7479304266493992,1.9007936507936507,0.9295313765400549
