Technique,AUC,Credibility,LagGlobal,MAP
50Traced_NONETRACED_MAX_RAW_VSM_46_MEDIAN.csv,0.9609383435914047,0.7992807142857142,1.876984126984127,0.9458545720008054
