Technique,AUC,Credibility,LagGlobal,MAP
50Traced_NONETRACED_SUM_SINGLE_VSM_44_SUM.csv,0.959878792786956,0.7436038046862681,1.2063492063492063,0.921313258128411
