Technique,AUC,Credibility,LagGlobal,MAP
50Traced_NONETRACED_MAX_RAW_LSA_17_MAX.csv,0.9488614890400604,0.7993445238095238,2.1626984126984126,0.9284818536769719
