Technique,AUC,Credibility,LagGlobal,MAP
50Traced_NONETRACED_RFSMOTE_SINGLE_VSM_60_MAX.csv,0.879481157542382,0.7974878571428572,2.123015873015873,0.8101590764656126
