Technique,AUC,Credibility,LagGlobal,MAP
50Traced_NONETRACED_RFNONE_RAW_LSA_87_MEDIAN.csv,0.9003549832631466,0.8183690476190476,2.1547619047619047,0.8826520647106053
