Technique,AUC,Credibility,LagGlobal,MAP
50Traced_NONETRACED_RFUNDER_SINGLE_VSM_16_SUM.csv,0.91298523377605,0.8248824757030131,2.2182539682539684,0.8763904192131206
