Technique,AUC,Credibility,LagGlobal,MAP
50Traced_NONETRACED_RFUNDER_SINGLE_LSA_0_MAX.csv,0.9059530558255049,0.8401384523809524,2.123015873015873,0.8821283414780959
