Technique,AUC,Credibility,LagGlobal,MAP
50Traced_NONETRACED_RFSMOTE_SINGLE_LSA_7_SUM.csv,0.9115612514847209,0.804317627882887,2.0476190476190474,0.8856533812573113
