Technique,AUC,Credibility,LagGlobal,MAP
50Traced_NONETRACED_RFUNDER_MULTI_LSA_89_MEDIAN.csv,0.8314335654896879,0.7300253571428571,1.8849206349206349,0.5870463112969032
