Technique,AUC,Credibility,LagGlobal,MAP
50Traced_NONETRACED_RFSMOTE_MULTI_VSM_73_SUM.csv,0.8820119317568297,0.803555966852512,2.2182539682539684,0.822890196573578
