Technique,AUC,Credibility,LagGlobal,MAP
50Traced_NONETRACED_MAX_RAW_LSA_2_MEDIAN.csv,0.9600576341647771,0.7981295238095238,2.003968253968254,0.9434246827209122
