Technique,AUC,Credibility,LagGlobal,MAP
50Traced_NONETRACED_MAX_SINGLE_VSM_73_MAX.csv,0.971220035633301,0.7368536904761904,1.0674603174603174,0.9507530617873153
