Technique,AUC,Credibility,LagGlobal,MAP
50Traced_NONETRACED_RFSMOTE_SINGLE_LSA_87_SUM.csv,0.8250323939099449,0.7281484423037508,2.2182539682539684,0.7657780142129238
