Technique,AUC,Credibility,LagGlobal,MAP
50Traced_NONETRACED_RFSMOTE_SINGLE_VSM_51_MAX.csv,0.8494121855091243,0.7531445238095238,2.2182539682539684,0.7607987887029308
