Technique,AUC,Credibility,LagGlobal,MAP
50Traced_NONETRACED_MAX_SINGLE_VSM_55_MEDIAN.csv,0.9771251754670122,0.7469789285714286,0.8928571428571429,0.9624448991305685
