Technique,AUC,Credibility,LagGlobal,MAP
50Traced_NONETRACED_MAX_SINGLE_LSA_38_SUM.csv,0.9780531260123096,0.7342399315858107,0.8253968253968254,0.9610494867706112
