Technique,AUC,Credibility,LagGlobal,MAP
50Traced_NONETRACED_RFUNDER_RAW_VSM_60_MEDIAN.csv,0.8863952326962532,0.8176826190476191,2.2936507936507935,0.8706907994912453
