Technique,AUC,Credibility,LagGlobal,MAP
50Traced_NONETRACED_RFSMOTE_RAW_VSM_3_MEDIAN.csv,0.8670938613540655,0.7838357142857143,2.2936507936507935,0.8205396131190672
