Technique,AUC,Credibility,LagGlobal,MAP
50Traced_NONETRACED_MEDIAN_MULTI_LSA_33_SUM.csv,0.7856299265738041,0.6645213709711326,2.2936507936507935,0.6865772105909367
