Technique,AUC,Credibility,LagGlobal,MAP
50Traced_NONETRACED_RFNONE_SINGLE_LSA_1_MAX.csv,0.864718307958104,0.781007380952381,2.2182539682539684,0.8267339790996125
