Technique,AUC,Credibility,LagGlobal,MAP
50Traced_NONETRACED_MEDIAN_MULTI_VSM_25_SUM.csv,0.7825626282258936,0.6629146040635365,2.3015873015873014,0.688855195669766
