Technique,AUC,Credibility,LagGlobal,MAP
50Traced_NONETRACED_SUM_SINGLE_VSM_42_SUM.csv,0.9739937641723355,0.7589056439761155,0.7341269841269841,0.946724263544622
