Technique,AUC,Credibility,LagGlobal,MAP
50Traced_NONETRACED_SUM_RAW_LSA_30_SUM.csv,0.9588192419825073,0.747786644053843,2.0912698412698414,0.9398075828130787
