Technique,AUC,Credibility,LagGlobal,MAP
50Traced_NONETRACED_RFSMOTE_MULTI_VSM_12_SUM.csv,0.9018295810387648,0.8096492550955123,2.2182539682539684,0.8833067026551438
