Technique,AUC,Credibility,LagGlobal,MAP
50Traced_NONETRACED_RFNONE_MULTI_LSA_38_SUM.csv,0.8704918475326638,0.803555966852512,2.2182539682539684,0.8469236030183138
