Technique,AUC,Credibility,LagGlobal,MAP
50Traced_NONETRACED_MEDIAN_MULTI_VSM_51_SUM.csv,0.7820530990173847,0.6646312272688827,2.2936507936507935,0.6895659935999087
