Technique,AUC,Credibility,LagGlobal,MAP
50Traced_NONETRACED_MAX_RAW_LSA_14_MEDIAN.csv,0.9637728107115863,0.8160696428571429,1.753968253968254,0.9493611083402473
