Technique,AUC,Credibility,LagGlobal,MAP
50Traced_NONETRACED_MAX_RAW_VSM_17_MEDIAN.csv,0.9497287010042111,0.7921459523809524,2.2976190476190474,0.9293294132876098
