Technique,AUC,Credibility,LagGlobal,MAP
50Traced_NONETRACED_SUM_SINGLE_VSM_69_MAX.csv,0.9449472249217147,-0.29883857142857145,1.1349206349206349,0.8868107500398411
