Technique,AUC,Credibility,LagGlobal,MAP
50Traced_NONETRACED_RFSMOTE_RAW_LSA_11_SUM.csv,0.8823291221250404,0.7829911190323858,2.2222222222222223,0.8422677827273085
