Technique,AUC,Credibility,LagGlobal,MAP
50Traced_NONETRACED_SUM_SINGLE_LSA_39_SUM.csv,0.9598180542058092,0.7520842508784422,0.9047619047619048,0.9196448528143689
