Technique,AUC,Credibility,LagGlobal,MAP
50Traced_NONETRACED_RFUNDER_MULTI_VSM_86_SUM.csv,0.9271980617643882,0.821074170551138,2.2182539682539684,0.8654398757762057
