Technique,AUC,Credibility,LagGlobal,MAP
50Traced_NONETRACED_SUM_MULTI_LSA_77_SUM.csv,0.9392749163157326,0.729123493399876,1.2182539682539681,0.8884713603206942
