Technique,AUC,Credibility,LagGlobal,MAP
50Traced_NONETRACED_RFUNDER_SINGLE_LSA_26_MAX.csv,0.8930326098693445,0.8298880952380953,2.2182539682539684,0.8732056629135023
