Technique,AUC,Credibility,LagGlobal,MAP
50Traced_NONETRACED_MEDIAN_SINGLE_VSM_78_SUM.csv,0.7819012525645179,0.6659985822267284,2.2936507936507935,0.6866067680569273
