Technique,AUC,Credibility,LagGlobal,MAP
50Traced_NONETRACED_SUM_MULTI_VSM_68_MAX.csv,0.9496105982075371,-0.31801416666666665,1.7380952380952381,0.9207158338036283
