Technique,AUC,Credibility,LagGlobal,MAP
50Traced_NONETRACED_RFNONE_MULTI_VSM_47_MEDIAN.csv,0.9328838678328474,0.8541819047619048,2.123015873015873,0.8983220719431273
