Technique,AUC,Credibility,LagGlobal,MAP
50Traced_NONETRACED_RFSMOTE_MULTI_VSM_17_SUM.csv,0.8841715257531584,0.7883827361563518,2.2936507936507935,0.8418130862084333
