Technique,AUC,Credibility,LagGlobal,MAP
50Traced_NONETRACED_RFUNDER_MULTI_VSM_42_SUM.csv,0.905672983479106,0.8233591536422631,2.2182539682539684,0.8554414039278875
