Technique,AUC,Credibility,LagGlobal,MAP
50Traced_NONETRACED_SUM_SINGLE_LSA_98_MEDIAN.csv,0.9644645556635353,-0.1925842857142857,0.8928571428571429,0.9114912195370666
