Technique,AUC,Credibility,LagGlobal,MAP
50Traced_NONETRACED_MAX_SINGLE_LSA_1_MAX.csv,0.9820112568837059,0.7443686904761905,0.7817460317460317,0.9665433573473561
