Technique,AUC,Credibility,LagGlobal,MAP
50Traced_NONETRACED_RFUNDER_RAW_VSM_97_MEDIAN.csv,0.8781010420041032,0.7958860714285714,2.2182539682539684,0.8424400552436025
