Technique,AUC,Credibility,LagGlobal,MAP
50Traced_NONETRACED_RFUNDER_SINGLE_VSM_89_MAX.csv,0.9272857952704892,0.8448055952380953,2.1785714285714284,0.9138109559841808
