Technique,AUC,Credibility,LagGlobal,MAP
50Traced_NONETRACED_MAX_RAW_LSA_58_SUM.csv,0.9512910322859301,0.7717118448237944,2.2738095238095237,0.9298122165404346
