Technique,AUC,Credibility,LagGlobal,MAP
50Traced_NONETRACED_RFNONE_MULTI_LSA_80_MAX.csv,0.8774362919771084,0.8018821428571429,2.2222222222222223,0.8434195616920384
