Technique,AUC,Credibility,LagGlobal,MAP
50Traced_NONETRACED_RFUNDER_RAW_VSM_20_SUM.csv,0.8820827934348342,0.785276102123511,2.1547619047619047,0.8430961653135219
