Technique,AUC,Credibility,LagGlobal,MAP
50Traced_NONETRACED_MAX_SINGLE_LSA_39_MAX.csv,0.9849132113162724,0.7459364285714286,0.7261904761904762,0.971700723031798
