Technique,AUC,Credibility,LagGlobal,MAP
50Traced_NONETRACED_RFSMOTE_MULTI_LSA_87_MEDIAN.csv,0.8493379494655006,0.7427323809523809,2.2182539682539684,0.7570160547994965
