Technique,AUC,Credibility,LagGlobal,MAP
50Traced_NONETRACED_MEDIAN_SINGLE_LSA_13_MAX.csv,0.7784830201922038,0.6758077380952381,2.2936507936507935,0.6795854656941361
