Technique,AUC,Credibility,LagGlobal,MAP
50Traced_NONETRACED_RFUNDER_RAW_VSM_68_SUM.csv,0.8720136864269519,0.8020326447917618,2.2936507936507935,0.8508399912993787
