Technique,AUC,Credibility,LagGlobal,MAP
50Traced_NONETRACED_SUM_SINGLE_LSA_72_SUM.csv,0.9704473059064895,0.7565057179483282,1.3452380952380953,0.9410772926869594
