Technique,AUC,Credibility,LagGlobal,MAP
50Traced_NONETRACED_RFSMOTE_RAW_VSM_99_MAX.csv,0.8451638591944715,0.7526070238095238,2.2222222222222223,0.7637468681237501
