Technique,AUC,Credibility,LagGlobal,MAP
50Traced_NONETRACED_MEDIAN_MULTI_VSM_54_MAX.csv,0.777932998596264,0.6756579761904762,2.2976190476190474,0.679415454568486
