Technique,AUC,Credibility,LagGlobal,MAP
50Traced_NONETRACED_RFUNDER_MULTI_LSA_5_MEDIAN.csv,0.900503455350394,0.8157929761904762,2.2936507936507935,0.7589295347025268
