Technique,AUC,Credibility,LagGlobal,MAP
50Traced_NONETRACED_RFNONE_SINGLE_VSM_25_SUM.csv,0.8869756235827664,0.822597492611888,2.2936507936507935,0.8774595469314653
