Technique,AUC,Credibility,LagGlobal,MAP
50Traced_NONETRACED_MEDIAN_RAW_LSA_4_SUM.csv,0.7816110571212612,0.6638477966675125,2.2976190476190474,0.6850120192282745
