Technique,AUC,Credibility,LagGlobal,MAP
50Traced_NONETRACED_MAX_RAW_LSA_41_SUM.csv,0.950403574128064,0.7681797033567526,2.015873015873016,0.9304016617631913
