Technique,AUC,Credibility,LagGlobal,MAP
50Traced_NONETRACED_MEDIAN_SINGLE_VSM_92_SUM.csv,0.7778992549400713,0.6658634988894665,2.2936507936507935,0.6798028526179412
