Technique,AUC,Credibility,LagGlobal,MAP
50Traced_NONETRACED_RFSMOTE_RAW_LSA_97_SUM.csv,0.8517539952488933,0.7563329829692593,2.2936507936507935,0.8015340365942868
