Technique,AUC,Credibility,LagGlobal,MAP
50Traced_NONETRACED_RFNONE_RAW_LSA_45_SUM.csv,0.9018262066731455,0.7989860006702617,2.123015873015873,0.8743086806816228
