Technique,AUC,Credibility,LagGlobal,MAP
50Traced_NONETRACED_SUM_SINGLE_VSM_38_MEDIAN.csv,0.9556777075909729,-0.3416091666666667,0.8809523809523809,0.9115750031264831
