Technique,AUC,Credibility,LagGlobal,MAP
50Traced_NONETRACED_MEDIAN_SINGLE_VSM_4_SUM.csv,0.7803692905733721,0.664527827116637,2.2936507936507935,0.6825040020278367
