Technique,AUC,Credibility,LagGlobal,MAP
50Traced_NONETRACED_RFSMOTE_SINGLE_LSA_82_MAX.csv,0.8208819241982508,0.7305627380952381,2.2936507936507935,0.7311943064310851
