Technique,AUC,Credibility,LagGlobal,MAP
50Traced_NONETRACED_MEDIAN_RAW_LSA_25_SUM.csv,0.7810374149659863,0.664539556563366,2.2936507936507935,0.6837496293693603
