Technique,AUC,Credibility,LagGlobal,MAP
50Traced_NONETRACED_MAX_MULTI_LSA_37_MAX.csv,0.9375877335061008,0.7359985714285714,2.130952380952381,0.9116019492801982
