Technique,AUC,Credibility,LagGlobal,MAP
50Traced_NONETRACED_SUM_MULTI_VSM_4_SUM.csv,0.931571239606954,0.7320398890748184,2.2896825396825395,0.8885587968517947
