Technique,AUC,Credibility,LagGlobal,MAP
50Traced_NONETRACED_RFSMOTE_MULTI_VSM_67_SUM.csv,0.9288886189396393,0.839354035280139,2.2182539682539684,0.9137351153324873
