Technique,AUC,Credibility,LagGlobal,MAP
50Traced_NONETRACED_RFNONE_RAW_VSM_19_MEDIAN.csv,0.9010062358276645,0.8173572619047619,2.2182539682539684,0.8806743050981657
