Technique,AUC,Credibility,LagGlobal,MAP
50Traced_NONETRACED_RFUNDER_SINGLE_VSM_61_SUM.csv,0.8977229780801209,0.8340224080675136,2.2182539682539684,0.8855264574531401
