Technique,AUC,Credibility,LagGlobal,MAP
50Traced_NONETRACED_RFUNDER_MULTI_LSA_91_SUM.csv,0.9032704351581903,0.8172658653992627,2.2182539682539684,0.83699869838768
