Technique,AUC,Credibility,LagGlobal,MAP
50Traced_NONETRACED_SUM_SINGLE_VSM_5_SUM.csv,0.9490605766115972,0.7447355394986013,1.9801587301587302,0.8993393385688053
