Technique,AUC,Credibility,LagGlobal,MAP
50Traced_NONETRACED_RFUNDER_RAW_VSM_87_SUM.csv,0.8841546539250621,0.7951776955183865,2.123015873015873,0.8508448399440575
