Technique,AUC,Credibility,LagGlobal,MAP
50Traced_NONETRACED_RFUNDER_MULTI_VSM_37_MEDIAN.csv,0.8494999190152253,0.7694653571428571,2.2182539682539684,0.6533034131127066
