Technique,AUC,Credibility,LagGlobal,MAP
50Traced_NONETRACED_MAX_RAW_LSA_87_MEDIAN.csv,0.9710884353741496,0.8002516666666667,1.8611111111111112,0.9544975158642865
