Technique,AUC,Credibility,LagGlobal,MAP
50Traced_NONETRACED_SUM_MULTI_LSA_74_SUM.csv,0.9419339164237124,0.726900602186257,1.8214285714285714,0.9086465528800227
