Technique,AUC,Credibility,LagGlobal,MAP
50Traced_NONETRACED_SUM_RAW_LSA_54_MEDIAN.csv,0.9619607763740416,0.4490259523809524,1.1944444444444444,0.9350405451255308
