Technique,AUC,Credibility,LagGlobal,MAP
50Traced_NONETRACED_SUM_SINGLE_VSM_20_MEDIAN.csv,0.9489087301587301,-0.2776247619047619,1.8015873015873016,0.9045178062976145
