Technique,AUC,Credibility,LagGlobal,MAP
50Traced_NONETRACED_RFUNDER_RAW_VSM_48_SUM.csv,0.8727864161537631,0.8073642720043872,2.2936507936507935,0.8555885315181416
