Technique,AUC,Credibility,LagGlobal,MAP
50Traced_NONETRACED_MAX_SINGLE_VSM_29_SUM.csv,0.9689524619371559,0.7369723469703573,1.2777777777777777,0.9481362318997205
