Technique,AUC,Credibility,LagGlobal,MAP
50Traced_NONETRACED_RFSMOTE_MULTI_LSA_3_MAX.csv,0.8430515063168125,0.7550761904761905,2.2976190476190474,0.7417335611918794
