Technique,AUC,Credibility,LagGlobal,MAP
50Traced_NONETRACED_RFUNDER_RAW_VSM_9_MAX.csv,0.9037259745167907,0.8328732142857143,2.2936507936507935,0.8835147156618504
