Technique,AUC,Credibility,LagGlobal,MAP
50Traced_NONETRACED_SUM_RAW_LSA_94_SUM.csv,0.9474543785768276,0.7344083626954201,1.3611111111111112,0.9106032308110306
