Technique,AUC,Credibility,LagGlobal,MAP
50Traced_NONETRACED_RFSMOTE_RAW_LSA_98_SUM.csv,0.8532859572400389,0.7681827835965744,2.1547619047619047,0.8057993464245925
