Technique,AUC,Credibility,LagGlobal,MAP
50Traced_NONETRACED_RFNONE_SINGLE_LSA_17_MEDIAN.csv,0.883142344239283,0.8249654761904762,2.2182539682539684,0.8698924205925529
