Technique,AUC,Credibility,LagGlobal,MAP
50Traced_NONETRACED_RFNONE_SINGLE_VSM_78_MEDIAN.csv,0.8971965770435159,0.8167855952380952,2.2182539682539684,0.8606050989570778
