Technique,AUC,Credibility,LagGlobal,MAP
50Traced_NONETRACED_MEDIAN_RAW_LSA_74_SUM.csv,0.7827414696037145,0.6648099452170249,2.2936507936507935,0.6855531629114857
