Technique,AUC,Credibility,LagGlobal,MAP
50Traced_NONETRACED_SUM_SINGLE_VSM_0_MAX.csv,0.9743683187560739,-0.2671240476190476,1.2222222222222223,0.9488882291739442
