Technique,AUC,Credibility,LagGlobal,MAP
50Traced_NONETRACED_RFSMOTE_SINGLE_LSA_49_SUM.csv,0.838219414750027,0.7481268781784558,2.2936507936507935,0.7857110208235709
