Technique,AUC,Credibility,LagGlobal,MAP
50Traced_NONETRACED_RFSMOTE_MULTI_LSA_48_SUM.csv,0.8075261850772055,0.7205349145416324,2.2301587301587302,0.6935113279738458
