Technique,AUC,Credibility,LagGlobal,MAP
50Traced_NONETRACED_SUM_MULTI_VSM_23_SUM.csv,0.9312810441636973,0.7274673258163824,1.757936507936508,0.8809075940888651
