Technique,AUC,Credibility,LagGlobal,MAP
50Traced_NONETRACED_MAX_MULTI_VSM_6_MEDIAN.csv,0.9724010636000431,0.7472295238095238,1.2738095238095237,0.9554416150191526
