Technique,AUC,Credibility,LagGlobal,MAP
50Traced_NONETRACED_RFSMOTE_RAW_VSM_59_MEDIAN.csv,0.86345292085088,0.7809269047619047,2.2976190476190474,0.759326653594396
