Technique,AUC,Credibility,LagGlobal,MAP
50Traced_NONETRACED_RFUNDER_RAW_LSA_87_SUM.csv,0.8903736097613648,0.8046148587055606,2.1785714285714284,0.867893238660654
