Technique,AUC,Credibility,LagGlobal,MAP
50Traced_NONETRACED_RFSMOTE_SINGLE_LSA_56_MAX.csv,0.8192149875823345,0.7237490476190476,2.2182539682539684,0.7553562691328628
