Technique,AUC,Credibility,LagGlobal,MAP
50Traced_NONETRACED_RFUNDER_MULTI_LSA_23_MEDIAN.csv,0.8740754238203218,0.7878564285714286,2.2182539682539684,0.6830775319885294
