Technique,AUC,Credibility,LagGlobal,MAP
50Traced_NONETRACED_RFNONE_RAW_VSM_40_SUM.csv,0.9153675359032503,0.8030645576370932,1.8452380952380953,0.8899433588807102
