Technique,AUC,Credibility,LagGlobal,MAP
50Traced_NONETRACED_MEDIAN_RAW_VSM_62_SUM.csv,0.7833218604902278,0.6644066649750486,2.2936507936507935,0.6861335255464324
