Technique,AUC,Credibility,LagGlobal,MAP
50Traced_NONETRACED_RFSMOTE_MULTI_LSA_77_MAX.csv,0.8782022729726812,0.8099917857142858,2.1825396825396823,0.8130027515144137
