Technique,AUC,Credibility,LagGlobal,MAP
50Traced_NONETRACED_RFSMOTE_SINGLE_LSA_96_MEDIAN.csv,0.9011817028398662,0.8099663095238095,2.2936507936507935,0.8651580227175286
