Technique,AUC,Credibility,LagGlobal,MAP
50Traced_NONETRACED_MEDIAN_MULTI_LSA_40_SUM.csv,0.7942952974840731,0.6674060876765954,2.3015873015873014,0.7068672800000574
