Technique,AUC,Credibility,LagGlobal,MAP
50Traced_NONETRACED_RFNONE_RAW_VSM_4_SUM.csv,0.8714063006154842,0.7974626786095116,2.2936507936507935,0.84704812506258
