Technique,AUC,Credibility,LagGlobal,MAP
50Traced_NONETRACED_RFUNDER_SINGLE_VSM_42_MEDIAN.csv,0.8967376633192959,0.8405061904761905,2.2182539682539684,0.8873571116553576
