Technique,AUC,Credibility,LagGlobal,MAP
50Traced_NONETRACED_RFUNDER_SINGLE_VSM_3_SUM.csv,0.9236617265954,0.8385923742497639,2.0476190476190474,0.9085956517622285
