Technique,AUC,Credibility,LagGlobal,MAP
50Traced_NONETRACED_MAX_SINGLE_VSM_70_SUM.csv,0.975829419069215,0.7301242784037913,1.3095238095238095,0.9585017449059973
