Technique,AUC,Credibility,LagGlobal,MAP
50Traced_NONETRACED_RFNONE_RAW_VSM_87_MAX.csv,0.8730124986502538,0.7878685714285715,2.1785714285714284,0.8486002584408746
