Technique,AUC,Credibility,LagGlobal,MAP
50Traced_NONETRACED_RFSMOTE_SINGLE_VSM_16_SUM.csv,0.8798557121261203,0.7914849542422833,2.2936507936507935,0.8507773960397816
