Technique,AUC,Credibility,LagGlobal,MAP
50Traced_NONETRACED_RFUNDER_RAW_VSM_11_MAX.csv,0.867549400712666,0.7956229761904762,2.2936507936507935,0.8433950276846173
