Technique,AUC,Credibility,LagGlobal,MAP
50Traced_NONETRACED_RFNONE_RAW_LSA_99_MAX.csv,0.9019510582010581,0.802732738095238,2.2936507936507935,0.8788461697386761
