Technique,AUC,Credibility,LagGlobal,MAP
50Traced_NONETRACED_RFNONE_SINGLE_LSA_29_MEDIAN.csv,0.8847856602958644,0.8147120238095238,2.2182539682539684,0.8711420058524557
