Technique,AUC,Credibility,LagGlobal,MAP
50Traced_NONETRACED_MEDIAN_RAW_VSM_71_SUM.csv,0.7852452488932082,0.6674081752313942,2.2936507936507935,0.6859034650464361
