Technique,AUC,Credibility,LagGlobal,MAP
50Traced_NONETRACED_RFUNDER_MULTI_VSM_33_SUM.csv,0.9032569376957131,0.8020326447917618,2.1547619047619047,0.818215815451258
