Technique,AUC,Credibility,LagGlobal,MAP
50Traced_NONETRACED_RFUNDER_MULTI_VSM_8_MEDIAN.csv,0.9128232642263254,0.8276523809523809,2.2182539682539684,0.8179552197179071
