Technique,AUC,Credibility,LagGlobal,MAP
50Traced_NONETRACED_RFSMOTE_MULTI_LSA_67_SUM.csv,0.8612562088327395,0.7875615469524182,2.2936507936507935,0.8243658519264222
