Technique,AUC,Credibility,LagGlobal,MAP
50Traced_NONETRACED_RFUNDER_MULTI_LSA_67_SUM.csv,0.8962045135514523,0.7936543734576365,2.2182539682539684,0.8090961220791791
