Technique,AUC,Credibility,LagGlobal,MAP
50Traced_NONETRACED_MAX_SINGLE_LSA_63_SUM.csv,0.9705721574344024,0.7334532779571787,1.0158730158730158,0.9494099684923714
