Technique,AUC,Credibility,LagGlobal,MAP
50Traced_NONETRACED_MAX_SINGLE_VSM_28_SUM.csv,0.9665937803692906,0.7316552621449408,1.4325396825396826,0.9464651471457326
