Technique,AUC,Credibility,LagGlobal,MAP
50Traced_NONETRACED_RFUNDER_MULTI_LSA_82_SUM.csv,0.8913791707159053,0.8172658653992627,2.2936507936507935,0.8172873200717357
