Technique,AUC,Credibility,LagGlobal,MAP
50Traced_NONETRACED_MEDIAN_MULTI_LSA_18_SUM.csv,0.7746834845049131,0.6618916518650089,2.2936507936507935,0.6730588845931171
