Technique,AUC,Credibility,LagGlobal,MAP
50Traced_NONETRACED_RFNONE_SINGLE_LSA_71_SUM.csv,0.8932384461721197,0.8126958992170125,2.1547619047619047,0.8748340680433239
