Technique,AUC,Credibility,LagGlobal,MAP
50Traced_NONETRACED_SUM_MULTI_LSA_43_SUM.csv,0.959595346074938,0.7322267347555522,1.0634920634920635,0.8957832538103738
