Technique,AUC,Credibility,LagGlobal,MAP
50Traced_NONETRACED_RFNONE_SINGLE_VSM_53_SUM.csv,0.9309503563330094,0.8302141029156385,2.2182539682539684,0.9241420182063281
