Technique,AUC,Credibility,LagGlobal,MAP
50Traced_NONETRACED_RFUNDER_SINGLE_VSM_13_MAX.csv,0.9045965608465608,0.8384414285714286,2.1547619047619047,0.8821122987656764
