Technique,AUC,Credibility,LagGlobal,MAP
50Traced_NONETRACED_RFUNDER_SINGLE_VSM_63_MAX.csv,0.9065536929057337,0.8341075,2.2182539682539684,0.8742355525942601
