Technique,AUC,Credibility,LagGlobal,MAP
50Traced_NONETRACED_SUM_SINGLE_VSM_91_MEDIAN.csv,0.9440867616888025,-0.30132488095238097,1.8492063492063493,0.9011813900769132
