Technique,AUC,Credibility,LagGlobal,MAP
50Traced_NONETRACED_SUM_MULTI_LSA_82_SUM.csv,0.9129616132167153,0.7271441388248048,1.9325396825396826,0.8424416536604158
