Technique,AUC,Credibility,LagGlobal,MAP
50Traced_NONETRACED_RFNONE_MULTI_VSM_0_MAX.csv,0.9038002105604146,0.8395127380952381,2.1785714285714284,0.8674198944631911
