Technique,AUC,Credibility,LagGlobal,MAP
50Traced_NONETRACED_RFUNDER_SINGLE_LSA_10_MEDIAN.csv,0.9201490119857467,0.8467709523809523,2.2182539682539684,0.8864287359003468
