Technique,AUC,Credibility,LagGlobal,MAP
50Traced_NONETRACED_SUM_MULTI_LSA_77_MEDIAN.csv,0.9385258071482561,-0.10947107142857143,1.4523809523809523,0.8858954928759866
