Technique,AUC,Credibility,LagGlobal,MAP
50Traced_NONETRACED_RFNONE_SINGLE_LSA_72_MEDIAN.csv,0.9253556581362704,0.8315203571428571,2.0476190476190474,0.9114845061484631
