Technique,AUC,Credibility,LagGlobal,MAP
50Traced_NONETRACED_RFSMOTE_MULTI_LSA_6_MAX.csv,0.8599469549724651,0.7609761904761905,2.2182539682539684,0.7652549245020707
