Technique,AUC,Credibility,LagGlobal,MAP
50Traced_NONETRACED_MEDIAN_SINGLE_LSA_28_SUM.csv,0.7856265522081849,0.6648655163664045,2.2936507936507935,0.6915891921597049
