Technique,AUC,Credibility,LagGlobal,MAP
50Traced_NONETRACED_SUM_MULTI_LSA_87_MAX.csv,0.9487163913184322,-0.29798345238095236,1.630952380952381,0.9045550759100591
