Technique,AUC,Credibility,LagGlobal,MAP
50Traced_NONETRACED_MAX_SINGLE_LSA_14_SUM.csv,0.9698939099449304,0.7271686018157263,1.1547619047619047,0.949815963415659
