Technique,AUC,Credibility,LagGlobal,MAP
50Traced_NONETRACED_RFUNDER_SINGLE_VSM_48_MAX.csv,0.9065098261526834,0.845779880952381,2.2936507936507935,0.8833744315475003
