Technique,AUC,Credibility,LagGlobal,MAP
50Traced_NONETRACED_MEDIAN_MULTI_VSM_31_MAX.csv,0.7782366915019977,0.6757911904761905,2.2936507936507935,0.6795107654487806
