Technique,AUC,Credibility,LagGlobal,MAP
50Traced_NONETRACED_RFNONE_RAW_VSM_49_MEDIAN.csv,0.9017013551452328,0.8135264285714285,2.2936507936507935,0.8823710068286564
