Technique,AUC,Credibility,LagGlobal,MAP
50Traced_NONETRACED_RFUNDER_MULTI_VSM_36_SUM.csv,0.8975745059928733,0.8187891874600128,2.2182539682539684,0.8342605262477263
