Technique,AUC,Credibility,LagGlobal,MAP
50Traced_NONETRACED_MEDIAN_SINGLE_VSM_0_SUM.csv,0.7796842943526617,0.6646253066057685,2.2936507936507935,0.6851117142240732
