Technique,AUC,Credibility,LagGlobal,MAP
50Traced_NONETRACED_RFUNDER_RAW_VSM_83_SUM.csv,0.8949593726379441,0.8126958992170125,2.2182539682539684,0.8697778914343787
