Technique,AUC,Credibility,LagGlobal,MAP
50Traced_NONETRACED_SUM_RAW_VSM_6_MAX.csv,0.9306162941367022,0.48531511904761904,2.2896825396825395,0.9011867427870947
