Technique,AUC,Credibility,LagGlobal,MAP
50Traced_NONETRACED_SUM_RAW_VSM_0_SUM.csv,0.9471574344023325,0.7468487252508814,2.1746031746031744,0.9192383603949758
