Technique,AUC,Credibility,LagGlobal,MAP
50Traced_NONETRACED_MAX_RAW_LSA_70_MEDIAN.csv,0.9277042166072778,0.7783578571428571,2.1984126984126986,0.9051795021569637
