Technique,AUC,Credibility,LagGlobal,MAP
50Traced_NONETRACED_RFNONE_RAW_VSM_6_MAX.csv,0.8480523161645611,0.7704777380952381,2.2936507936507935,0.8171917485919724
