Technique,AUC,Credibility,LagGlobal,MAP
50Traced_NONETRACED_MAX_MULTI_VSM_72_SUM.csv,0.9661179948169745,0.747255985531836,1.2698412698412698,0.948855376071176
