Technique,AUC,Credibility,LagGlobal,MAP
50Traced_NONETRACED_RFUNDER_SINGLE_LSA_43_MEDIAN.csv,0.9131775726163481,0.8420223809523809,2.1547619047619047,0.8908996802595417
