Technique,AUC,Credibility,LagGlobal,MAP
50Traced_NONETRACED_SUM_RAW_VSM_22_SUM.csv,0.9553301479321887,0.7386588323344608,1.4285714285714286,0.9239760381326021
