Technique,AUC,Credibility,LagGlobal,MAP
50Traced_NONETRACED_MAX_MULTI_VSM_40_SUM.csv,0.9425008098477486,0.737331986565576,2.1865079365079363,0.9235331517412221
