Technique,AUC,Credibility,LagGlobal,MAP
50Traced_NONETRACED_RFNONE_RAW_LSA_85_MEDIAN.csv,0.8909877443040708,0.8129286904761904,2.1547619047619047,0.8718814055566882
