Technique,AUC,Credibility,LagGlobal,MAP
50Traced_NONETRACED_RFNONE_SINGLE_VSM_14_MEDIAN.csv,0.8670128765792031,0.8020804761904762,2.2182539682539684,0.843636899204053
