Technique,AUC,Credibility,LagGlobal,MAP
50Traced_NONETRACED_SUM_MULTI_LSA_88_MEDIAN.csv,0.9305184375337436,-0.13086369047619048,1.753968253968254,0.8716734806102543
