Technique,AUC,Credibility,LagGlobal,MAP
50Traced_NONETRACED_RFUNDER_MULTI_LSA_8_SUM.csv,0.8958265846020947,0.7867994241842611,2.0277777777777777,0.7974753614010075
