Technique,AUC,Credibility,LagGlobal,MAP
50Traced_NONETRACED_MAX_SINGLE_VSM_68_MAX.csv,0.9833542544001728,0.7554805952380952,0.8809523809523809,0.9696930797306045
