Technique,AUC,Credibility,LagGlobal,MAP
50Traced_NONETRACED_RFNONE_MULTI_VSM_42_SUM.csv,0.913150577691394,0.8279291198245133,2.2182539682539684,0.8609470599643717
