Technique,AUC,Credibility,LagGlobal,MAP
50Traced_NONETRACED_MEDIAN_SINGLE_LSA_80_SUM.csv,0.7829439315408704,0.664893005159435,2.2936507936507935,0.6872163543096916
