Technique,AUC,Credibility,LagGlobal,MAP
50Traced_NONETRACED_RFSMOTE_MULTI_LSA_58_SUM.csv,0.8668610301263362,0.7768978307893855,2.2936507936507935,0.7727211348255085
