Technique,AUC,Credibility,LagGlobal,MAP
50Traced_NONETRACED_RFUNDER_RAW_LSA_50_MEDIAN.csv,0.9028823831119749,0.8277539285714286,2.2936507936507935,0.8876471356904003
