Technique,AUC,Credibility,LagGlobal,MAP
50Traced_NONETRACED_RFNONE_RAW_VSM_88_MAX.csv,0.8839893100097181,0.814695119047619,2.1785714285714284,0.8663994714033528
