Technique,AUC,Credibility,LagGlobal,MAP
50Traced_NONETRACED_RFUNDER_MULTI_LSA_27_MAX.csv,0.8628286632113165,0.7945254761904762,2.2936507936507935,0.7191534018004211
