Technique,AUC,Credibility,LagGlobal,MAP
50Traced_NONETRACED_MEDIAN_MULTI_VSM_61_SUM.csv,0.7900705917287549,0.6645229637147932,2.2936507936507935,0.7001505136930154
