Technique,AUC,Credibility,LagGlobal,MAP
50Traced_NONETRACED_SUM_SINGLE_LSA_34_MAX.csv,0.9672079149119965,-0.28302226190476193,1.0198412698412698,0.9405411401653349
