Technique,AUC,Credibility,LagGlobal,MAP
50Traced_NONETRACED_SUM_SINGLE_VSM_73_MAX.csv,0.9546080336896663,-0.2409097619047619,1.0753968253968254,0.8940096165817975
