Technique,AUC,Credibility,LagGlobal,MAP
50Traced_NONETRACED_RFNONE_SINGLE_LSA_34_SUM.csv,0.843584656084656,0.743938715837212,2.2182539682539684,0.7981064526480529
