Technique,AUC,Credibility,LagGlobal,MAP
50Traced_NONETRACED_RFNONE_RAW_LSA_57_SUM.csv,0.8497563708022892,0.7799444749108857,2.2182539682539684,0.8190408445022113
