Technique,AUC,Credibility,LagGlobal,MAP
50Traced_NONETRACED_RFUNDER_SINGLE_VSM_87_MEDIAN.csv,0.9002402548320915,0.8375328571428572,2.2182539682539684,0.8736552433195256
