Technique,AUC,Credibility,LagGlobal,MAP
50Traced_NONETRACED_RFSMOTE_RAW_LSA_50_MEDIAN.csv,0.8794946550048591,0.7991475,2.2182539682539684,0.839855742247168
