Technique,AUC,Credibility,LagGlobal,MAP
50Traced_NONETRACED_MEDIAN_SINGLE_LSA_45_SUM.csv,0.7819754886081416,0.6652763680960839,2.2936507936507935,0.688963329782178
