Technique,AUC,Credibility,LagGlobal,MAP
50Traced_NONETRACED_RFNONE_RAW_LSA_47_SUM.csv,0.8701476622394989,0.7991888049659244,2.2182539682539684,0.8532129748695155
