Technique,AUC,Credibility,LagGlobal,MAP
50Traced_NONETRACED_MAX_RAW_LSA_7_MEDIAN.csv,0.9420891372421984,0.7879947619047619,2.3253968253968256,0.9225270396979603
