Technique,AUC,Credibility,LagGlobal,MAP
50Traced_NONETRACED_SUM_SINGLE_LSA_79_MAX.csv,0.9699209048698845,-0.2516147619047619,0.9563492063492064,0.9425766445913014
