Technique,AUC,Credibility,LagGlobal,MAP
50Traced_NONETRACED_RFNONE_SINGLE_VSM_19_SUM.csv,0.8790357412806392,0.804317627882887,2.1785714285714284,0.8520078881913701
