Technique,AUC,Credibility,LagGlobal,MAP
50Traced_NONETRACED_MEDIAN_MULTI_VSM_30_SUM.csv,0.7821543299859626,0.6666499476271049,2.2936507936507935,0.6863332413306467
