Technique,AUC,Credibility,LagGlobal,MAP
50Traced_NONETRACED_SUM_SINGLE_LSA_34_SUM.csv,0.9661247435482129,0.7506458000246821,1.0674603174603174,0.9394605241091536
