Technique,AUC,Credibility,LagGlobal,MAP
50Traced_NONETRACED_SUM_MULTI_VSM_92_SUM.csv,0.9383773350610086,0.7256618274978651,2.0912698412698414,0.8862516245443577
