Technique,AUC,Credibility,LagGlobal,MAP
50Traced_NONETRACED_RFNONE_SINGLE_LSA_26_MEDIAN.csv,0.90592943526617,0.8383721428571429,2.2182539682539684,0.8918130266607361
