Technique,AUC,Credibility,LagGlobal,MAP
50Traced_NONETRACED_SUM_SINGLE_VSM_37_MAX.csv,0.9599935212180111,-0.3176014285714286,1.2103174603174602,0.9130675973594254
