Technique,AUC,Credibility,LagGlobal,MAP
50Traced_NONETRACED_MAX_SINGLE_LSA_57_SUM.csv,0.9710884353741498,0.7305030110146788,1.0119047619047619,0.9486280139251939
