Technique,AUC,Credibility,LagGlobal,MAP
50Traced_NONETRACED_RFUNDER_MULTI_VSM_88_SUM.csv,0.8880959129683621,0.7921310513968863,2.2936507936507935,0.817157952002465
