Technique,AUC,Credibility,LagGlobal,MAP
50Traced_NONETRACED_RFNONE_SINGLE_VSM_52_SUM.csv,0.8863547403088219,0.8149808823081376,2.2936507936507935,0.8713449249881187
