Technique,AUC,Credibility,LagGlobal,MAP
50Traced_NONETRACED_SUM_MULTI_LSA_57_SUM.csv,0.9355529910376849,0.7282672063554394,1.8452380952380953,0.8977175413830615
