Technique,AUC,Credibility,LagGlobal,MAP
50Traced_NONETRACED_MEDIAN_RAW_VSM_23_SUM.csv,0.7821543299859626,0.6642141177458638,2.2976190476190474,0.6837247609428045
