Technique,AUC,Credibility,LagGlobal,MAP
50Traced_NONETRACED_RFUNDER_RAW_VSM_57_SUM.csv,0.8683524997300508,0.8020326447917618,2.2936507936507935,0.8364322485587835
