Technique,AUC,Credibility,LagGlobal,MAP
50Traced_NONETRACED_RFNONE_RAW_LSA_12_SUM.csv,0.8850792301047403,0.7959393565487616,2.2936507936507935,0.8648558080391914
