Technique,AUC,Credibility,LagGlobal,MAP
50Traced_NONETRACED_RFNONE_SINGLE_VSM_51_MAX.csv,0.9255884893639994,0.8436194047619048,2.2182539682539684,0.9155320640246668
