Technique,AUC,Credibility,LagGlobal,MAP
50Traced_NONETRACED_RFNONE_RAW_LSA_62_MAX.csv,0.8773249379116725,0.7933813095238095,2.1785714285714284,0.8504398222471458
