Technique,AUC,Credibility,LagGlobal,MAP
50Traced_NONETRACED_SUM_SINGLE_LSA_85_SUM.csv,0.9678861624014685,0.7533028360307171,1.0198412698412698,0.93518762677527
