Technique,AUC,Credibility,LagGlobal,MAP
50Traced_NONETRACED_RFNONE_SINGLE_VSM_76_SUM.csv,0.9172234369938451,0.8134575602473875,2.2182539682539684,0.8992971298434711
