Technique,AUC,Credibility,LagGlobal,MAP
50Traced_NONETRACED_SUM_SINGLE_VSM_10_SUM.csv,0.9623218334953029,0.748040778517478,1.1984126984126984,0.9220652948020595
