Technique,AUC,Credibility,LagGlobal,MAP
50Traced_NONETRACED_RFUNDER_RAW_LSA_98_MAX.csv,0.87642060792571,0.7985961904761905,2.2182539682539684,0.8266453821156527
