Technique,AUC,Credibility,LagGlobal,MAP
50Traced_NONETRACED_RFSMOTE_SINGLE_VSM_57_SUM.csv,0.8456328960155491,0.7636982259693912,2.2936507936507935,0.7910165928146379
