Technique,AUC,Credibility,LagGlobal,MAP
50Traced_NONETRACED_MEDIAN_RAW_VSM_36_SUM.csv,0.7807235989633947,0.6648623219177512,2.2936507936507935,0.685286039487622
