Technique,AUC,Credibility,LagGlobal,MAP
50Traced_NONETRACED_RFNONE_MULTI_VSM_15_SUM.csv,0.8965790681351906,0.8195508484903878,2.123015873015873,0.856291604745583
