Technique,AUC,Credibility,LagGlobal,MAP
50Traced_NONETRACED_MEDIAN_SINGLE_VSM_39_SUM.csv,0.7806156192635785,0.6644240040598832,2.2936507936507935,0.6842977284598593
