Technique,AUC,Credibility,LagGlobal,MAP
50Traced_NONETRACED_MEDIAN_MULTI_LSA_97_MEDIAN.csv,0.7778925062088328,0.6757114285714285,2.2936507936507935,0.6793669138565279
