Technique,AUC,Credibility,LagGlobal,MAP
50Traced_NONETRACED_MAX_SINGLE_LSA_8_SUM.csv,0.9776650739660944,0.7287924146984106,1.4166666666666667,0.966828113914582
