Technique,AUC,Credibility,LagGlobal,MAP
50Traced_NONETRACED_RFUNDER_SINGLE_VSM_59_MAX.csv,0.9028148957995896,0.8418870238095238,2.2182539682539684,0.8642004304245913
