Technique,AUC,Credibility,LagGlobal,MAP
50Traced_NONETRACED_SUM_SINGLE_LSA_52_SUM.csv,0.944771757909513,0.751512700252558,1.7658730158730158,0.9104102246523939
