Technique,AUC,Credibility,LagGlobal,MAP
50Traced_NONETRACED_RFNONE_MULTI_VSM_55_SUM.csv,0.8898742036497139,0.8165042043688877,2.1785714285714284,0.8502525823064763
