Technique,AUC,Credibility,LagGlobal,MAP
50Traced_NONETRACED_RFNONE_SINGLE_VSM_86_MAX.csv,0.8992515657056472,0.8360541666666667,2.2936507936507935,0.8922536839052793
