Technique,AUC,Credibility,LagGlobal,MAP
50Traced_NONETRACED_MEDIAN_MULTI_VSM_14_SUM.csv,0.7831632653061225,0.6656724181679776,2.2976190476190474,0.6936248733787641
