Technique,AUC,Credibility,LagGlobal,MAP
50Traced_NONETRACED_RFSMOTE_MULTI_VSM_48_SUM.csv,0.8905457024079473,0.7944160344880115,2.2222222222222223,0.8236613773407093
