Technique,AUC,Credibility,LagGlobal,MAP
50Traced_NONETRACED_RFUNDER_SINGLE_LSA_0_SUM.csv,0.9063242360436239,0.8317374249763885,2.123015873015873,0.887713769962848
