Technique,AUC,Credibility,LagGlobal,MAP
50Traced_NONETRACED_MEDIAN_MULTI_VSM_69_SUM.csv,0.7813681027966743,0.6644605525136884,2.2936507936507935,0.6866827773012605
