Technique,AUC,Credibility,LagGlobal,MAP
50Traced_NONETRACED_RFSMOTE_SINGLE_LSA_68_MAX.csv,0.8304988662131518,0.7314996428571429,2.2182539682539684,0.7642240851533786
