Technique,AUC,Credibility,LagGlobal,MAP
50Traced_NONETRACED_SUM_SINGLE_VSM_88_SUM.csv,0.9644409351042004,0.7521873204962235,1.3333333333333333,0.9284945494801333
