Technique,AUC,Credibility,LagGlobal,MAP
50Traced_NONETRACED_RFUNDER_MULTI_VSM_74_SUM.csv,0.9194201490119857,0.8340224080675136,2.2182539682539684,0.8910834973062347
