Technique,AUC,Credibility,LagGlobal,MAP
50Traced_NONETRACED_RFNONE_RAW_LSA_53_MEDIAN.csv,0.9130797160133896,0.8124235714285715,2.1547619047619047,0.8930377381818333
