Technique,AUC,Credibility,LagGlobal,MAP
50Traced_NONETRACED_MAX_RAW_LSA_50_MEDIAN.csv,0.9286557877119099,0.7936482142857143,2.3134920634920637,0.9052722103756418
