Technique,AUC,Credibility,LagGlobal,MAP
50Traced_NONETRACED_MAX_RAW_VSM_42_SUM.csv,0.9478626768167586,0.7712646838601037,2.261904761904762,0.9321295502183041
