Technique,AUC,Credibility,LagGlobal,MAP
50Traced_NONETRACED_RFSMOTE_SINGLE_VSM_45_SUM.csv,0.8595251592700572,0.770544982162246,2.2182539682539684,0.7979595731556623
