Technique,AUC,Credibility,LagGlobal,MAP
50Traced_NONETRACED_MEDIAN_MULTI_LSA_45_SUM.csv,0.784219441744952,0.665966755749919,2.3015873015873014,0.6887751703349787
