Technique,AUC,Credibility,LagGlobal,MAP
50Traced_NONETRACED_RFSMOTE_SINGLE_LSA_18_SUM.csv,0.7965021325990713,0.7182264230623903,2.2182539682539684,0.7163594360523903
