Technique,AUC,Credibility,LagGlobal,MAP
50Traced_NONETRACED_RFSMOTE_RAW_VSM_61_SUM.csv,0.9029566191555987,0.8195508484903878,2.2182539682539684,0.8845956979827262
