Technique,AUC,Credibility,LagGlobal,MAP
50Traced_NONETRACED_MEDIAN_MULTI_VSM_36_SUM.csv,0.7804064085951841,0.6643755772447019,2.3015873015873014,0.6821281206653251
