Technique,AUC,Credibility,LagGlobal,MAP
50Traced_NONETRACED_MAX_RAW_LSA_81_SUM.csv,0.935232426303855,0.7754273907910272,2.0476190476190474,0.9112343765067769
