Technique,AUC,Credibility,LagGlobal,MAP
50Traced_NONETRACED_RFSMOTE_MULTI_LSA_95_MAX.csv,0.8892027048914803,0.78556,2.2182539682539684,0.8296236843229348
