Technique,AUC,Credibility,LagGlobal,MAP
50Traced_NONETRACED_MAX_MULTI_VSM_56_MAX.csv,0.9756404545945362,0.7469347619047619,1.2817460317460319,0.959519378136169
