Technique,AUC,Credibility,LagGlobal,MAP
50Traced_NONETRACED_SUM_SINGLE_LSA_75_MEDIAN.csv,0.9663879440665155,-0.2526809523809524,1.3928571428571428,0.9283050153853932
