Technique,AUC,Credibility,LagGlobal,MAP
50Traced_NONETRACED_SUM_SINGLE_LSA_7_MAX.csv,0.9444545675413022,-0.26109642857142856,1.5873015873015872,0.8867848459608577
