Technique,AUC,Credibility,LagGlobal,MAP
50Traced_NONETRACED_RFSMOTE_SINGLE_VSM_96_MAX.csv,0.8591641021487961,0.7663332142857143,2.2182539682539684,0.7963504121049552
