Technique,AUC,Credibility,LagGlobal,MAP
50Traced_NONETRACED_SUM_MULTI_LSA_24_MEDIAN.csv,0.9304307040276428,-0.18066607142857144,2.015873015873016,0.8933741617126268
