Technique,AUC,Credibility,LagGlobal,MAP
50Traced_NONETRACED_RFSMOTE_RAW_VSM_94_SUM.csv,0.8902251376741173,0.7746128476982603,1.876984126984127,0.8377747270515871
