Technique,AUC,Credibility,LagGlobal,MAP
50Traced_NONETRACED_RFUNDER_SINGLE_LSA_68_MEDIAN.csv,0.8843571158622179,0.8181396428571428,2.2182539682539684,0.8661368459003552
