Technique,AUC,Credibility,LagGlobal,MAP
50Traced_NONETRACED_SUM_SINGLE_LSA_63_SUM.csv,0.9631181837814491,0.7664456049094349,2.107142857142857,0.9394741906419586
