Technique,AUC,Credibility,LagGlobal,MAP
50Traced_NONETRACED_SUM_SINGLE_VSM_24_MEDIAN.csv,0.9739397743224273,-0.2845372619047619,1.0992063492063493,0.9513196422017125
