Technique,AUC,Credibility,LagGlobal,MAP
50Traced_NONETRACED_RFUNDER_MULTI_LSA_87_MAX.csv,0.8715648957995896,0.8040791666666667,2.2936507936507935,0.7332306833014577
