Technique,AUC,Credibility,LagGlobal,MAP
50Traced_NONETRACED_RFSMOTE_MULTI_VSM_28_SUM.csv,0.9136331119749488,0.8279291198245133,2.2936507936507935,0.8794101560221734
