Technique,AUC,Credibility,LagGlobal,MAP
50Traced_NONETRACED_RFNONE_MULTI_VSM_15_MAX.csv,0.8964440935104201,0.8256886904761904,2.123015873015873,0.8479326456654955
