Technique,AUC,Credibility,LagGlobal,MAP
50Traced_NONETRACED_RFUNDER_RAW_LSA_16_SUM.csv,0.918269490335817,0.8256441367333882,2.2182539682539684,0.9027261770917331
