Technique,AUC,Credibility,LagGlobal,MAP
50Traced_NONETRACED_MAX_MULTI_LSA_4_SUM.csv,0.9613871342187669,0.74223392656726,1.3968253968253967,0.9416321709728933
