Technique,AUC,Credibility,LagGlobal,MAP
50Traced_NONETRACED_RFSMOTE_SINGLE_VSM_48_MEDIAN.csv,0.8951888295000539,0.7703828571428571,2.1547619047619047,0.8084357574617119
