Technique,AUC,Credibility,LagGlobal,MAP
50Traced_NONETRACED_SUM_RAW_VSM_49_MEDIAN.csv,0.9484734369938451,0.43352488095238095,2.0238095238095237,0.9298939428552332
