Technique,AUC,Credibility,LagGlobal,MAP
50Traced_NONETRACED_RFSMOTE_RAW_VSM_20_SUM.csv,0.8967106683943419,0.804317627882887,2.2182539682539684,0.8714407953838202
