Technique,AUC,Credibility,LagGlobal,MAP
50Traced_NONETRACED_MAX_RAW_LSA_90_SUM.csv,0.9438100637080229,0.7738798495978269,1.9603174603174602,0.9282452629398996
