Technique,AUC,Credibility,LagGlobal,MAP
50Traced_NONETRACED_RFSMOTE_SINGLE_LSA_81_MAX.csv,0.873052991037685,0.7706769047619048,2.2182539682539684,0.8091269435217423
