Technique,AUC,Credibility,LagGlobal,MAP
50Traced_NONETRACED_RFUNDER_MULTI_LSA_74_SUM.csv,0.9593456430191124,0.8538255948572647,2.0476190476190474,0.9402765614304145
