Technique,AUC,Credibility,LagGlobal,MAP
50Traced_NONETRACED_MEDIAN_SINGLE_VSM_46_SUM.csv,0.7873677248677249,0.6653161211198512,2.2976190476190474,0.6897767577220809
