Technique,AUC,Credibility,LagGlobal,MAP
50Traced_NONETRACED_MAX_SINGLE_VSM_90_MEDIAN.csv,0.9625749109167475,0.7318396428571429,1.0317460317460319,0.9406557432601869
