Technique,AUC,Credibility,LagGlobal,MAP
50Traced_NONETRACED_MAX_MULTI_LSA_40_MEDIAN.csv,0.9352223032069972,0.7362554761904762,2.2261904761904763,0.9107409798672469
