Technique,AUC,Credibility,LagGlobal,MAP
50Traced_NONETRACED_RFNONE_RAW_LSA_69_MEDIAN.csv,0.8691151063600043,0.7852333333333333,2.2182539682539684,0.8406955715766824
