Technique,AUC,Credibility,LagGlobal,MAP
50Traced_NONETRACED_MEDIAN_MULTI_LSA_6_SUM.csv,0.7821678274484397,0.6674917512269531,2.2976190476190474,0.6828437197430752
