Technique,AUC,Credibility,LagGlobal,MAP
50Traced_NONETRACED_MEDIAN_MULTI_LSA_17_SUM.csv,0.7848335762876579,0.6665455346327497,2.2936507936507935,0.6882114560685213
