Technique,AUC,Credibility,LagGlobal,MAP
50Traced_NONETRACED_RFSMOTE_SINGLE_VSM_4_SUM.csv,0.8577569916855632,0.7421272828275814,2.1785714285714284,0.7685259044152932
