Technique,AUC,Credibility,LagGlobal,MAP
50Traced_NONETRACED_SUM_RAW_VSM_66_MEDIAN.csv,0.9553503941259044,0.4734758333333333,1.7301587301587302,0.9332309599197559
