Technique,AUC,Credibility,LagGlobal,MAP
50Traced_NONETRACED_SUM_SINGLE_LSA_2_SUM.csv,0.9565516682863622,0.7468986608242224,1.5357142857142858,0.921042607518546
