Technique,AUC,Credibility,LagGlobal,MAP
50Traced_NONETRACED_RFSMOTE_RAW_LSA_84_MEDIAN.csv,0.8640198142749164,0.7974407142857143,2.2182539682539684,0.81813293080964
