Technique,AUC,Credibility,LagGlobal,MAP
50Traced_NONETRACED_MAX_MULTI_VSM_22_MEDIAN.csv,0.9832698952596912,0.7539471428571428,1.0555555555555556,0.9742749733499575
