Technique,AUC,Credibility,LagGlobal,MAP
50Traced_NONETRACED_MAX_RAW_VSM_92_SUM.csv,0.9537813141129468,0.7750126343984131,1.7698412698412698,0.9310150232359151
