Technique,AUC,Credibility,LagGlobal,MAP
50Traced_NONETRACED_RFUNDER_RAW_LSA_15_SUM.csv,0.8733701814058957,0.7906077293361362,2.2936507936507935,0.8489685617807617
