Technique,AUC,Credibility,LagGlobal,MAP
50Traced_NONETRACED_RFNONE_SINGLE_LSA_55_SUM.csv,0.8754116726055501,0.7784211528501356,2.2182539682539684,0.8482332328998672
