Technique,AUC,Credibility,LagGlobal,MAP
50Traced_NONETRACED_SUM_SINGLE_LSA_41_SUM.csv,0.9650516952812871,0.7511216532032718,1.0357142857142858,0.9280525806853739
