Technique,AUC,Credibility,LagGlobal,MAP
50Traced_NONETRACED_MAX_SINGLE_LSA_37_SUM.csv,0.9651293056905301,0.73092743914992,1.2738095238095237,0.9411397996989184
