Technique,AUC,Credibility,LagGlobal,MAP
50Traced_NONETRACED_MAX_SINGLE_VSM_86_MAX.csv,0.9777831767627686,0.7388736904761904,1.0595238095238095,0.9626594347965296
