Technique,AUC,Credibility,LagGlobal,MAP
50Traced_NONETRACED_MEDIAN_SINGLE_LSA_36_SUM.csv,0.7796640481589462,0.6656806881953332,2.2936507936507935,0.6834165754614061
