Technique,AUC,Credibility,LagGlobal,MAP
50Traced_NONETRACED_RFUNDER_MULTI_VSM_19_SUM.csv,0.8957962153115215,0.786037763153886,2.2222222222222223,0.7974253777382895
