Technique,AUC,Credibility,LagGlobal,MAP
50Traced_NONETRACED_RFNONE_MULTI_LSA_12_SUM.csv,0.8805845750998812,0.8004710240513564,2.2936507936507935,0.8569966624343043
