Technique,AUC,Credibility,LagGlobal,MAP
50Traced_NONETRACED_RFNONE_RAW_VSM_34_MEDIAN.csv,0.889735854659324,0.8064646428571428,2.2936507936507935,0.8722302993065769
