Technique,AUC,Credibility,LagGlobal,MAP
50Traced_NONETRACED_RFUNDER_RAW_VSM_65_MAX.csv,0.9282407407407407,0.8396096428571429,2.2936507936507935,0.9205973028922435
