Technique,AUC,Credibility,LagGlobal,MAP
50Traced_NONETRACED_MAX_SINGLE_VSM_48_MEDIAN.csv,0.9692224111866969,0.7466133333333334,1.0634920634920635,0.9497783347746594
