Technique,AUC,Credibility,LagGlobal,MAP
50Traced_NONETRACED_MEDIAN_MULTI_LSA_63_SUM.csv,0.7829473059064895,0.6642191068256788,2.2936507936507935,0.6927177166939117
