Technique,AUC,Credibility,LagGlobal,MAP
50Traced_NONETRACED_RFUNDER_SINGLE_VSM_30_MEDIAN.csv,0.905136459345643,0.8434071428571429,2.2182539682539684,0.891356091563775
