Technique,AUC,Credibility,LagGlobal,MAP
50Traced_NONETRACED_MAX_RAW_VSM_78_MAX.csv,0.9212490551776267,0.7783207142857143,2.3293650793650795,0.8942182088291106
