Technique,AUC,Credibility,LagGlobal,MAP
50Traced_NONETRACED_SUM_MULTI_LSA_80_SUM.csv,0.95055879494655,0.730792062881328,0.9761904761904762,0.9003375973787603
