Technique,AUC,Credibility,LagGlobal,MAP
50Traced_NONETRACED_RFUNDER_RAW_VSM_4_MEDIAN.csv,0.8771359734369939,0.7991014285714285,2.2936507936507935,0.8573460373025454
