Technique,AUC,Credibility,LagGlobal,MAP
50Traced_NONETRACED_SUM_RAW_LSA_81_MAX.csv,0.9651967930029155,0.5161590476190476,1.5753968253968254,0.945282309253668
