Technique,AUC,Credibility,LagGlobal,MAP
50Traced_NONETRACED_RFSMOTE_MULTI_LSA_45_MAX.csv,0.8285282366915019,0.7194755952380952,2.2261904761904763,0.7133332524650557
