Technique,AUC,Credibility,LagGlobal,MAP
50Traced_NONETRACED_SUM_RAW_LSA_26_SUM.csv,0.9447717579095131,0.735425072704439,2.1746031746031744,0.9209918971470749
