Technique,AUC,Credibility,LagGlobal,MAP
50Traced_NONETRACED_RFUNDER_RAW_LSA_25_MEDIAN.csv,0.8795958859734371,0.8047578571428572,2.2936507936507935,0.8590020436440404
