Technique,AUC,Credibility,LagGlobal,MAP
50Traced_NONETRACED_SUM_MULTI_LSA_2_SUM.csv,0.9185326908541195,0.7227286661473133,2.2182539682539684,0.8649867509122442
