Technique,AUC,Credibility,LagGlobal,MAP
50Traced_NONETRACED_RFSMOTE_RAW_VSM_89_MAX.csv,0.8647689234423929,0.7890502380952381,2.2936507936507935,0.8206372144423792
