Technique,AUC,Credibility,LagGlobal,MAP
50Traced_NONETRACED_RFSMOTE_SINGLE_LSA_43_SUM.csv,0.8109106737933269,0.7201339382658601,2.2936507936507935,0.7400701001261261
