Technique,AUC,Credibility,LagGlobal,MAP
50Traced_NONETRACED_RFNONE_SINGLE_LSA_37_MEDIAN.csv,0.8771460965338518,0.8059040476190477,2.2182539682539684,0.8563259084494077
