Technique,AUC,Credibility,LagGlobal,MAP
50Traced_NONETRACED_MAX_SINGLE_LSA_85_MAX.csv,0.9650483209156678,0.7329319047619047,0.9484126984126984,0.9416301203790574
