Technique,AUC,Credibility,LagGlobal,MAP
50Traced_NONETRACED_SUM_MULTI_LSA_61_SUM.csv,0.9262802343159485,0.7247838761560113,2.2142857142857144,0.8785898528501133
