Technique,AUC,Credibility,LagGlobal,MAP
50Traced_NONETRACED_RFNONE_RAW_LSA_71_MAX.csv,0.8826733074182055,0.8071479761904762,2.2936507936507935,0.8613693237294413
