Technique,AUC,Credibility,LagGlobal,MAP
50Traced_NONETRACED_MEDIAN_RAW_VSM_93_SUM.csv,0.780494142101285,0.6637716738560433,2.2976190476190474,0.6815776812344555
