Technique,AUC,Credibility,LagGlobal,MAP
50Traced_NONETRACED_RFUNDER_MULTI_VSM_48_MEDIAN.csv,0.938100637080229,0.8523953571428572,2.123015873015873,0.870431684892752
