Technique,AUC,Credibility,LagGlobal,MAP
50Traced_NONETRACED_RFUNDER_SINGLE_VSM_50_MAX.csv,0.9154181513875391,0.8529560714285714,2.2936507936507935,0.9116091520935196
