Technique,AUC,Credibility,LagGlobal,MAP
50Traced_NONETRACED_MEDIAN_SINGLE_LSA_92_SUM.csv,0.78180002159594,0.6640640206047183,2.2936507936507935,0.6863008191756212
