Technique,AUC,Credibility,LagGlobal,MAP
50Traced_NONETRACED_MAX_RAW_LSA_67_SUM.csv,0.9335823615160349,0.7629540999828731,1.9761904761904763,0.911490333449561
