Technique,AUC,Credibility,LagGlobal,MAP
50Traced_NONETRACED_SUM_MULTI_LSA_32_MEDIAN.csv,0.963040573372206,-0.19693988095238096,1.5158730158730158,0.9334636845614874
