Technique,AUC,Credibility,LagGlobal,MAP
50Traced_NONETRACED_RFNONE_MULTI_VSM_37_SUM.csv,0.891142965122557,0.8149808823081376,2.2182539682539684,0.8686912770340374
