Technique,AUC,Credibility,LagGlobal,MAP
50Traced_NONETRACED_RFSMOTE_MULTI_LSA_15_MEDIAN.csv,0.8698709642587195,0.8016619047619048,2.2182539682539684,0.7541855905559289
