Technique,AUC,Credibility,LagGlobal,MAP
50Traced_NONETRACED_MEDIAN_SINGLE_LSA_18_SUM.csv,0.7836255533959614,0.6648373932166117,2.2936507936507935,0.6857516201534033
