Technique,AUC,Credibility,LagGlobal,MAP
50Traced_NONETRACED_RFNONE_RAW_VSM_89_SUM.csv,0.8855347694633409,0.7959393565487616,2.2182539682539684,0.8684907205029212
