Technique,AUC,Credibility,LagGlobal,MAP
50Traced_NONETRACED_MEDIAN_MULTI_VSM_79_SUM.csv,0.784347667638484,0.6701104118484256,2.2976190476190474,0.6913684813598366
