Technique,AUC,Credibility,LagGlobal,MAP
50Traced_NONETRACED_MAX_MULTI_LSA_31_MAX.csv,0.9483350880034552,0.739482619047619,1.8928571428571428,0.9324202127103646
