Technique,AUC,Credibility,LagGlobal,MAP
50Traced_NONETRACED_MAX_SINGLE_VSM_89_MAX.csv,0.9823216985206781,0.7476628571428572,0.8968253968253969,0.9679632850768142
