Technique,AUC,Credibility,LagGlobal,MAP
50Traced_NONETRACED_MAX_SINGLE_VSM_28_MEDIAN.csv,0.9739262768599503,0.7374511904761905,1.0912698412698412,0.9560038321381633
