Technique,AUC,Credibility,LagGlobal,MAP
50Traced_NONETRACED_RFSMOTE_RAW_VSM_32_SUM.csv,0.8605442176870749,0.769733084665042,2.2222222222222223,0.8108327025111581
