Technique,AUC,Credibility,LagGlobal,MAP
50Traced_NONETRACED_MEDIAN_RAW_VSM_28_SUM.csv,0.7798698844617212,0.6639924300093039,2.2976190476190474,0.6819959283088206
