Technique,AUC,Credibility,LagGlobal,MAP
50Traced_NONETRACED_MEDIAN_MULTI_LSA_1_SUM.csv,0.7880898391102473,0.6669919945279051,2.3055555555555554,0.6949343958224287
