Technique,AUC,Credibility,LagGlobal,MAP
50Traced_NONETRACED_RFUNDER_RAW_VSM_17_SUM.csv,0.8718213475866536,0.7951776955183865,2.2936507936507935,0.8452187249612393
