Technique,AUC,Credibility,LagGlobal,MAP
50Traced_NONETRACED_RFNONE_SINGLE_LSA_41_MEDIAN.csv,0.8447960533419716,0.7931192857142857,2.2936507936507935,0.8202498679102538
