Technique,AUC,Credibility,LagGlobal,MAP
50Traced_NONETRACED_RFUNDER_SINGLE_LSA_56_SUM.csv,0.9099044379656624,0.8363073911586387,2.2182539682539684,0.8820738293077826
