Technique,AUC,Credibility,LagGlobal,MAP
50Traced_NONETRACED_RFSMOTE_RAW_VSM_88_SUM.csv,0.8957118561710399,0.8005093227310118,2.2182539682539684,0.8711720201031266
