Technique,AUC,Credibility,LagGlobal,MAP
50Traced_NONETRACED_MEDIAN_RAW_VSM_46_SUM.csv,0.7807607169852068,0.6637820350164932,2.2936507936507935,0.6830409227232612
