Technique,AUC,Credibility,LagGlobal,MAP
50Traced_NONETRACED_MAX_RAW_VSM_92_MAX.csv,0.9573378954756506,0.7911319047619048,1.9047619047619047,0.9403037155505338
