Technique,AUC,Credibility,LagGlobal,MAP
50Traced_NONETRACED_SUM_MULTI_VSM_78_SUM.csv,0.9433950167368536,0.7292517033000889,2.0833333333333335,0.9145308783179588
