Technique,AUC,Credibility,LagGlobal,MAP
50Traced_NONETRACED_SUM_SINGLE_VSM_7_SUM.csv,0.9656961991145665,0.7473300794055511,1.5119047619047619,0.9296462660967983
