Technique,AUC,Credibility,LagGlobal,MAP
50Traced_NONETRACED_MEDIAN_SINGLE_VSM_87_SUM.csv,0.7819046269301372,0.6703855521564658,2.2976190476190474,0.6891599340384541
