Technique,AUC,Credibility,LagGlobal,MAP
50Traced_NONETRACED_RFNONE_SINGLE_VSM_86_SUM.csv,0.8992515657056473,0.8279291198245133,2.2936507936507935,0.8922536839052794
