Technique,AUC,Credibility,LagGlobal,MAP
50Traced_NONETRACED_SUM_SINGLE_VSM_60_SUM.csv,0.960735881654249,0.7484437319919272,1.3333333333333333,0.9231686499885114
