Technique,AUC,Credibility,LagGlobal,MAP
50Traced_NONETRACED_MAX_MULTI_LSA_76_MEDIAN.csv,0.9498771730914588,0.7465909523809524,1.9444444444444444,0.932454461950737
