Technique,AUC,Credibility,LagGlobal,MAP
50Traced_NONETRACED_SUM_SINGLE_VSM_40_MEDIAN.csv,0.9426796512255696,-0.1787922619047619,1.3412698412698412,0.8856574958293406
