Technique,AUC,Credibility,LagGlobal,MAP
50Traced_NONETRACED_RFNONE_RAW_VSM_97_SUM.csv,0.8512005992873339,0.7837527800627608,2.2936507936507935,0.8238416469857748
