Technique,AUC,Credibility,LagGlobal,MAP
50Traced_NONETRACED_MAX_MULTI_VSM_77_SUM.csv,0.9563660781773026,0.7394716910891598,2.1746031746031744,0.9417973860241096
