Technique,AUC,Credibility,LagGlobal,MAP
50Traced_NONETRACED_SUM_SINGLE_LSA_46_MEDIAN.csv,0.9546181567865241,-0.22005011904761904,1.8412698412698412,0.911211547975981
