Technique,AUC,Credibility,LagGlobal,MAP
50Traced_NONETRACED_MAX_RAW_VSM_58_SUM.csv,0.938448196739013,0.7659671760681199,2.1031746031746033,0.9172605892470218
