Technique,AUC,Credibility,LagGlobal,MAP
50Traced_NONETRACED_SUM_MULTI_VSM_94_MEDIAN.csv,0.9517162023539576,-0.2516511904761905,2.1706349206349205,0.9150532529809097
