Technique,AUC,Credibility,LagGlobal,MAP
50Traced_NONETRACED_RFSMOTE_RAW_LSA_28_MEDIAN.csv,0.8772203325774754,0.7772777380952381,2.2182539682539684,0.7855043348761444
