Technique,AUC,Credibility,LagGlobal,MAP
50Traced_NONETRACED_MEDIAN_SINGLE_LSA_53_SUM.csv,0.780956430191124,0.6649962414905657,2.2976190476190474,0.6860816884324891
