Technique,AUC,Credibility,LagGlobal,MAP
50Traced_NONETRACED_SUM_RAW_LSA_5_SUM.csv,0.9531401846452867,0.7473719558605404,1.5674603174603174,0.9192506835446221
