Technique,AUC,Credibility,LagGlobal,MAP
50Traced_NONETRACED_MAX_RAW_VSM_69_SUM.csv,0.9163798455890291,0.7587834165967509,2.3214285714285716,0.8953041854091878
