Technique,AUC,Credibility,LagGlobal,MAP
50Traced_NONETRACED_SUM_MULTI_LSA_6_MEDIAN.csv,0.939754076233668,-0.2589358333333333,1.6111111111111112,0.8924370313089209
