Technique,AUC,Credibility,LagGlobal,MAP
50Traced_NONETRACED_RFUNDER_RAW_LSA_1_MEDIAN.csv,0.8821199114566463,0.8096510714285714,2.2222222222222223,0.7647930739671048
