Technique,AUC,Credibility,LagGlobal,MAP
50Traced_NONETRACED_RFUNDER_MULTI_VSM_84_MEDIAN.csv,0.8627071860490229,0.7880791666666667,2.2222222222222223,0.6920360028420063
