Technique,AUC,Credibility,LagGlobal,MAP
50Traced_NONETRACED_RFSMOTE_SINGLE_VSM_61_SUM.csv,0.8829904977864163,0.782178299984489,2.2261904761904763,0.8313629165631453
