Technique,AUC,Credibility,LagGlobal,MAP
50Traced_NONETRACED_SUM_MULTI_VSM_92_MEDIAN.csv,0.9373683997408487,-0.15015690476190477,1.9484126984126984,0.883763780130907
