Technique,AUC,Credibility,LagGlobal,MAP
50Traced_NONETRACED_SUM_SINGLE_VSM_70_MEDIAN.csv,0.955397635244574,-0.3030195238095238,1.119047619047619,0.9198294596963366
