Technique,AUC,Credibility,LagGlobal,MAP
50Traced_NONETRACED_RFNONE_SINGLE_VSM_6_MAX.csv,0.8913386783284744,0.8104988095238095,2.2936507936507935,0.8721697316924004
