Technique,AUC,Credibility,LagGlobal,MAP
50Traced_NONETRACED_RFNONE_SINGLE_LSA_20_MEDIAN.csv,0.8896110031314114,0.825115119047619,2.2182539682539684,0.8741126705865161
