Technique,AUC,Credibility,LagGlobal,MAP
50Traced_NONETRACED_MEDIAN_RAW_LSA_33_SUM.csv,0.7818270165208941,0.664167512475683,2.2936507936507935,0.6829788143450606
