Technique,AUC,Credibility,LagGlobal,MAP
50Traced_NONETRACED_MAX_SINGLE_LSA_35_SUM.csv,0.9761364863405679,0.736355012906393,0.8690476190476191,0.9553551491071398
