Technique,AUC,Credibility,LagGlobal,MAP
50Traced_NONETRACED_RFNONE_SINGLE_VSM_36_MAX.csv,0.871119479537847,0.8083885714285715,2.2182539682539684,0.8507426303747636
