Technique,AUC,Credibility,LagGlobal,MAP
50Traced_NONETRACED_MEDIAN_RAW_LSA_83_SUM.csv,0.7817966472303206,0.6642616087287491,2.2976190476190474,0.6841013301792932
