Technique,AUC,Credibility,LagGlobal,MAP
50Traced_NONETRACED_MEDIAN_SINGLE_LSA_95_SUM.csv,0.7843442932728646,0.6669378570192142,2.261904761904762,0.6915494782245681
