Technique,AUC,Credibility,LagGlobal,MAP
50Traced_NONETRACED_MAX_RAW_VSM_93_MAX.csv,0.9756741982507288,0.7979404761904761,1.9603174603174602,0.9633172190576195
