Technique,AUC,Credibility,LagGlobal,MAP
50Traced_NONETRACED_RFNONE_MULTI_VSM_86_SUM.csv,0.91408527696793,0.8233591536422631,2.2182539682539684,0.8920072333097845
