Technique,AUC,Credibility,LagGlobal,MAP
50Traced_NONETRACED_MAX_SINGLE_VSM_87_SUM.csv,0.9812587733506101,0.739983502163335,0.5873015873015873,0.9638457682355877
