Technique,AUC,Credibility,LagGlobal,MAP
50Traced_NONETRACED_RFUNDER_SINGLE_VSM_39_MAX.csv,0.919474138861894,0.8450788095238095,2.123015873015873,0.9038978722487783
