Technique,AUC,Credibility,LagGlobal,MAP
50Traced_NONETRACED_SUM_MULTI_LSA_63_SUM.csv,0.9363088489364,0.7257474701766121,2.0515873015873014,0.8957647335453035
