Technique,AUC,Credibility,LagGlobal,MAP
50Traced_NONETRACED_RFSMOTE_SINGLE_VSM_8_MAX.csv,0.8623258827340461,0.7602384523809523,2.2182539682539684,0.7965411133382271
