Technique,AUC,Credibility,LagGlobal,MAP
50Traced_NONETRACED_RFUNDER_MULTI_VSM_99_SUM.csv,0.8707786686103013,0.7898460683057612,2.2182539682539684,0.7916915236319906
