Technique,AUC,Credibility,LagGlobal,MAP
50Traced_NONETRACED_RFUNDER_MULTI_LSA_15_MEDIAN.csv,0.925925925925926,0.8313360714285715,2.123015873015873,0.8021110355320471
