Technique,AUC,Credibility,LagGlobal,MAP
50Traced_NONETRACED_RFSMOTE_RAW_VSM_95_SUM.csv,0.8486698250728864,0.7708045425463852,2.2936507936507935,0.7965207977329277
