Technique,AUC,Credibility,LagGlobal,MAP
50Traced_NONETRACED_MEDIAN_RAW_LSA_9_SUM.csv,0.7809024403412159,0.6642170248630426,2.2936507936507935,0.6842408689087099
