Technique,AUC,Credibility,LagGlobal,MAP
50Traced_NONETRACED_RFUNDER_MULTI_LSA_53_MEDIAN.csv,0.8580134434726272,0.7847672619047619,2.2182539682539684,0.682922556057332
