Technique,AUC,Credibility,LagGlobal,MAP
50Traced_NONETRACED_SUM_SINGLE_LSA_19_MEDIAN.csv,0.9589305960479431,-0.2130579761904762,1.1825396825396826,0.9290098950991422
