Technique,AUC,Credibility,LagGlobal,MAP
50Traced_NONETRACED_RFNONE_SINGLE_VSM_98_MEDIAN.csv,0.870660565813627,0.816597380952381,2.2936507936507935,0.8498592296706596
