Technique,AUC,Credibility,LagGlobal,MAP
50Traced_NONETRACED_MEDIAN_MULTI_VSM_57_SUM.csv,0.7918725029694417,0.66587668104542,2.2976190476190474,0.698260327468048
