Technique,AUC,Credibility,LagGlobal,MAP
50Traced_NONETRACED_RFUNDER_RAW_LSA_13_SUM.csv,0.8871544649605875,0.8126958992170125,2.2182539682539684,0.8606257463190903
