Technique,AUC,Credibility,LagGlobal,MAP
50Traced_NONETRACED_SUM_SINGLE_LSA_10_SUM.csv,0.9663643235071806,0.7460043570246941,1.6111111111111112,0.939725256222613
