Technique,AUC,Credibility,LagGlobal,MAP
50Traced_NONETRACED_MEDIAN_SINGLE_LSA_93_SUM.csv,0.7799744897959183,0.6652473160771916,2.2976190476190474,0.6835276094675216
