Technique,AUC,Credibility,LagGlobal,MAP
50Traced_NONETRACED_RFUNDER_SINGLE_VSM_53_SUM.csv,0.8937344779181515,0.8241208146726381,2.2182539682539684,0.8776656735641345
