Technique,AUC,Credibility,LagGlobal,MAP
50Traced_NONETRACED_MAX_SINGLE_VSM_72_SUM.csv,0.9707273782528885,0.7300096476019946,0.8174603174603174,0.9495256662823839
