Technique,AUC,Credibility,LagGlobal,MAP
50Traced_NONETRACED_MAX_RAW_LSA_68_MEDIAN.csv,0.939139941690962,0.7770932142857143,2.0952380952380953,0.9189195396219191
