Technique,AUC,Credibility,LagGlobal,MAP
50Traced_NONETRACED_RFNONE_RAW_LSA_64_MEDIAN.csv,0.9027204135622503,0.8076909523809523,2.1785714285714284,0.878459560542392
