Technique,AUC,Credibility,LagGlobal,MAP
50Traced_NONETRACED_RFUNDER_MULTI_LSA_43_SUM.csv,0.9150233506100853,0.8271674587941382,2.2222222222222223,0.8523496502828929
