Technique,AUC,Credibility,LagGlobal,MAP
50Traced_NONETRACED_RFSMOTE_SINGLE_LSA_82_SUM.csv,0.8219954648526078,0.7379939719794592,2.2936507936507935,0.7511039112776454
