Technique,AUC,Credibility,LagGlobal,MAP
50Traced_NONETRACED_MAX_RAW_VSM_18_SUM.csv,0.9494452542921932,0.7794834396116874,2.123015873015873,0.9342231995121758
