Technique,AUC,Credibility,LagGlobal,MAP
50Traced_NONETRACED_SUM_SINGLE_VSM_92_MAX.csv,0.9503630817406328,-0.29650261904761904,1.4880952380952381,0.9065295163868886
