Technique,AUC,Credibility,LagGlobal,MAP
50Traced_NONETRACED_RFSMOTE_RAW_LSA_78_MAX.csv,0.8878360868156787,0.7997484523809524,2.2182539682539684,0.8236894221769547
