Technique,AUC,Credibility,LagGlobal,MAP
50Traced_NONETRACED_RFUNDER_SINGLE_VSM_77_SUM.csv,0.909118210776374,0.8317374249763885,2.1547619047619047,0.8918755803507896
