Technique,AUC,Credibility,LagGlobal,MAP
50Traced_NONETRACED_RFNONE_RAW_VSM_61_MAX.csv,0.8850522351797863,0.7964872619047619,2.2936507936507935,0.8642319121110745
