Technique,AUC,Credibility,LagGlobal,MAP
50Traced_NONETRACED_MAX_MULTI_LSA_2_MAX.csv,0.9528297430083144,0.7411484523809524,1.869047619047619,0.933632202184717
