Technique,AUC,Credibility,LagGlobal,MAP
50Traced_NONETRACED_RFSMOTE_MULTI_VSM_49_MAX.csv,0.8823021272000865,0.8198758333333334,2.2936507936507935,0.8313171621955313
