Technique,AUC,Credibility,LagGlobal,MAP
50Traced_NONETRACED_RFSMOTE_SINGLE_VSM_62_MAX.csv,0.850124176654789,0.7578751190476191,2.2936507936507935,0.7771573929631295
