Technique,AUC,Credibility,LagGlobal,MAP
50Traced_NONETRACED_RFUNDER_SINGLE_VSM_33_MAX.csv,0.9214211478242091,0.8460080952380953,2.2182539682539684,0.8948732458527794
