Technique,AUC,Credibility,LagGlobal,MAP
50Traced_NONETRACED_RFSMOTE_SINGLE_VSM_25_MAX.csv,0.857537657920311,0.7486269047619047,2.1825396825396823,0.7586932330931085
