Technique,AUC,Credibility,LagGlobal,MAP
50Traced_NONETRACED_RFSMOTE_SINGLE_LSA_8_MAX.csv,0.7786281179138321,0.677022738095238,2.2976190476190474,0.5536572340188216
