Technique,AUC,Credibility,LagGlobal,MAP
50Traced_NONETRACED_SUM_SINGLE_VSM_40_SUM.csv,0.9410700788251808,0.734683412006006,1.3650793650793651,0.8850288700023397
