Technique,AUC,Credibility,LagGlobal,MAP
50Traced_NONETRACED_MEDIAN_SINGLE_VSM_28_SUM.csv,0.7778520138214016,0.6638399729341115,2.2936507936507935,0.6803036016762923
