Technique,AUC,Credibility,LagGlobal,MAP
50Traced_NONETRACED_SUM_MULTI_VSM_70_SUM.csv,0.9430879494655003,0.7311053915654575,1.7817460317460319,0.9068961230967661
