Technique,AUC,Credibility,LagGlobal,MAP
50Traced_NONETRACED_RFSMOTE_MULTI_VSM_81_MEDIAN.csv,0.8549798887809092,0.7804164285714286,2.011904761904762,0.7159430858880554
