Technique,AUC,Credibility,LagGlobal,MAP
50Traced_NONETRACED_SUM_SINGLE_LSA_91_MEDIAN.csv,0.9568249919015225,-0.2568875,1.2936507936507937,0.9112540974392471
