Technique,AUC,Credibility,LagGlobal,MAP
50Traced_NONETRACED_SUM_RAW_VSM_28_SUM.csv,0.9607797484072994,0.752294315021673,1.5158730158730158,0.9358412614019325
