Technique,AUC,Credibility,LagGlobal,MAP
50Traced_NONETRACED_MEDIAN_SINGLE_LSA_84_SUM.csv,0.7847762120721304,0.6694239829351012,2.2936507936507935,0.6947717903809514
