Technique,AUC,Credibility,LagGlobal,MAP
50Traced_NONETRACED_RFSMOTE_MULTI_VSM_40_SUM.csv,0.8140589569160998,0.726338374437723,2.1785714285714284,0.7250355428214328
