Technique,AUC,Credibility,LagGlobal,MAP
50Traced_NONETRACED_MAX_SINGLE_LSA_33_SUM.csv,0.9824229294892561,0.7461835154566432,0.9682539682539683,0.9663662080303601
