Technique,AUC,Credibility,LagGlobal,MAP
50Traced_NONETRACED_RFSMOTE_RAW_LSA_19_MEDIAN.csv,0.8649511391858331,0.7837078571428572,2.2182539682539684,0.8076833886088488
