Technique,AUC,Credibility,LagGlobal,MAP
50Traced_NONETRACED_MEDIAN_MULTI_VSM_47_MEDIAN.csv,0.7795155760716984,0.6758766666666667,2.2936507936507935,0.6802055424151845
