Technique,AUC,Credibility,LagGlobal,MAP
50Traced_NONETRACED_RFNONE_MULTI_VSM_44_MEDIAN.csv,0.9165654356980887,0.837657380952381,2.2182539682539684,0.8808682224961455
