Technique,AUC,Credibility,LagGlobal,MAP
50Traced_NONETRACED_RFSMOTE_SINGLE_LSA_33_MAX.csv,0.8326550858438613,0.7195217857142857,2.2182539682539684,0.7342016525419064
