Technique,AUC,Credibility,LagGlobal,MAP
50Traced_NONETRACED_SUM_MULTI_VSM_93_MEDIAN.csv,0.9596965770435159,-0.2925210714285714,1.0436507936507937,0.9159920988144779
