Technique,AUC,Credibility,LagGlobal,MAP
50Traced_NONETRACED_RFUNDER_SINGLE_LSA_34_MAX.csv,0.9251633192959724,0.8538654761904761,2.123015873015873,0.9082727871642707
