Technique,AUC,Credibility,LagGlobal,MAP
50Traced_NONETRACED_MAX_MULTI_VSM_45_SUM.csv,0.9413670229996761,0.7362026696601958,2.0476190476190474,0.9195576462224386
