Technique,AUC,Credibility,LagGlobal,MAP
50Traced_NONETRACED_SUM_RAW_VSM_23_MEDIAN.csv,0.9532042975920527,0.4806604761904762,1.2182539682539681,0.9266781748645577
