Technique,AUC,Credibility,LagGlobal,MAP
50Traced_NONETRACED_SUM_RAW_VSM_35_SUM.csv,0.9687027588813304,0.7553788112931185,1.757936507936508,0.9484703196582283
