Technique,AUC,Credibility,LagGlobal,MAP
50Traced_NONETRACED_MAX_RAW_VSM_4_SUM.csv,0.9543414588057445,0.7743518428474181,2.2698412698412698,0.9394345024086842
