Technique,AUC,Credibility,LagGlobal,MAP
50Traced_NONETRACED_RFNONE_MULTI_LSA_48_MAX.csv,0.8711869668502322,0.8029166666666666,2.2182539682539684,0.7759179512866996
