Technique,AUC,Credibility,LagGlobal,MAP
50Traced_NONETRACED_MAX_MULTI_VSM_37_MEDIAN.csv,0.9465365511283879,0.744742738095238,2.2976190476190474,0.9368691992463914
