Technique,AUC,Credibility,LagGlobal,MAP
50Traced_NONETRACED_RFNONE_MULTI_LSA_21_SUM.csv,0.8830039952488933,0.8066026109740121,2.2936507936507935,0.8535935261896371
