Technique,AUC,Credibility,LagGlobal,MAP
50Traced_NONETRACED_MAX_SINGLE_VSM_71_MEDIAN.csv,0.9781003671309794,0.7508740476190476,0.9603174603174603,0.9604153852998735
