Technique,AUC,Credibility,LagGlobal,MAP
50Traced_NONETRACED_SUM_MULTI_VSM_83_SUM.csv,0.9455107439801317,0.7347564306540932,2.265873015873016,0.9141062942116772
