Technique,AUC,Credibility,LagGlobal,MAP
50Traced_NONETRACED_MEDIAN_MULTI_LSA_2_MEDIAN.csv,0.778216445308282,0.6757839285714285,2.2936507936507935,0.6795061474664048
