Technique,AUC,Credibility,LagGlobal,MAP
50Traced_NONETRACED_RFSMOTE_RAW_VSM_47_SUM.csv,0.9110550966418314,0.8119342381866375,2.2936507936507935,0.8873231158500358
