Technique,AUC,Credibility,LagGlobal,MAP
50Traced_NONETRACED_MAX_RAW_VSM_34_MEDIAN.csv,0.9413062844185293,0.7967959523809524,2.1865079365079363,0.9304204856100337
