Technique,AUC,Credibility,LagGlobal,MAP
50Traced_NONETRACED_RFSMOTE_SINGLE_LSA_40_SUM.csv,0.8560090702947847,0.7553538775415728,2.2182539682539684,0.7909700671468801
