Technique,AUC,Credibility,LagGlobal,MAP
50Traced_NONETRACED_RFNONE_MULTI_LSA_91_SUM.csv,0.910845885973437,0.8126958992170125,2.2182539682539684,0.89516224446846
