Technique,AUC,Credibility,LagGlobal,MAP
50Traced_NONETRACED_RFNONE_MULTI_VSM_90_MEDIAN.csv,0.9109606144044919,0.8184410714285715,2.2182539682539684,0.8468426913449258
