Technique,AUC,Credibility,LagGlobal,MAP
50Traced_NONETRACED_RFNONE_RAW_VSM_74_SUM.csv,0.9144227135298564,0.8180275264296377,2.123015873015873,0.9005609681650376
