Technique,AUC,Credibility,LagGlobal,MAP
50Traced_NONETRACED_RFNONE_MULTI_LSA_14_SUM.csv,0.8904242252456539,0.8233591536422631,2.2182539682539684,0.8629604064107465
