Technique,AUC,Credibility,LagGlobal,MAP
50Traced_NONETRACED_SUM_SINGLE_LSA_38_SUM.csv,0.9575471061440449,0.7509934657457955,1.0952380952380953,0.9269137631401758
