Technique,AUC,Credibility,LagGlobal,MAP
50Traced_NONETRACED_RFSMOTE_RAW_LSA_57_SUM.csv,0.8820996652629305,0.7883227462450111,2.0555555555555554,0.8352689184141172
