Technique,AUC,Credibility,LagGlobal,MAP
50Traced_NONETRACED_SUM_RAW_VSM_99_SUM.csv,0.9533932620667316,0.7529332003154313,1.4365079365079365,0.9269430725651178
