Technique,AUC,Credibility,LagGlobal,MAP
50Traced_NONETRACED_RFUNDER_SINGLE_VSM_47_MAX.csv,0.9190523431594861,0.849589880952381,2.123015873015873,0.9028367871794936
