Technique,AUC,Credibility,LagGlobal,MAP
50Traced_NONETRACED_RFUNDER_MULTI_LSA_87_SUM.csv,0.8826665586869669,0.802794305822137,2.2936507936507935,0.8164729698270754
