Technique,AUC,Credibility,LagGlobal,MAP
50Traced_NONETRACED_RFNONE_RAW_VSM_29_SUM.csv,0.8619918205377388,0.7945379017605219,2.2182539682539684,0.8364824616143435
