Technique,AUC,Credibility,LagGlobal,MAP
50Traced_NONETRACED_SUM_SINGLE_LSA_1_MAX.csv,0.9592714069754885,-0.229795,1.2182539682539681,0.9258005833509679
