Technique,AUC,Credibility,LagGlobal,MAP
50Traced_NONETRACED_RFSMOTE_SINGLE_LSA_28_SUM.csv,0.8436588921282798,0.7570946439996344,2.2182539682539684,0.8058410794623537
