Technique,AUC,Credibility,LagGlobal,MAP
50Traced_NONETRACED_RFSMOTE_SINGLE_LSA_55_SUM.csv,0.837450059388835,0.7396592810625617,2.2936507936507935,0.774840812044977
