Technique,AUC,Credibility,LagGlobal,MAP
50Traced_NONETRACED_SUM_SINGLE_VSM_16_MAX.csv,0.9400273998488284,-0.2946365476190476,1.3134920634920635,0.8747080448127937
