Technique,AUC,Credibility,LagGlobal,MAP
50Traced_NONETRACED_RFSMOTE_RAW_LSA_92_SUM.csv,0.8972573156246626,0.8012709837613868,2.123015873015873,0.8691417107893296
