Technique,AUC,Credibility,LagGlobal,MAP
50Traced_NONETRACED_RFNONE_SINGLE_LSA_87_MAX.csv,0.8837092376633191,0.7940454761904762,2.2182539682539684,0.8429998977461546
