Technique,AUC,Credibility,LagGlobal,MAP
50Traced_NONETRACED_RFUNDER_RAW_VSM_90_MAX.csv,0.8991132167152576,0.817962261904762,2.2936507936507935,0.8778679058640545
