Technique,AUC,Credibility,LagGlobal,MAP
50Traced_NONETRACED_RFUNDER_MULTI_LSA_18_SUM.csv,0.8661591620775294,0.6923534564177558,2.2023809523809526,0.7534437214623237
