Technique,AUC,Credibility,LagGlobal,MAP
50Traced_NONETRACED_RFSMOTE_SINGLE_VSM_66_MAX.csv,0.8660815516682863,0.7659336904761904,2.2936507936507935,0.7792453070048004
