Technique,AUC,Credibility,LagGlobal,MAP
50Traced_NONETRACED_SUM_SINGLE_VSM_49_MEDIAN.csv,0.9603916963610841,-0.3873127380952381,1.2142857142857142,0.913009349215411
