Technique,AUC,Credibility,LagGlobal,MAP
50Traced_NONETRACED_SUM_RAW_VSM_72_MEDIAN.csv,0.9600373879710615,0.5050186904761905,1.5674603174603174,0.9378811041963515
