Technique,AUC,Credibility,LagGlobal,MAP
50Traced_NONETRACED_RFUNDER_MULTI_VSM_49_SUM.csv,0.9047349098369507,0.7898460683057612,2.2222222222222223,0.816562496396835
