Technique,AUC,Credibility,LagGlobal,MAP
50Traced_NONETRACED_RFUNDER_MULTI_LSA_65_MAX.csv,0.9264961937155815,0.8460163095238096,2.123015873015873,0.876055220146774
