Technique,AUC,Credibility,LagGlobal,MAP
50Traced_NONETRACED_RFSMOTE_SINGLE_LSA_4_SUM.csv,0.811615916207753,0.7140207690603496,2.2936507936507935,0.7304965051083147
