Technique,AUC,Credibility,LagGlobal,MAP
50Traced_NONETRACED_MAX_SINGLE_VSM_47_SUM.csv,0.9754244951949035,0.7373786836068467,0.7658730158730159,0.9533898236867967
