Technique,AUC,Credibility,LagGlobal,MAP
50Traced_NONETRACED_MAX_SINGLE_VSM_26_SUM.csv,0.9811069268977433,0.7422325205412708,0.6785714285714286,0.9636430576426508
