Technique,AUC,Credibility,LagGlobal,MAP
50Traced_NONETRACED_RFSMOTE_MULTI_VSM_15_MEDIAN.csv,0.8638241010689991,0.7961136904761905,2.2182539682539684,0.8165396495763299
