Technique,AUC,Credibility,LagGlobal,MAP
50Traced_NONETRACED_RFSMOTE_MULTI_VSM_27_SUM.csv,0.9115578771191015,0.8172658653992627,2.1547619047619047,0.8719045033270403
