Technique,AUC,Credibility,LagGlobal,MAP
50Traced_NONETRACED_MAX_SINGLE_LSA_5_SUM.csv,0.9699580228916964,0.739154193958122,1.0396825396825398,0.947396613055983
