Technique,AUC,Credibility,LagGlobal,MAP
50Traced_NONETRACED_MAX_SINGLE_LSA_44_MAX.csv,0.9864080552856064,0.7481972619047619,0.7222222222222222,0.9761691614431891
