Technique,AUC,Credibility,LagGlobal,MAP
50Traced_NONETRACED_MEDIAN_SINGLE_VSM_43_SUM.csv,0.7857649011985747,0.6661374016747018,2.2936507936507935,0.6945113846295327
