Technique,AUC,Credibility,LagGlobal,MAP
50Traced_NONETRACED_SUM_RAW_VSM_88_SUM.csv,0.932084143181082,0.735971927409226,2.3214285714285716,0.9129402233010373
