Technique,AUC,Credibility,LagGlobal,MAP
50Traced_NONETRACED_MAX_RAW_LSA_61_SUM.csv,0.9593388942878738,0.7771211233703672,1.5357142857142858,0.9377529500159808
