Technique,AUC,Credibility,LagGlobal,MAP
50Traced_NONETRACED_RFUNDER_SINGLE_VSM_43_MEDIAN.csv,0.9195787441960912,0.8462753571428572,2.2182539682539684,0.8951248399744046
