Technique,AUC,Credibility,LagGlobal,MAP
50Traced_NONETRACED_RFSMOTE_MULTI_VSM_0_MAX.csv,0.8526279559442825,0.7736169047619048,2.2222222222222223,0.7794241813785066
