Technique,AUC,Credibility,LagGlobal,MAP
50Traced_NONETRACED_RFUNDER_MULTI_VSM_58_MAX.csv,0.9203076071698522,0.8361458333333334,2.123015873015873,0.8109566035953966
