Technique,AUC,Credibility,LagGlobal,MAP
50Traced_NONETRACED_SUM_MULTI_VSM_67_MEDIAN.csv,0.9288110085303964,-0.07285190476190476,2.142857142857143,0.879652082338451
