Technique,AUC,Credibility,LagGlobal,MAP
50Traced_NONETRACED_RFUNDER_SINGLE_LSA_59_SUM.csv,0.9017384731670447,0.8332607470371386,2.2936507936507935,0.8899775335389328
