Technique,AUC,Credibility,LagGlobal,MAP
50Traced_NONETRACED_SUM_RAW_LSA_18_MAX.csv,0.9426492819349963,0.4458059523809524,2.2063492063492065,0.9109990176257995
