Technique,AUC,Credibility,LagGlobal,MAP
50Traced_NONETRACED_RFUNDER_SINGLE_VSM_51_SUM.csv,0.8994304070834683,0.8271674587941382,2.2182539682539684,0.8826084835493271
