Technique,AUC,Credibility,LagGlobal,MAP
50Traced_NONETRACED_RFNONE_RAW_LSA_27_MEDIAN.csv,0.8564139941690962,0.7918466666666667,2.2182539682539684,0.8322669034048267
