Technique,AUC,Credibility,LagGlobal,MAP
50Traced_NONETRACED_RFUNDER_MULTI_LSA_44_MAX.csv,0.8902251376741173,0.7967345238095238,2.2222222222222223,0.7073836277103029
