Technique,AUC,Credibility,LagGlobal,MAP
50Traced_NONETRACED_RFSMOTE_RAW_VSM_57_MEDIAN.csv,0.8530463772810712,0.7606958333333333,2.2936507936507935,0.7623613199617472
