Technique,AUC,Credibility,LagGlobal,MAP
50Traced_NONETRACED_RFNONE_RAW_LSA_62_SUM.csv,0.8776185077205485,0.7890844072753862,2.1785714285714284,0.8536118285656258
