Technique,AUC,Credibility,LagGlobal,MAP
50Traced_NONETRACED_MAX_RAW_LSA_93_SUM.csv,0.9490538278803586,0.7653784630684217,2.1944444444444446,0.9236933871036015
