Technique,AUC,Credibility,LagGlobal,MAP
50Traced_NONETRACED_RFSMOTE_SINGLE_VSM_74_SUM.csv,0.8647756721736314,0.748929518544203,2.2182539682539684,0.8081988867756089
