Technique,AUC,Credibility,LagGlobal,MAP
50Traced_NONETRACED_RFSMOTE_RAW_VSM_37_SUM.csv,0.8892600691070078,0.7967010175791366,2.2182539682539684,0.8579735245207409
