Technique,AUC,Credibility,LagGlobal,MAP
50Traced_NONETRACED_RFNONE_SINGLE_LSA_44_SUM.csv,0.904316488500162,0.8050792889132621,2.2182539682539684,0.8856548572983916
