Technique,AUC,Credibility,LagGlobal,MAP
50Traced_NONETRACED_RFUNDER_MULTI_LSA_11_SUM.csv,0.9036044973544973,0.821835831581513,2.2936507936507935,0.8471756905649368
