Technique,AUC,Credibility,LagGlobal,MAP
50Traced_NONETRACED_RFNONE_SINGLE_VSM_73_MAX.csv,0.9123069862865781,0.8385792857142857,2.1547619047619047,0.8976726834268196
