Technique,AUC,Credibility,LagGlobal,MAP
50Traced_NONETRACED_SUM_MULTI_LSA_56_SUM.csv,0.9403783338732318,0.7309303361963811,1.6666666666666667,0.8960758090159991
