Technique,AUC,Credibility,LagGlobal,MAP
50Traced_NONETRACED_MAX_SINGLE_LSA_71_MAX.csv,0.9823115754238204,0.7414085714285714,1.1626984126984128,0.9699799180308002
