Technique,AUC,Credibility,LagGlobal,MAP
50Traced_NONETRACED_RFSMOTE_MULTI_LSA_90_SUM.csv,0.8854875283446713,0.7868316271133861,2.2182539682539684,0.8424987928442325
