Technique,AUC,Credibility,LagGlobal,MAP
50Traced_NONETRACED_MEDIAN_MULTI_LSA_33_MEDIAN.csv,0.7781354605334198,0.6757526190476191,2.2936507936507935,0.6794772317505866
