Technique,AUC,Credibility,LagGlobal,MAP
50Traced_NONETRACED_MEDIAN_MULTI_VSM_50_SUM.csv,0.7924528938559552,0.6661566438298232,2.2936507936507935,0.6962033112324557
