Technique,AUC,Credibility,LagGlobal,MAP
50Traced_NONETRACED_SUM_SINGLE_LSA_4_SUM.csv,0.9636378360868157,0.748625965940059,1.3253968253968254,0.9202947563362863
