Technique,AUC,Credibility,LagGlobal,MAP
50Traced_NONETRACED_RFSMOTE_MULTI_VSM_99_SUM.csv,0.8761607817730267,0.7799444749108857,2.2936507936507935,0.8045624534907607
