Technique,AUC,Credibility,LagGlobal,MAP
50Traced_NONETRACED_RFUNDER_SINGLE_LSA_89_MEDIAN.csv,0.8838644584818054,0.8248514285714286,2.2182539682539684,0.8371173902291921
