Technique,AUC,Credibility,LagGlobal,MAP
50Traced_NONETRACED_RFSMOTE_SINGLE_VSM_20_SUM.csv,0.8512714609653386,0.757330676117302,2.2976190476190474,0.7849412017137469
