Technique,AUC,Credibility,LagGlobal,MAP
50Traced_NONETRACED_SUM_MULTI_VSM_28_SUM.csv,0.9288413778209696,0.7305685347314823,2.2976190476190474,0.8921139627028549
