Technique,AUC,Credibility,LagGlobal,MAP
50Traced_NONETRACED_SUM_SINGLE_LSA_35_SUM.csv,0.9563120883273943,0.7535309881377058,1.0515873015873016,0.9135408978056806
