Technique,AUC,Credibility,LagGlobal,MAP
50Traced_NONETRACED_SUM_SINGLE_VSM_53_MAX.csv,0.9545911618615701,-0.2786925,1.5277777777777777,0.8963265244878544
