Technique,AUC,Credibility,LagGlobal,MAP
50Traced_NONETRACED_RFUNDER_SINGLE_VSM_61_MEDIAN.csv,0.8966971709318649,0.8416861904761904,2.2182539682539684,0.8749591301808565
