Technique,AUC,Credibility,LagGlobal,MAP
50Traced_NONETRACED_SUM_MULTI_LSA_48_MEDIAN.csv,0.950710641399417,-0.18713869047619047,1.9285714285714286,0.9187695210673082
