Technique,AUC,Credibility,LagGlobal,MAP
50Traced_NONETRACED_RFUNDER_MULTI_VSM_87_MEDIAN.csv,0.9103802235179785,0.8344358333333334,2.2936507936507935,0.8456545550968125
