Technique,AUC,Credibility,LagGlobal,MAP
50Traced_NONETRACED_RFSMOTE_RAW_VSM_16_SUM.csv,0.8814585357952704,0.7967010175791366,2.2936507936507935,0.857165707656201
