Technique,AUC,Credibility,LagGlobal,MAP
50Traced_NONETRACED_SUM_MULTI_LSA_46_SUM.csv,0.949532987798294,0.7278746313013716,0.8333333333333334,0.8903729665992277
