Technique,AUC,Credibility,LagGlobal,MAP
50Traced_NONETRACED_MAX_RAW_VSM_38_SUM.csv,0.9729477108303639,0.7819958323686038,1.8452380952380953,0.9589595724744793
