Technique,AUC,Credibility,LagGlobal,MAP
50Traced_NONETRACED_SUM_RAW_VSM_25_SUM.csv,0.9391264442284851,0.740636212984851,2.0753968253968256,0.912591514551882
