Technique,AUC,Credibility,LagGlobal,MAP
50Traced_NONETRACED_RFSMOTE_SINGLE_LSA_44_MEDIAN.csv,0.8217322643343052,0.7055713095238095,2.2182539682539684,0.7315872506532439
