Technique,AUC,Credibility,LagGlobal,MAP
50Traced_NONETRACED_MAX_MULTI_VSM_12_MEDIAN.csv,0.9626896393478026,0.7409225,1.5238095238095237,0.9431137332249012
