Technique,AUC,Credibility,LagGlobal,MAP
50Traced_NONETRACED_RFUNDER_RAW_LSA_37_MEDIAN.csv,0.848372880898391,0.7851013095238095,2.2936507936507935,0.8235809445858743
