Technique,AUC,Credibility,LagGlobal,MAP
50Traced_NONETRACED_RFUNDER_MULTI_LSA_57_MAX.csv,0.9322191178058523,0.850385119047619,2.1785714285714284,0.8783262389432158
