Technique,AUC,Credibility,LagGlobal,MAP
50Traced_NONETRACED_RFNONE_MULTI_VSM_57_SUM.csv,0.913663481265522,0.8294524418852633,2.2182539682539684,0.893764476405654
