Technique,AUC,Credibility,LagGlobal,MAP
50Traced_NONETRACED_SUM_RAW_VSM_16_SUM.csv,0.9481866159162077,0.7489033447317803,2.003968253968254,0.9144760556751016
