Technique,AUC,Credibility,LagGlobal,MAP
50Traced_NONETRACED_RFSMOTE_SINGLE_VSM_68_MAX.csv,0.878239390994493,0.7896958333333334,2.2182539682539684,0.824647505294984
