Technique,AUC,Credibility,LagGlobal,MAP
50Traced_NONETRACED_RFNONE_RAW_VSM_78_SUM.csv,0.9154114026563006,0.821835831581513,2.2182539682539684,0.9039922176063524
