Technique,AUC,Credibility,LagGlobal,MAP
50Traced_NONETRACED_MEDIAN_RAW_VSM_18_SUM.csv,0.7826334899038981,0.6640757421974118,2.2976190476190474,0.6844061324648089
