Technique,AUC,Credibility,LagGlobal,MAP
50Traced_NONETRACED_RFUNDER_SINGLE_VSM_87_SUM.csv,0.9013706673145448,0.8302141029156385,2.2182539682539684,0.8848740572889914
