Technique,AUC,Credibility,LagGlobal,MAP
50Traced_NONETRACED_SUM_SINGLE_VSM_5_MEDIAN.csv,0.9495059928733398,-0.21994666666666668,1.8055555555555556,0.8975052380090657
