Technique,AUC,Credibility,LagGlobal,MAP
50Traced_NONETRACED_SUM_MULTI_LSA_75_SUM.csv,0.9334710074505993,0.729162534572719,1.8968253968253967,0.8994626573467978
