Technique,AUC,Credibility,LagGlobal,MAP
50Traced_NONETRACED_RFUNDER_MULTI_VSM_72_MAX.csv,0.8934240362811792,0.8247532142857142,2.2936507936507935,0.8118949521363537
