Technique,AUC,Credibility,LagGlobal,MAP
50Traced_NONETRACED_RFUNDER_SINGLE_VSM_10_MAX.csv,0.9039385595508045,0.8407960714285714,2.2182539682539684,0.8800149138432265
