Technique,AUC,Credibility,LagGlobal,MAP
50Traced_NONETRACED_RFNONE_SINGLE_LSA_82_MAX.csv,0.9118953136810279,0.8392835714285715,2.0476190476190474,0.9002250167520855
