Technique,AUC,Credibility,LagGlobal,MAP
50Traced_NONETRACED_SUM_RAW_LSA_53_MEDIAN.csv,0.9482237339380195,0.46073916666666664,1.6468253968253967,0.9193933550270489
