Technique,AUC,Credibility,LagGlobal,MAP
50Traced_NONETRACED_MEDIAN_SINGLE_LSA_64_SUM.csv,0.7834467120181405,0.6665636894189292,2.2936507936507935,0.6913830561050347
