Technique,AUC,Credibility,LagGlobal,MAP
50Traced_NONETRACED_RFSMOTE_SINGLE_VSM_82_SUM.csv,0.8606420742900335,0.7768978307893855,2.2222222222222223,0.8206452107728157
