Technique,AUC,Credibility,LagGlobal,MAP
50Traced_NONETRACED_SUM_SINGLE_VSM_65_SUM.csv,0.9607223841917719,0.7533314662114715,0.9920634920634921,0.9150559136563842
