Technique,AUC,Credibility,LagGlobal,MAP
50Traced_NONETRACED_MAX_SINGLE_VSM_92_MAX.csv,0.9821698520678113,0.7482707142857142,1.0515873015873016,0.9687689070389734
