Technique,AUC,Credibility,LagGlobal,MAP
50Traced_NONETRACED_RFUNDER_SINGLE_LSA_2_SUM.csv,0.9060374149659863,0.8256441367333882,2.1785714285714284,0.8860858220516644
