Technique,AUC,Credibility,LagGlobal,MAP
50Traced_NONETRACED_RFUNDER_MULTI_LSA_69_MAX.csv,0.898785903250189,0.818417619047619,2.2182539682539684,0.7593669627587474
