Technique,AUC,Credibility,LagGlobal,MAP
50Traced_NONETRACED_RFSMOTE_MULTI_VSM_6_SUM.csv,0.888902386351366,0.7953130522947557,2.0515873015873014,0.8398366736651364
