Technique,AUC,Credibility,LagGlobal,MAP
50Traced_NONETRACED_MAX_RAW_VSM_98_SUM.csv,0.9456828366267142,0.7730508501160676,2.2301587301587302,0.9269647236880766
