Technique,AUC,Credibility,LagGlobal,MAP
50Traced_NONETRACED_SUM_RAW_VSM_44_MAX.csv,0.9269821023647554,0.4779864285714286,1.5952380952380953,0.884529778331228
