Technique,AUC,Credibility,LagGlobal,MAP
50Traced_NONETRACED_RFSMOTE_SINGLE_VSM_69_SUM.csv,0.8667834197170933,0.784514441093136,2.2182539682539684,0.8320041641015363
