Technique,AUC,Credibility,LagGlobal,MAP
50Traced_NONETRACED_RFSMOTE_SINGLE_LSA_1_MAX.csv,0.7998798725839542,0.7111378571428572,2.2261904761904763,0.6461288716915475
