Technique,AUC,Credibility,LagGlobal,MAP
50Traced_NONETRACED_MAX_SINGLE_VSM_49_SUM.csv,0.9716215851419933,0.7301886527347152,1.5357142857142858,0.9533783248136769
