Technique,AUC,Credibility,LagGlobal,MAP
50Traced_NONETRACED_RFUNDER_RAW_LSA_98_SUM.csv,0.8774869074613972,0.7951776955183865,2.2182539682539684,0.8404698791100131
