Technique,AUC,Credibility,LagGlobal,MAP
50Traced_NONETRACED_RFUNDER_SINGLE_VSM_69_SUM.csv,0.8934915235935643,0.8271674587941382,2.2182539682539684,0.8756228914496875
