Technique,AUC,Credibility,LagGlobal,MAP
50Traced_NONETRACED_RFNONE_MULTI_VSM_24_SUM.csv,0.9378408109275457,0.8363073911586387,2.2182539682539684,0.9237185284891997
