Technique,AUC,Credibility,LagGlobal,MAP
50Traced_NONETRACED_RFNONE_MULTI_LSA_22_SUM.csv,0.9210061008530396,0.8317374249763885,2.2182539682539684,0.8942554853715883
