Technique,AUC,Credibility,LagGlobal,MAP
50Traced_NONETRACED_RFSMOTE_RAW_VSM_38_MAX.csv,0.885845211100313,0.8012184523809524,2.2222222222222223,0.8095704901522792
