Technique,AUC,Credibility,LagGlobal,MAP
50Traced_NONETRACED_RFSMOTE_MULTI_VSM_23_MAX.csv,0.8718685887053234,0.7786458333333334,2.2182539682539684,0.7636413869784104
