Technique,AUC,Credibility,LagGlobal,MAP
50Traced_NONETRACED_SUM_RAW_LSA_19_SUM.csv,0.9441238797106144,0.7423210525789675,1.876984126984127,0.9109708177542541
