Technique,AUC,Credibility,LagGlobal,MAP
50Traced_NONETRACED_SUM_RAW_VSM_74_MAX.csv,0.9462733506100852,0.4375677380952381,1.4444444444444444,0.9109722916770835
