Technique,AUC,Credibility,LagGlobal,MAP
50Traced_NONETRACED_RFNONE_RAW_VSM_77_MEDIAN.csv,0.8915647608249649,0.8085540476190476,2.2182539682539684,0.8724277919262278
