Technique,AUC,Credibility,LagGlobal,MAP
50Traced_NONETRACED_RFNONE_SINGLE_VSM_53_MAX.csv,0.9309503563330095,0.8426963095238095,2.2182539682539684,0.9241420182063281
