Technique,AUC,Credibility,LagGlobal,MAP
50Traced_NONETRACED_RFNONE_SINGLE_VSM_64_MEDIAN.csv,0.8523073912104524,0.7573883333333333,2.2182539682539684,0.8103930087937783
