Technique,AUC,Credibility,LagGlobal,MAP
50Traced_NONETRACED_RFNONE_SINGLE_VSM_89_SUM.csv,0.8971155922686536,0.8134575602473875,2.2182539682539684,0.8824353856381753
