Technique,AUC,Credibility,LagGlobal,MAP
50Traced_NONETRACED_MAX_RAW_LSA_60_SUM.csv,0.9414513821401577,0.7631861848842981,1.873015873015873,0.9145182647309065
