Technique,AUC,Credibility,LagGlobal,MAP
50Traced_NONETRACED_MAX_SINGLE_LSA_12_SUM.csv,0.972539412590433,0.7386945851324914,1.0317460317460319,0.952142295552631
