Technique,AUC,Credibility,LagGlobal,MAP
50Traced_NONETRACED_MEDIAN_MULTI_VSM_71_MAX.csv,0.7789554313789008,0.6758357142857143,2.2936507936507935,0.6797672380882186
