Technique,AUC,Credibility,LagGlobal,MAP
50Traced_NONETRACED_RFNONE_RAW_VSM_48_MEDIAN.csv,0.8637667368534715,0.7951191666666667,2.2182539682539684,0.8380500842064262
