Technique,AUC,Credibility,LagGlobal,MAP
50Traced_NONETRACED_MAX_RAW_VSM_39_SUM.csv,0.9502820969657705,0.7666703030077957,1.8611111111111112,0.9284991511080558
