Technique,AUC,Credibility,LagGlobal,MAP
50Traced_NONETRACED_RFNONE_RAW_LSA_5_SUM.csv,0.8725164669042221,0.7875615469524182,2.2936507936507935,0.8451476792914987
