Technique,AUC,Credibility,LagGlobal,MAP
50Traced_NONETRACED_RFUNDER_RAW_VSM_6_SUM.csv,0.8837126120289386,0.8096492550955123,2.2182539682539684,0.8628226028408444
