Technique,AUC,Credibility,LagGlobal,MAP
50Traced_NONETRACED_RFUNDER_SINGLE_VSM_79_MAX.csv,0.909938181621855,0.8430445238095238,2.2182539682539684,0.8746766772016898
