Technique,AUC,Credibility,LagGlobal,MAP
50Traced_NONETRACED_MAX_MULTI_VSM_5_MEDIAN.csv,0.9682944606413995,0.7472419047619048,1.3134920634920635,0.9490105633014625
