Technique,AUC,Credibility,LagGlobal,MAP
50Traced_NONETRACED_SUM_MULTI_VSM_54_MAX.csv,0.9105590648957995,-0.20308964285714284,2.1746031746031744,0.8466951224455456
