Technique,AUC,Credibility,LagGlobal,MAP
50Traced_NONETRACED_MAX_RAW_LSA_6_SUM.csv,0.9419575369830472,0.7651720706539119,1.9325396825396826,0.9232370925207184
