Technique,AUC,Credibility,LagGlobal,MAP
50Traced_NONETRACED_MAX_RAW_VSM_44_SUM.csv,0.9545169258179462,0.7765309500165508,1.6944444444444444,0.9335649356710641
