Technique,AUC,Credibility,LagGlobal,MAP
50Traced_NONETRACED_MAX_MULTI_VSM_59_SUM.csv,0.9318614350502106,0.7362479363794621,2.1865079365079363,0.9111294202012736
