Technique,AUC,Credibility,LagGlobal,MAP
50Traced_NONETRACED_SUM_RAW_VSM_95_SUM.csv,0.9424063276104093,0.7507305026087839,2.0952380952380953,0.9113393505124481
