Technique,AUC,Credibility,LagGlobal,MAP
50Traced_NONETRACED_RFSMOTE_MULTI_VSM_59_MEDIAN.csv,0.9127490281827018,0.8095797619047619,2.2182539682539684,0.8540143208365308
