Technique,AUC,Credibility,LagGlobal,MAP
50Traced_NONETRACED_MEDIAN_MULTI_LSA_70_MAX.csv,0.7785066407515387,0.6758063095238095,2.2936507936507935,0.6796382578366258
