Technique,AUC,Credibility,LagGlobal,MAP
50Traced_NONETRACED_MAX_MULTI_VSM_10_MAX.csv,0.948125877335061,0.7455925,1.9523809523809523,0.9298444370371984
