Technique,AUC,Credibility,LagGlobal,MAP
50Traced_NONETRACED_MAX_MULTI_LSA_24_SUM.csv,0.9437695713205918,0.7473976637214997,2.111111111111111,0.9265572245022974
