Technique,AUC,Credibility,LagGlobal,MAP
50Traced_NONETRACED_RFUNDER_MULTI_VSM_20_SUM.csv,0.9138794406651549,0.8271674587941382,2.2182539682539684,0.8665945061201272
