Technique,AUC,Credibility,LagGlobal,MAP
50Traced_NONETRACED_RFUNDER_MULTI_VSM_27_SUM.csv,0.9174866375121477,0.8279291198245133,2.2936507936507935,0.8681287327939943
