Technique,AUC,Credibility,LagGlobal,MAP
50Traced_NONETRACED_MEDIAN_MULTI_LSA_25_MAX.csv,0.7782096965770435,0.6757877380952381,2.2936507936507935,0.6795029775486783
