Technique,AUC,Credibility,LagGlobal,MAP
50Traced_NONETRACED_MEDIAN_MULTI_VSM_43_SUM.csv,0.7866422362595833,0.6672414893074057,2.2936507936507935,0.688790398392822
