Technique,AUC,Credibility,LagGlobal,MAP
50Traced_NONETRACED_RFNONE_RAW_VSM_69_SUM.csv,0.8958535795270488,0.7982243396398867,2.0198412698412698,0.8688919492885943
