Technique,AUC,Credibility,LagGlobal,MAP
50Traced_NONETRACED_MAX_RAW_LSA_52_SUM.csv,0.9423050966418314,0.7732602007005586,2.2976190476190474,0.9184033850579536
