Technique,AUC,Credibility,LagGlobal,MAP
50Traced_NONETRACED_RFUNDER_SINGLE_VSM_64_SUM.csv,0.9179320537738904,0.8355457301282637,2.1547619047619047,0.9074935552942905
