Technique,AUC,Credibility,LagGlobal,MAP
50Traced_NONETRACED_MEDIAN_MULTI_VSM_96_MAX.csv,0.7782299427707591,0.6757794047619048,2.2976190476190474,0.6795093156060886
