Technique,AUC,Credibility,LagGlobal,MAP
50Traced_NONETRACED_RFNONE_RAW_LSA_1_MAX.csv,0.893626498218335,0.7978572619047619,2.123015873015873,0.8683918669405146
