Technique,AUC,Credibility,LagGlobal,MAP
50Traced_NONETRACED_SUM_SINGLE_VSM_82_SUM.csv,0.9555393586005831,0.7438088385871781,1.1468253968253967,0.9182323779021891
