Technique,AUC,Credibility,LagGlobal,MAP
50Traced_NONETRACED_RFNONE_MULTI_LSA_44_SUM.csv,0.9175844941151063,0.8378307132193888,2.2182539682539684,0.8891810730063754
