Technique,AUC,Credibility,LagGlobal,MAP
50Traced_NONETRACED_MAX_RAW_VSM_80_MAX.csv,0.9713516358924523,0.7979564285714286,1.9285714285714286,0.9562976121930497
