Technique,AUC,Credibility,LagGlobal,MAP
50Traced_NONETRACED_RFSMOTE_RAW_LSA_56_MAX.csv,0.8887640373609762,0.8098990476190476,2.2182539682539684,0.8715383352293669
