Technique,AUC,Credibility,LagGlobal,MAP
50Traced_NONETRACED_SUM_RAW_VSM_66_SUM.csv,0.9526745221898283,0.7460386786454466,2.003968253968254,0.9299780222545394
