Technique,AUC,Credibility,LagGlobal,MAP
50Traced_NONETRACED_SUM_SINGLE_LSA_6_SUM.csv,0.9511493089299211,0.7442844283999771,1.0476190476190477,0.9047606968697968
