Technique,AUC,Credibility,LagGlobal,MAP
50Traced_NONETRACED_SUM_SINGLE_LSA_9_SUM.csv,0.9656287118021811,0.7542841776961955,1.0436507936507937,0.9243498752740175
