Technique,AUC,Credibility,LagGlobal,MAP
50Traced_NONETRACED_MAX_RAW_VSM_19_MAX.csv,0.9494418799265738,0.7867796428571429,2.011904761904762,0.9305028552948577
