Technique,AUC,Credibility,LagGlobal,MAP
50Traced_NONETRACED_MAX_RAW_LSA_93_MEDIAN.csv,0.9587045135514524,0.7842596428571429,2.1547619047619047,0.9405206151911181
