Technique,AUC,Credibility,LagGlobal,MAP
50Traced_NONETRACED_RFUNDER_MULTI_VSM_40_SUM.csv,0.901627119101609,0.822597492611888,2.2182539682539684,0.8627829101904687
