Technique,AUC,Credibility,LagGlobal,MAP
50Traced_NONETRACED_RFUNDER_MULTI_LSA_29_MEDIAN.csv,0.9121045243494222,0.8358914285714286,2.2936507936507935,0.8210933279603988
