Technique,AUC,Credibility,LagGlobal,MAP
50Traced_NONETRACED_RFUNDER_MULTI_LSA_22_MAX.csv,0.8808781449087572,0.7897164285714285,2.2222222222222223,0.6906164599790021
