Technique,AUC,Credibility,LagGlobal,MAP
50Traced_NONETRACED_MAX_MULTI_VSM_29_SUM.csv,0.9771285498326315,0.751533150747461,1.2658730158730158,0.9602252469794139
