Technique,AUC,Credibility,LagGlobal,MAP
50Traced_NONETRACED_RFSMOTE_SINGLE_VSM_50_MEDIAN.csv,0.8584149929813195,0.7411398809523809,2.2261904761904763,0.7282685977551568
