Technique,AUC,Credibility,LagGlobal,MAP
50Traced_NONETRACED_RFUNDER_RAW_LSA_75_MAX.csv,0.912101149983803,0.838807619047619,2.2182539682539684,0.8935998308566369
