Technique,AUC,Credibility,LagGlobal,MAP
50Traced_NONETRACED_MEDIAN_MULTI_LSA_73_SUM.csv,0.7829371828096319,0.6639761481857397,2.2976190476190474,0.6879143895194975
