Technique,AUC,Credibility,LagGlobal,MAP
50Traced_NONETRACED_RFSMOTE_RAW_VSM_10_SUM.csv,0.8760595508044488,0.7914372996235869,2.2936507936507935,0.8454670321194961
