Technique,AUC,Credibility,LagGlobal,MAP
50Traced_NONETRACED_RFSMOTE_SINGLE_VSM_61_MAX.csv,0.8808646474462802,0.7838158333333334,2.2261904761904763,0.8048147864485597
