Technique,AUC,Credibility,LagGlobal,MAP
50Traced_NONETRACED_MAX_SINGLE_LSA_58_SUM.csv,0.9745707806932297,0.7530205046294492,1.1388888888888888,0.9551198340535518
