Technique,AUC,Credibility,LagGlobal,MAP
50Traced_NONETRACED_RFUNDER_SINGLE_VSM_79_SUM.csv,0.9117333441313034,0.8340224080675136,2.2182539682539684,0.8934124046670868
