Technique,AUC,Credibility,LagGlobal,MAP
50Traced_NONETRACED_SUM_SINGLE_VSM_34_MEDIAN.csv,0.9638301749271136,-0.38353261904761904,1.4325396825396826,0.9325680637076589
