Technique,AUC,Credibility,LagGlobal,MAP
50Traced_NONETRACED_MAX_MULTI_VSM_80_MEDIAN.csv,0.9640562574236043,0.7487267857142857,1.503968253968254,0.9462421807468543
