Technique,AUC,Credibility,LagGlobal,MAP
50Traced_NONETRACED_RFUNDER_RAW_VSM_43_SUM.csv,0.856987636324371,0.7890844072753862,2.2936507936507935,0.8347396855613174
