Technique,AUC,Credibility,LagGlobal,MAP
50Traced_NONETRACED_RFUNDER_MULTI_VSM_41_SUM.csv,0.9141628873771732,0.8248824757030131,2.2936507936507935,0.8596874043918763
