Technique,AUC,Credibility,LagGlobal,MAP
50Traced_NONETRACED_SUM_RAW_VSM_18_SUM.csv,0.9433140319619912,0.740448325380823,1.5238095238095237,0.9152659667127098
