Technique,AUC,Credibility,LagGlobal,MAP
50Traced_NONETRACED_MAX_SINGLE_LSA_49_SUM.csv,0.9578103066623476,0.7297740500481048,1.2301587301587302,0.9292514890924516
