Technique,AUC,Credibility,LagGlobal,MAP
50Traced_NONETRACED_RFNONE_RAW_VSM_99_SUM.csv,0.9022277561818378,0.8050792889132621,2.0476190476190474,0.883560387621158
