Technique,AUC,Credibility,LagGlobal,MAP
50Traced_NONETRACED_RFNONE_SINGLE_VSM_13_SUM.csv,0.8817588543353849,0.8119342381866375,2.2936507936507935,0.8660710836722937
