Technique,AUC,Credibility,LagGlobal,MAP
50Traced_NONETRACED_RFNONE_RAW_VSM_40_MEDIAN.csv,0.9153675359032503,0.8092108333333333,1.8452380952380953,0.8899433588807102
