Technique,AUC,Credibility,LagGlobal,MAP
50Traced_NONETRACED_MAX_SINGLE_LSA_55_SUM.csv,0.9593658892128281,0.7234702377038144,1.5436507936507937,0.9375022907373232
