Technique,AUC,Credibility,LagGlobal,MAP
50Traced_NONETRACED_RFSMOTE_MULTI_LSA_34_MEDIAN.csv,0.8669318918043408,0.7818172619047619,2.1626984126984126,0.7588937245661455
