Technique,AUC,Credibility,LagGlobal,MAP
50Traced_NONETRACED_SUM_MULTI_LSA_78_SUM.csv,0.9437594482237339,0.7256404959670252,1.7619047619047619,0.9050316717133513
