Technique,AUC,Credibility,LagGlobal,MAP
50Traced_NONETRACED_RFNONE_SINGLE_LSA_62_SUM.csv,0.8978478296080337,0.8126958992170125,2.2182539682539684,0.8731893169972562
