Technique,AUC,Credibility,LagGlobal,MAP
50Traced_NONETRACED_MEDIAN_MULTI_VSM_86_SUM.csv,0.7850090432998597,0.6647571671739659,2.2976190476190474,0.6946722511895338
