Technique,AUC,Credibility,LagGlobal,MAP
50Traced_NONETRACED_RFSMOTE_RAW_LSA_41_MEDIAN.csv,0.8597816110571213,0.7972975,2.2222222222222223,0.8113817650564944
