Technique,AUC,Credibility,LagGlobal,MAP
50Traced_NONETRACED_RFSMOTE_MULTI_VSM_27_MAX.csv,0.9093341701760069,0.8253211904761905,2.1547619047619047,0.8483200007417733
