Technique,AUC,Credibility,LagGlobal,MAP
50Traced_NONETRACED_RFNONE_MULTI_VSM_84_SUM.csv,0.910667044595616,0.8233591536422631,2.2182539682539684,0.8703578461471304
