Technique,AUC,Credibility,LagGlobal,MAP
50Traced_NONETRACED_RFNONE_RAW_VSM_56_SUM.csv,0.8664426087895476,0.7822294580020108,2.2936507936507935,0.8392947374956298
