Technique,AUC,Credibility,LagGlobal,MAP
50Traced_NONETRACED_MEDIAN_MULTI_LSA_92_SUM.csv,0.7818742576395638,0.6648682178185283,2.2976190476190474,0.679984237901429
