Technique,AUC,Credibility,LagGlobal,MAP
50Traced_NONETRACED_RFUNDER_RAW_LSA_57_MEDIAN.csv,0.876140535579311,0.8097991666666666,2.2936507936507935,0.8594770794824874
