Technique,AUC,Credibility,LagGlobal,MAP
50Traced_NONETRACED_RFUNDER_MULTI_LSA_52_SUM.csv,0.8988162725407622,0.8088875940651372,2.2182539682539684,0.8264657449392927
