Technique,AUC,Credibility,LagGlobal,MAP
50Traced_NONETRACED_RFNONE_MULTI_LSA_13_SUM.csv,0.8952461937155815,0.8165042043688877,2.2182539682539684,0.8765071770376035
