Technique,AUC,Credibility,LagGlobal,MAP
50Traced_NONETRACED_RFSMOTE_RAW_VSM_93_MAX.csv,0.8771325990713745,0.7824534523809524,2.2936507936507935,0.8289874983387837
