Technique,AUC,Credibility,LagGlobal,MAP
50Traced_NONETRACED_SUM_RAW_LSA_59_MEDIAN.csv,0.9760285066407516,0.4353345238095238,1.5436507936507937,0.9579904940598936
