Technique,AUC,Credibility,LagGlobal,MAP
50Traced_NONETRACED_MEDIAN_SINGLE_LSA_70_SUM.csv,0.7788643235071807,0.6643059168160812,2.2976190476190474,0.6823066973055768
