Technique,AUC,Credibility,LagGlobal,MAP
50Traced_NONETRACED_RFNONE_SINGLE_VSM_88_SUM.csv,0.8732993197278911,0.8073642720043872,2.0476190476190474,0.8497187113561455
