Technique,AUC,Credibility,LagGlobal,MAP
50Traced_NONETRACED_MAX_RAW_VSM_1_SUM.csv,0.955883543893748,0.7687468371226147,2.0396825396825395,0.9382564550609376
