Technique,AUC,Credibility,LagGlobal,MAP
50Traced_NONETRACED_RFSMOTE_MULTI_LSA_94_MAX.csv,0.8735726433430516,0.7890835714285714,2.2936507936507935,0.8097353990701337
