Technique,AUC,Credibility,LagGlobal,MAP
50Traced_NONETRACED_MAX_RAW_LSA_62_MAX.csv,0.9661787333981213,0.7994383333333334,2.3134920634920637,0.9508618157319253
