Technique,AUC,Credibility,LagGlobal,MAP
50Traced_NONETRACED_MAX_MULTI_VSM_55_MAX.csv,0.9477277021919879,0.7520735714285715,2.1507936507936507,0.9313197417881826
