Technique,AUC,Credibility,LagGlobal,MAP
50Traced_NONETRACED_RFUNDER_MULTI_LSA_49_MEDIAN.csv,0.8344603714501673,0.7252783333333334,2.0476190476190474,0.5816428143865131
