Technique,AUC,Credibility,LagGlobal,MAP
50Traced_NONETRACED_RFNONE_SINGLE_VSM_83_MAX.csv,0.8513659432026779,0.7834134523809524,2.2182539682539684,0.8183543125431749
