Technique,AUC,Credibility,LagGlobal,MAP
50Traced_NONETRACED_RFSMOTE_SINGLE_VSM_5_MEDIAN.csv,0.880608195659216,0.7722571428571429,2.2936507936507935,0.8016844213757018
