Technique,AUC,Credibility,LagGlobal,MAP
50Traced_NONETRACED_SUM_MULTI_LSA_33_MEDIAN.csv,0.9294588867292949,-0.25676642857142856,2.142857142857143,0.8938869668568278
