Technique,AUC,Credibility,LagGlobal,MAP
50Traced_NONETRACED_MEDIAN_SINGLE_LSA_22_SUM.csv,0.7784087841485801,0.6637797090416984,2.2976190476190474,0.6806999818239082
