Technique,AUC,Credibility,LagGlobal,MAP
50Traced_NONETRACED_MEDIAN_MULTI_VSM_32_MAX.csv,0.7786314922794515,0.6758153571428571,2.2936507936507935,0.6796178452173826
