Technique,AUC,Credibility,LagGlobal,MAP
50Traced_NONETRACED_RFSMOTE_SINGLE_LSA_99_SUM.csv,0.9033716661267682,0.785236095349717,2.1785714285714284,0.850280479037455
