Technique,AUC,Credibility,LagGlobal,MAP
50Traced_NONETRACED_RFNONE_SINGLE_LSA_64_SUM.csv,0.8895232696253105,0.8187891874600128,2.2182539682539684,0.8534762177831503
