Technique,AUC,Credibility,LagGlobal,MAP
50Traced_NONETRACED_RFNONE_MULTI_LSA_71_MEDIAN.csv,0.9297524565381708,0.8425941666666666,2.1547619047619047,0.8980609311853567
