Technique,AUC,Credibility,LagGlobal,MAP
50Traced_NONETRACED_RFUNDER_SINGLE_LSA_27_MAX.csv,0.8982999946010151,0.8350709523809524,2.2182539682539684,0.873811045131725
