Technique,AUC,Credibility,LagGlobal,MAP
50Traced_NONETRACED_MEDIAN_RAW_VSM_20_SUM.csv,0.7818101446927977,0.6660814555531248,2.2936507936507935,0.6844591643229385
