Technique,AUC,Credibility,LagGlobal,MAP
50Traced_NONETRACED_RFSMOTE_MULTI_LSA_71_SUM.csv,0.8933734207968902,0.7982243396398867,2.123015873015873,0.8289596893367999
