Technique,AUC,Credibility,LagGlobal,MAP
50Traced_NONETRACED_RFSMOTE_RAW_LSA_75_MEDIAN.csv,0.8509812655220819,0.7749270238095238,2.2182539682539684,0.754126875227996
