Technique,AUC,Credibility,LagGlobal,MAP
50Traced_NONETRACED_RFSMOTE_RAW_LSA_5_MAX.csv,0.8667766709858546,0.7785241666666667,2.1547619047619047,0.8022538903248977
