Technique,AUC,Credibility,LagGlobal,MAP
50Traced_NONETRACED_SUM_MULTI_VSM_6_SUM.csv,0.9387552640103661,0.7324878461784665,1.7738095238095237,0.9056104941708919
