Technique,AUC,Credibility,LagGlobal,MAP
50Traced_NONETRACED_SUM_SINGLE_VSM_38_SUM.csv,0.9538690476190477,0.7423488379262045,0.8452380952380952,0.9092128815735502
