Technique,AUC,Credibility,LagGlobal,MAP
50Traced_NONETRACED_RFUNDER_RAW_VSM_39_MAX.csv,0.8907515387107224,0.8149335714285715,2.2182539682539684,0.871431916430098
