Technique,AUC,Credibility,LagGlobal,MAP
50Traced_NONETRACED_MAX_RAW_LSA_98_SUM.csv,0.9561366213151926,0.7788092857142858,1.8015873015873016,0.9322474052865981
