Technique,AUC,Credibility,LagGlobal,MAP
50Traced_NONETRACED_MAX_RAW_VSM_23_MEDIAN.csv,0.9432499190152251,0.7732223809523809,2.0634920634920637,0.9218976442273931
