Technique,AUC,Credibility,LagGlobal,MAP
50Traced_NONETRACED_RFUNDER_SINGLE_VSM_99_MAX.csv,0.9209318648094159,0.8459965476190476,2.2182539682539684,0.879564654819738
