Technique,AUC,Credibility,LagGlobal,MAP
50Traced_NONETRACED_RFSMOTE_MULTI_LSA_35_MEDIAN.csv,0.8658352229780801,0.7512702380952381,2.2936507936507935,0.7769983019056369
