Technique,AUC,Credibility,LagGlobal,MAP
50Traced_NONETRACED_SUM_MULTI_LSA_76_MEDIAN.csv,0.9369668502321563,-0.20095488095238095,1.3611111111111112,0.8778037962263794
