Technique,AUC,Credibility,LagGlobal,MAP
50Traced_NONETRACED_RFUNDER_SINGLE_VSM_59_SUM.csv,0.9030241064679841,0.8332607470371386,2.2182539682539684,0.8724960850922533
