Technique,AUC,Credibility,LagGlobal,MAP
50Traced_NONETRACED_RFUNDER_SINGLE_LSA_61_MAX.csv,0.906914750026995,0.8383603571428572,2.2936507936507935,0.883476449618833
