Technique,AUC,Credibility,LagGlobal,MAP
50Traced_NONETRACED_RFNONE_RAW_VSM_99_MAX.csv,0.9022277561818378,0.8127459523809524,2.0476190476190474,0.8835603876211581
