Technique,AUC,Credibility,LagGlobal,MAP
50Traced_NONETRACED_MAX_SINGLE_LSA_95_MAX.csv,0.9832395259691178,0.7530163095238095,1.0595238095238095,0.9720107763227104
