Technique,AUC,Credibility,LagGlobal,MAP
50Traced_NONETRACED_RFNONE_MULTI_VSM_81_SUM.csv,0.9237055933484505,0.8264057977637632,2.0198412698412698,0.8823802109745186
