Technique,AUC,Credibility,LagGlobal,MAP
50Traced_NONETRACED_RFUNDER_RAW_VSM_59_MEDIAN.csv,0.8791673415397905,0.8098016666666666,2.2182539682539684,0.8564844069499813
