Technique,AUC,Credibility,LagGlobal,MAP
50Traced_NONETRACED_MEDIAN_RAW_LSA_80_SUM.csv,0.7807202245977757,0.6647066851431931,2.3015873015873014,0.6864066429000862
