Technique,AUC,Credibility,LagGlobal,MAP
50Traced_NONETRACED_RFNONE_MULTI_VSM_8_SUM.csv,0.900871261202894,0.8111725771562623,2.2182539682539684,0.8644803765886624
