Technique,AUC,Credibility,LagGlobal,MAP
50Traced_NONETRACED_MAX_SINGLE_LSA_50_SUM.csv,0.9708049886621315,0.7361225426243557,1.2182539682539681,0.9504468493059256
