Technique,AUC,Credibility,LagGlobal,MAP
50Traced_NONETRACED_SUM_SINGLE_LSA_12_MEDIAN.csv,0.9627098855415182,-0.21433392857142858,1.369047619047619,0.9243151888742782
