Technique,AUC,Credibility,LagGlobal,MAP
50Traced_NONETRACED_MAX_MULTI_LSA_13_MEDIAN.csv,0.9684496814598856,0.7575003571428571,1.5317460317460319,0.9587764551272169
