Technique,AUC,Credibility,LagGlobal,MAP
50Traced_NONETRACED_RFNONE_SINGLE_VSM_6_SUM.csv,0.8913386783284742,0.8050792889132621,2.2936507936507935,0.8721697316924003
