Technique,AUC,Credibility,LagGlobal,MAP
50Traced_NONETRACED_MEDIAN_MULTI_LSA_48_MEDIAN.csv,0.778216445308282,0.6757723809523809,2.2936507936507935,0.6795060120207943
