Technique,AUC,Credibility,LagGlobal,MAP
50Traced_NONETRACED_SUM_MULTI_VSM_6_MAX.csv,0.9371693121693122,-0.24570238095238095,1.6944444444444444,0.9026485207854968
