Technique,AUC,Credibility,LagGlobal,MAP
50Traced_NONETRACED_RFSMOTE_MULTI_LSA_46_MEDIAN.csv,0.8802910052910052,0.7867529761904762,2.0317460317460316,0.718188399582172
