Technique,AUC,Credibility,LagGlobal,MAP
50Traced_NONETRACED_SUM_RAW_VSM_52_MAX.csv,0.9392647932188749,0.48660619047619047,1.6746031746031746,0.9061439121545266
