Technique,AUC,Credibility,LagGlobal,MAP
50Traced_NONETRACED_SUM_SINGLE_VSM_33_MEDIAN.csv,0.9586235287765901,-0.2503422619047619,0.9722222222222222,0.8973069304447678
