Technique,AUC,Credibility,LagGlobal,MAP
50Traced_NONETRACED_RFNONE_SINGLE_VSM_17_SUM.csv,0.8603215095562036,0.7471317167577414,2.2182539682539684,0.815607307776928
