Technique,AUC,Credibility,LagGlobal,MAP
50Traced_NONETRACED_RFNONE_MULTI_LSA_0_MAX.csv,0.9314295162509448,0.8247022619047619,2.1785714285714284,0.8841717148823007
