Technique,AUC,Credibility,LagGlobal,MAP
50Traced_NONETRACED_SUM_SINGLE_LSA_24_MEDIAN.csv,0.9786638861893964,-0.32604428571428573,0.8571428571428571,0.9553269846199095
