Technique,AUC,Credibility,LagGlobal,MAP
50Traced_NONETRACED_RFUNDER_RAW_VSM_69_MAX.csv,0.8898742036497138,0.8143777380952381,2.2936507936507935,0.8409708929599057
