Technique,AUC,Credibility,LagGlobal,MAP
50Traced_NONETRACED_MAX_MULTI_VSM_86_SUM.csv,0.9803645664615053,0.7334885926859713,1.3849206349206349,0.9666798380473803
