Technique,AUC,Credibility,LagGlobal,MAP
50Traced_NONETRACED_SUM_SINGLE_VSM_72_SUM.csv,0.9723167044595616,0.756502759570753,0.8492063492063492,0.9454597594235457
