Technique,AUC,Credibility,LagGlobal,MAP
50Traced_NONETRACED_RFSMOTE_RAW_LSA_6_SUM.csv,0.8416747651441528,0.7685195594552601,2.2936507936507935,0.7964167754165705
