Technique,AUC,Credibility,LagGlobal,MAP
50Traced_NONETRACED_SUM_SINGLE_VSM_77_SUM.csv,0.9435198682647663,0.7467111179683059,1.2619047619047619,0.8930809367822325
