Technique,AUC,Credibility,LagGlobal,MAP
50Traced_NONETRACED_SUM_SINGLE_VSM_47_MAX.csv,0.9597033257747543,-0.24829488095238095,0.9365079365079365,0.9134856384882823
