Technique,AUC,Credibility,LagGlobal,MAP
50Traced_NONETRACED_MAX_RAW_LSA_83_SUM.csv,0.9311865619263577,0.7601272366545888,2.0595238095238093,0.9028095686509257
