Technique,AUC,Credibility,LagGlobal,MAP
50Traced_NONETRACED_MAX_SINGLE_LSA_82_MAX.csv,0.9774254940071266,0.7387565476190476,1.1785714285714286,0.9604923839003291
