Technique,AUC,Credibility,LagGlobal,MAP
50Traced_NONETRACED_RFSMOTE_MULTI_LSA_72_SUM.csv,0.9041275240254832,0.793036063285249,2.1587301587301586,0.8394241750282414
