Technique,AUC,Credibility,LagGlobal,MAP
50Traced_NONETRACED_RFSMOTE_RAW_LSA_48_MAX.csv,0.8549292732966203,0.7886888095238095,2.2936507936507935,0.7929735858870786
