Technique,AUC,Credibility,LagGlobal,MAP
50Traced_NONETRACED_RFUNDER_MULTI_VSM_84_SUM.csv,0.8757659809955728,0.7890844072753862,2.2222222222222223,0.7829944369641798
