Technique,AUC,Credibility,LagGlobal,MAP
50Traced_NONETRACED_MAX_MULTI_LSA_85_SUM.csv,0.9767438721520354,0.7497157325409772,0.7380952380952381,0.9576310252970986
