Technique,AUC,Credibility,LagGlobal,MAP
50Traced_NONETRACED_RFUNDER_RAW_VSM_1_MEDIAN.csv,0.8881127847964583,0.8100086904761905,2.2182539682539684,0.866858479117594
