Technique,AUC,Credibility,LagGlobal,MAP
50Traced_NONETRACED_RFUNDER_MULTI_LSA_97_SUM.csv,0.8982493791167261,0.7822294580020108,2.2182539682539684,0.7962641526830235
