Technique,AUC,Credibility,LagGlobal,MAP
50Traced_NONETRACED_RFNONE_SINGLE_LSA_88_MEDIAN.csv,0.8584892290249433,0.785544880952381,2.2182539682539684,0.8265413173806184
