Technique,AUC,Credibility,LagGlobal,MAP
50Traced_NONETRACED_RFUNDER_MULTI_VSM_16_MEDIAN.csv,0.9413872691933917,0.8564680952380952,2.123015873015873,0.8791597126225341
