Technique,AUC,Credibility,LagGlobal,MAP
50Traced_NONETRACED_MEDIAN_RAW_VSM_31_SUM.csv,0.780942932728647,0.6651689973810347,2.2936507936507935,0.6844096586860134
