Technique,AUC,Credibility,LagGlobal,MAP
50Traced_NONETRACED_SUM_MULTI_LSA_51_MAX.csv,0.9486758989310009,-0.09605833333333333,1.4682539682539681,0.9167463117061138
