Technique,AUC,Credibility,LagGlobal,MAP
50Traced_NONETRACED_RFNONE_RAW_VSM_42_SUM.csv,0.8709710074505992,0.802794305822137,2.2936507936507935,0.8510204502491983
