Technique,AUC,Credibility,LagGlobal,MAP
50Traced_NONETRACED_SUM_MULTI_LSA_5_SUM.csv,0.9386978997948386,0.7354634346880595,2.2142857142857144,0.9073982593718966
