Technique,AUC,Credibility,LagGlobal,MAP
50Traced_NONETRACED_MAX_SINGLE_LSA_88_SUM.csv,0.9754953568729079,0.735911816812407,1.3174603174603174,0.9563606406988833
