Technique,AUC,Credibility,LagGlobal,MAP
50Traced_NONETRACED_RFUNDER_SINGLE_LSA_35_MAX.csv,0.892897635244574,0.8353033333333333,2.2182539682539684,0.877645804313016
