Technique,AUC,Credibility,LagGlobal,MAP
50Traced_NONETRACED_MAX_SINGLE_VSM_79_SUM.csv,0.980044001727675,0.7218734790953085,1.1825396825396826,0.9658843831498602
