Technique,AUC,Credibility,LagGlobal,MAP
50Traced_NONETRACED_RFSMOTE_RAW_VSM_6_MAX.csv,0.8706403196199115,0.8058003571428571,2.2976190476190474,0.8389412964908783
