Technique,AUC,Credibility,LagGlobal,MAP
50Traced_NONETRACED_RFNONE_MULTI_VSM_50_MEDIAN.csv,0.8841040384407731,0.8216622619047619,2.2182539682539684,0.8466398065218297
