Technique,AUC,Credibility,LagGlobal,MAP
50Traced_NONETRACED_SUM_SINGLE_VSM_32_SUM.csv,0.9544426897743223,0.7449351543039876,1.5277777777777777,0.9116490325133327
