Technique,AUC,Credibility,LagGlobal,MAP
50Traced_NONETRACED_RFNONE_RAW_LSA_23_SUM.csv,0.8640096911780584,0.7883227462450111,2.2182539682539684,0.8376333574961137
