Technique,AUC,Credibility,LagGlobal,MAP
50Traced_NONETRACED_MAX_MULTI_LSA_85_MAX.csv,0.9849840729942771,0.7536725,0.5674603174603174,0.9706791423226805
