Technique,AUC,Credibility,LagGlobal,MAP
50Traced_NONETRACED_SUM_SINGLE_LSA_58_MEDIAN.csv,0.9361401306554368,-0.22033380952380952,1.2222222222222223,0.8798870070687014
