Technique,AUC,Credibility,LagGlobal,MAP
50Traced_NONETRACED_SUM_MULTI_LSA_6_SUM.csv,0.9411071968469927,0.7325750014573053,1.369047619047619,0.8925577573316912
