Technique,AUC,Credibility,LagGlobal,MAP
50Traced_NONETRACED_MAX_RAW_VSM_47_MEDIAN.csv,0.9430204621531153,0.8075919047619048,2.3015873015873014,0.9314631134334965
