Technique,AUC,Credibility,LagGlobal,MAP
50Traced_NONETRACED_MEDIAN_MULTI_LSA_15_SUM.csv,0.7832138807904114,0.6666400413096448,2.2976190476190474,0.6777730288202131
