Technique,AUC,Credibility,LagGlobal,MAP
50Traced_NONETRACED_RFUNDER_RAW_VSM_85_MAX.csv,0.8888922632545082,0.8265371428571429,2.2182539682539684,0.8602513695098731
