Technique,AUC,Credibility,LagGlobal,MAP
50Traced_NONETRACED_MEDIAN_SINGLE_LSA_44_SUM.csv,0.7818202677896556,0.6657226192580621,2.2936507936507935,0.6869540377406773
