Technique,AUC,Credibility,LagGlobal,MAP
50Traced_NONETRACED_SUM_MULTI_LSA_96_SUM.csv,0.9379589137242199,0.7294427405688182,2.123015873015873,0.9028303125216856
