Technique,AUC,Credibility,LagGlobal,MAP
50Traced_NONETRACED_SUM_RAW_VSM_82_MEDIAN.csv,0.9643869452542922,0.45659916666666667,1.4603174603174602,0.9394528933610182
