Technique,AUC,Credibility,LagGlobal,MAP
50Traced_NONETRACED_SUM_MULTI_VSM_81_SUM.csv,0.9476703379764604,0.7293192490647166,1.4166666666666667,0.9056728791107991
