Technique,AUC,Credibility,LagGlobal,MAP
50Traced_NONETRACED_RFNONE_SINGLE_LSA_31_MAX.csv,0.8803078771191016,0.7837922619047619,2.2182539682539684,0.8486645679568946
