Technique,AUC,Credibility,LagGlobal,MAP
50Traced_NONETRACED_RFNONE_RAW_VSM_83_MEDIAN.csv,0.8640805528560631,0.7925552380952381,2.2936507936507935,0.8421021023567978
