Technique,AUC,Credibility,LagGlobal,MAP
50Traced_NONETRACED_MEDIAN_RAW_VSM_50_SUM.csv,0.784668232372314,0.6648390848346444,2.2976190476190474,0.6856205204901632
