Technique,AUC,Credibility,LagGlobal,MAP
50Traced_NONETRACED_RFUNDER_SINGLE_LSA_99_MAX.csv,0.9329243602202786,0.852424880952381,2.2182539682539684,0.9114324825332407
