Technique,AUC,Credibility,LagGlobal,MAP
50Traced_NONETRACED_RFSMOTE_RAW_LSA_42_SUM.csv,0.8891622125040493,0.7906077293361362,2.1785714285714284,0.8571427307238867
