Technique,AUC,Credibility,LagGlobal,MAP
50Traced_NONETRACED_RFSMOTE_SINGLE_VSM_89_SUM.csv,0.8894827772378793,0.821074170551138,2.2182539682539684,0.8728432899516967
