Technique,AUC,Credibility,LagGlobal,MAP
50Traced_NONETRACED_RFNONE_MULTI_VSM_71_MAX.csv,0.8944802127200088,0.8297652380952381,2.2936507936507935,0.857532329374417
