Technique,AUC,Credibility,LagGlobal,MAP
50Traced_NONETRACED_RFSMOTE_MULTI_LSA_94_SUM.csv,0.87444997840406,0.7875615469524182,2.2936507936507935,0.8259607382137304
