Technique,AUC,Credibility,LagGlobal,MAP
50Traced_NONETRACED_RFSMOTE_RAW_VSM_63_SUM.csv,0.8646710668394342,0.7746128476982603,2.1825396825396823,0.8081524450432903
