Technique,AUC,Credibility,LagGlobal,MAP
50Traced_NONETRACED_RFUNDER_MULTI_VSM_65_MAX.csv,0.9308390022675738,0.8457590476190476,2.1547619047619047,0.8589661896334513
