Technique,AUC,Credibility,LagGlobal,MAP
50Traced_NONETRACED_RFUNDER_SINGLE_VSM_96_MAX.csv,0.9252915451895043,0.8576317857142857,2.2936507936507935,0.911273578242189
