Technique,AUC,Credibility,LagGlobal,MAP
50Traced_NONETRACED_SUM_RAW_LSA_16_MEDIAN.csv,0.9516959561602419,0.44219857142857144,2.0595238095238093,0.9278024999300186
