Technique,AUC,Credibility,LagGlobal,MAP
50Traced_NONETRACED_RFUNDER_SINGLE_LSA_21_MAX.csv,0.9006485530720225,0.8416029761904762,2.2182539682539684,0.8877099628255596
