Technique,AUC,Credibility,LagGlobal,MAP
50Traced_NONETRACED_RFUNDER_RAW_VSM_54_SUM.csv,0.872425359032502,0.8100409124451968,2.2182539682539684,0.8453972107561719
