Technique,AUC,Credibility,LagGlobal,MAP
50Traced_NONETRACED_SUM_SINGLE_LSA_97_MEDIAN.csv,0.9571759259259258,-0.30195154761904763,1.623015873015873,0.9214533786157907
