Technique,AUC,Credibility,LagGlobal,MAP
50Traced_NONETRACED_RFNONE_MULTI_VSM_95_MEDIAN.csv,0.9248899956808121,0.8477019047619048,2.2182539682539684,0.9040574182961273
