Technique,AUC,Credibility,LagGlobal,MAP
50Traced_NONETRACED_RFSMOTE_SINGLE_VSM_30_MEDIAN.csv,0.8209122934888242,0.7168413095238095,2.2182539682539684,0.7021431673927546
