Technique,AUC,Credibility,LagGlobal,MAP
50Traced_NONETRACED_MAX_SINGLE_VSM_38_SUM.csv,0.9742974570780693,0.7561549872055467,1.2261904761904763,0.9575772903580853
