Technique,AUC,Credibility,LagGlobal,MAP
50Traced_NONETRACED_MAX_RAW_LSA_63_SUM.csv,0.9440260231076558,0.7775525986580234,1.9325396825396826,0.9212271765214228
