Technique,AUC,Credibility,LagGlobal,MAP
50Traced_NONETRACED_RFNONE_MULTI_VSM_25_SUM.csv,0.9210432188748514,0.8279291198245133,2.123015873015873,0.8971994372027274
