Technique,AUC,Credibility,LagGlobal,MAP
50Traced_NONETRACED_MAX_MULTI_VSM_87_MEDIAN.csv,0.9672686534931432,0.7584878571428572,1.992063492063492,0.9580723336128588
