Technique,AUC,Credibility,LagGlobal,MAP
50Traced_NONETRACED_SUM_SINGLE_LSA_56_MAX.csv,0.9579047888996869,-0.289065,1.6031746031746033,0.9175793255787098
