Technique,AUC,Credibility,LagGlobal,MAP
50Traced_NONETRACED_RFUNDER_MULTI_LSA_80_MAX.csv,0.9222613648634057,0.8376070238095238,2.2182539682539684,0.8307301827611618
