Technique,AUC,Credibility,LagGlobal,MAP
50Traced_NONETRACED_RFSMOTE_RAW_LSA_86_SUM.csv,0.8534108087679517,0.7936543734576365,2.2936507936507935,0.8226605241955316
