Technique,AUC,Credibility,LagGlobal,MAP
50Traced_NONETRACED_RFSMOTE_MULTI_LSA_57_MEDIAN.csv,0.867151225569593,0.7916270238095238,2.2182539682539684,0.8044912421077753
