Technique,AUC,Credibility,LagGlobal,MAP
50Traced_NONETRACED_MEDIAN_SINGLE_VSM_83_SUM.csv,0.7820969657704351,0.6695351578854587,2.2936507936507935,0.6835377548001927
