Technique,AUC,Credibility,LagGlobal,MAP
50Traced_NONETRACED_MAX_SINGLE_VSM_30_SUM.csv,0.9716283338732319,0.7354766833282458,1.369047619047619,0.9520085494216862
