Technique,AUC,Credibility,LagGlobal,MAP
50Traced_NONETRACED_RFUNDER_SINGLE_LSA_28_MEDIAN.csv,0.8933126822157434,0.8382320238095238,2.2936507936507935,0.8750776705062139
