Technique,AUC,Credibility,LagGlobal,MAP
50Traced_NONETRACED_RFNONE_SINGLE_VSM_29_MAX.csv,0.8898067163373286,0.8304507142857143,2.2182539682539684,0.8768073126958239
