Technique,AUC,Credibility,LagGlobal,MAP
50Traced_NONETRACED_RFUNDER_RAW_LSA_70_SUM.csv,0.8753003185401145,0.8020326447917618,2.2182539682539684,0.8551070631906611
