Technique,AUC,Credibility,LagGlobal,MAP
50Traced_NONETRACED_RFUNDER_MULTI_LSA_33_SUM.csv,0.9155497516466906,0.822597492611888,2.2182539682539684,0.8742623213669084
