Technique,AUC,Credibility,LagGlobal,MAP
50Traced_NONETRACED_RFNONE_SINGLE_VSM_19_MEDIAN.csv,0.8785565813627039,0.8075479761904761,2.1785714285714284,0.8466879843040025
