Technique,AUC,Credibility,LagGlobal,MAP
50Traced_NONETRACED_RFUNDER_MULTI_VSM_35_SUM.csv,0.8908358978512039,0.7898460683057612,2.2222222222222223,0.8002768988188128
