Technique,AUC,Credibility,LagGlobal,MAP
50Traced_NONETRACED_MAX_MULTI_VSM_4_SUM.csv,0.97406462585034,0.7487759997616068,0.9682539682539683,0.9529323636824926
