Technique,AUC,Credibility,LagGlobal,MAP
50Traced_NONETRACED_RFNONE_SINGLE_LSA_71_MAX.csv,0.893089974084872,0.8195158333333333,2.1547619047619047,0.8726860676089289
