Technique,AUC,Credibility,LagGlobal,MAP
50Traced_NONETRACED_MAX_SINGLE_VSM_1_MEDIAN.csv,0.9813060144692798,0.7447833333333334,1.0158730158730158,0.9684011880782339
