Technique,AUC,Credibility,LagGlobal,MAP
50Traced_NONETRACED_RFSMOTE_RAW_VSM_66_SUM.csv,0.8949492495410862,0.7883227462450111,2.2182539682539684,0.8577141984526176
