Technique,AUC,Credibility,LagGlobal,MAP
50Traced_NONETRACED_MAX_RAW_VSM_49_MAX.csv,0.9492799103768491,0.772849761904762,1.8611111111111112,0.92400058093373
