Technique,AUC,Credibility,LagGlobal,MAP
50Traced_NONETRACED_SUM_RAW_LSA_71_MEDIAN.csv,0.9540073966094373,0.43679119047619047,1.4523809523809523,0.9271143325447354
