Technique,AUC,Credibility,LagGlobal,MAP
50Traced_NONETRACED_MEDIAN_MULTI_LSA_92_MEDIAN.csv,0.7779869884461721,0.6757421428571428,2.2936507936507935,0.6792998622199943
