Technique,AUC,Credibility,LagGlobal,MAP
50Traced_NONETRACED_RFSMOTE_SINGLE_VSM_88_SUM.csv,0.8496382680056149,0.740872801994206,2.2182539682539684,0.7555176758182794
