Technique,AUC,Credibility,LagGlobal,MAP
50Traced_NONETRACED_MAX_RAW_LSA_51_MAX.csv,0.9475522351797862,0.7847386904761905,2.003968253968254,0.9393698383480104
