Technique,AUC,Credibility,LagGlobal,MAP
50Traced_NONETRACED_SUM_SINGLE_LSA_64_MAX.csv,0.9614816164561063,-0.28936559523809524,1.0119047619047619,0.9138683053486378
