Technique,AUC,Credibility,LagGlobal,MAP
50Traced_NONETRACED_SUM_SINGLE_LSA_18_MAX.csv,0.9586404006046862,-0.2602815476190476,1.2222222222222223,0.9202890091352584
