Technique,AUC,Credibility,LagGlobal,MAP
50Traced_NONETRACED_SUM_MULTI_LSA_25_MAX.csv,0.9126073048266925,-0.15932535714285714,1.2896825396825398,0.8435331881413877
