Technique,AUC,Credibility,LagGlobal,MAP
50Traced_NONETRACED_RFNONE_MULTI_LSA_43_MAX.csv,0.899541761148904,0.8328313095238096,2.2182539682539684,0.8596111462712979
