Technique,AUC,Credibility,LagGlobal,MAP
50Traced_NONETRACED_MAX_RAW_LSA_79_SUM.csv,0.9485071806500377,0.7706781275328861,1.8055555555555556,0.9231941296383679
