Technique,AUC,Credibility,LagGlobal,MAP
50Traced_NONETRACED_MAX_MULTI_LSA_29_SUM.csv,0.9441508746355685,0.7395744191396365,2.2936507936507935,0.9238382413685344
