Technique,AUC,Credibility,LagGlobal,MAP
50Traced_NONETRACED_RFSMOTE_SINGLE_LSA_2_MEDIAN.csv,0.863874716553288,0.7735815476190476,2.2182539682539684,0.7947360196768437
