Technique,AUC,Credibility,LagGlobal,MAP
50Traced_NONETRACED_RFSMOTE_MULTI_VSM_98_SUM.csv,0.8536672605550155,0.7627894369474174,2.2182539682539684,0.7959516626090205
