Technique,AUC,Credibility,LagGlobal,MAP
50Traced_NONETRACED_MAX_MULTI_VSM_74_SUM.csv,0.9371625634380736,0.7382305567583881,2.138888888888889,0.9153535478171837
