Technique,AUC,Credibility,LagGlobal,MAP
50Traced_NONETRACED_RFNONE_RAW_VSM_85_MEDIAN.csv,0.9141426411834576,0.8185691666666667,2.2936507936507935,0.8944249932821468
