Technique,AUC,Credibility,LagGlobal,MAP
50Traced_NONETRACED_RFSMOTE_MULTI_LSA_34_SUM.csv,0.8755533959615593,0.7844609448154832,2.1626984126984126,0.827142789677954
