Technique,AUC,Credibility,LagGlobal,MAP
50Traced_NONETRACED_RFNONE_MULTI_VSM_56_MAX.csv,0.8909135082604471,0.8219894047619047,2.2936507936507935,0.8604780700396824
