Technique,AUC,Credibility,LagGlobal,MAP
50Traced_NONETRACED_MAX_SINGLE_VSM_20_SUM.csv,0.9577529424468199,0.7339555437819093,1.1865079365079365,0.934609867433345
