Technique,AUC,Credibility,LagGlobal,MAP
50Traced_NONETRACED_RFNONE_MULTI_LSA_61_SUM.csv,0.9252173091458806,0.8355457301282637,2.2182539682539684,0.9135031587669273
