Technique,AUC,Credibility,LagGlobal,MAP
50Traced_NONETRACED_RFNONE_SINGLE_LSA_99_MEDIAN.csv,0.8369742738365187,0.7516782142857142,2.2182539682539684,0.7918802698134301
