Technique,AUC,Credibility,LagGlobal,MAP
50Traced_NONETRACED_RFSMOTE_MULTI_LSA_73_SUM.csv,0.8936062520246193,0.8195508484903878,2.2182539682539684,0.8635843063586652
