Technique,AUC,Credibility,LagGlobal,MAP
50Traced_NONETRACED_RFUNDER_RAW_VSM_47_SUM.csv,0.8807532933808445,0.7982243396398867,2.2182539682539684,0.8479090585398998
