Technique,AUC,Credibility,LagGlobal,MAP
50Traced_NONETRACED_SUM_SINGLE_LSA_71_SUM.csv,0.9607392560198683,0.7490860962778702,1.1468253968253967,0.9228735716764366
