Technique,AUC,Credibility,LagGlobal,MAP
50Traced_NONETRACED_MAX_RAW_VSM_39_MAX.csv,0.9593760123096858,0.7938177380952381,1.7023809523809523,0.9450409453641102
