Technique,AUC,Credibility,LagGlobal,MAP
50Traced_NONETRACED_MEDIAN_RAW_LSA_67_SUM.csv,0.7800419771083037,0.6640450906026127,2.2936507936507935,0.6821399434005739
