Technique,AUC,Credibility,LagGlobal,MAP
50Traced_NONETRACED_MAX_MULTI_LSA_16_MEDIAN.csv,0.9627672497570458,0.7468221428571429,1.5198412698412698,0.9454375630526649
