Technique,AUC,Credibility,LagGlobal,MAP
50Traced_NONETRACED_MAX_RAW_LSA_60_MAX.csv,0.9465061818378144,0.777247380952381,1.9484126984126984,0.9206374829023491
