Technique,AUC,Credibility,LagGlobal,MAP
50Traced_NONETRACED_MEDIAN_MULTI_VSM_10_SUM.csv,0.7861327070510744,0.6658054284108247,2.2936507936507935,0.6928776120098601
