Technique,AUC,Credibility,LagGlobal,MAP
50Traced_NONETRACED_RFUNDER_SINGLE_VSM_37_SUM.csv,0.9186744142101285,0.8317374249763885,2.123015873015873,0.8869138429545449
