Technique,AUC,Credibility,LagGlobal,MAP
50Traced_NONETRACED_RFSMOTE_SINGLE_VSM_44_SUM.csv,0.8617218712881978,0.7586179660603845,2.2182539682539684,0.7930509710360535
