Technique,AUC,Credibility,LagGlobal,MAP
50Traced_NONETRACED_RFUNDER_MULTI_VSM_78_SUM.csv,0.8995890022675738,0.8233591536422631,2.2936507936507935,0.8427041169483642
