Technique,AUC,Credibility,LagGlobal,MAP
50Traced_NONETRACED_RFUNDER_MULTI_VSM_85_MAX.csv,0.8995620073426196,0.8316151190476191,2.2182539682539684,0.8276342765832777
