Technique,AUC,Credibility,LagGlobal,MAP
50Traced_NONETRACED_RFSMOTE_MULTI_VSM_1_MEDIAN.csv,0.8215702947845804,0.7238329761904762,2.2182539682539684,0.7023812326461529
