Technique,AUC,Credibility,LagGlobal,MAP
50Traced_NONETRACED_RFUNDER_RAW_LSA_79_SUM.csv,0.9001862649821833,0.822597492611888,2.2182539682539684,0.890316479969801
