Technique,AUC,Credibility,LagGlobal,MAP
50Traced_NONETRACED_RFUNDER_SINGLE_LSA_98_SUM.csv,0.8943384893639996,0.8324990860067636,2.2182539682539684,0.8779456721170621
