Technique,AUC,Credibility,LagGlobal,MAP
50Traced_NONETRACED_RFSMOTE_RAW_LSA_85_SUM.csv,0.8885514523269624,0.7863379469978203,2.2182539682539684,0.859724202451666
