Technique,AUC,Credibility,LagGlobal,MAP
50Traced_NONETRACED_MEDIAN_MULTI_LSA_35_MEDIAN.csv,0.7781152143397042,0.675749880952381,2.2936507936507935,0.6794662502168444
