Technique,AUC,Credibility,LagGlobal,MAP
50Traced_NONETRACED_MAX_SINGLE_VSM_70_MAX.csv,0.9797875499406111,0.7424439285714286,1.0436507936507937,0.965365370282653
