Technique,AUC,Credibility,LagGlobal,MAP
50Traced_NONETRACED_MAX_SINGLE_VSM_66_MEDIAN.csv,0.9748339812115322,0.7419498809523809,0.8134920634920635,0.9544179974584658
