Technique,AUC,Credibility,LagGlobal,MAP
50Traced_NONETRACED_RFNONE_SINGLE_LSA_81_MAX.csv,0.8978883219954648,0.819254880952381,2.2182539682539684,0.8824596076055289
