Technique,AUC,Credibility,LagGlobal,MAP
50Traced_NONETRACED_RFSMOTE_RAW_VSM_38_SUM.csv,0.8920607925709967,0.7982243396398867,2.2222222222222223,0.8568637252745597
