Technique,AUC,Credibility,LagGlobal,MAP
50Traced_NONETRACED_RFUNDER_SINGLE_LSA_11_MEDIAN.csv,0.9142371234207969,0.8354270238095238,2.2182539682539684,0.88002432918424
