Technique,AUC,Credibility,LagGlobal,MAP
50Traced_NONETRACED_MAX_MULTI_LSA_17_MAX.csv,0.9705384137782097,0.75045,1.4801587301587302,0.9541621680100002
