Technique,AUC,Credibility,LagGlobal,MAP
50Traced_NONETRACED_MAX_RAW_VSM_61_MEDIAN.csv,0.9398823021272,0.7907883333333333,2.007936507936508,0.9208752170348713
