Technique,AUC,Credibility,LagGlobal,MAP
50Traced_NONETRACED_RFNONE_MULTI_VSM_99_SUM.csv,0.8519733290141454,0.8081259330347622,2.2936507936507935,0.8340222327662223
