Technique,AUC,Credibility,LagGlobal,MAP
50Traced_NONETRACED_RFNONE_MULTI_LSA_89_MEDIAN.csv,0.8950167368534716,0.8388514285714286,2.2182539682539684,0.888641924018528
