Technique,AUC,Credibility,LagGlobal,MAP
50Traced_NONETRACED_SUM_RAW_LSA_15_MAX.csv,0.941802316164561,0.4400863095238095,1.6587301587301588,0.9112697367618282
