Technique,AUC,Credibility,LagGlobal,MAP
50Traced_NONETRACED_SUM_RAW_VSM_11_MAX.csv,0.9681122448979592,0.4193235714285714,1.8055555555555556,0.9453476330260467
