Technique,AUC,Credibility,LagGlobal,MAP
50Traced_NONETRACED_RFUNDER_MULTI_VSM_19_MEDIAN.csv,0.8701611597019759,0.7828469047619048,2.2222222222222223,0.6719984716466747
