Technique,AUC,Credibility,LagGlobal,MAP
50Traced_NONETRACED_SUM_MULTI_VSM_16_MEDIAN.csv,0.9448628657812332,-0.15736880952380952,1.3412698412698412,0.8982908283300766
