Technique,AUC,Credibility,LagGlobal,MAP
50Traced_NONETRACED_RFSMOTE_RAW_LSA_35_MAX.csv,0.860662320483749,0.7994940476190476,2.2936507936507935,0.8162939710971135
