Technique,AUC,Credibility,LagGlobal,MAP
50Traced_NONETRACED_RFUNDER_MULTI_VSM_90_SUM.csv,0.8988500161969549,0.8203125095207628,2.2182539682539684,0.8576480925090906
