Technique,AUC,Credibility,LagGlobal,MAP
50Traced_NONETRACED_RFUNDER_RAW_LSA_35_MEDIAN.csv,0.909847073750135,0.8345953571428572,2.2936507936507935,0.8875448554022776
