Technique,AUC,Credibility,LagGlobal,MAP
50Traced_NONETRACED_MAX_RAW_VSM_66_MAX.csv,0.9421768707482993,0.785137380952381,1.9642857142857142,0.9183198148465425
