Technique,AUC,Credibility,LagGlobal,MAP
50Traced_NONETRACED_RFNONE_RAW_LSA_50_MEDIAN.csv,0.8483593834359141,0.78357,2.2182539682539684,0.8188385124666042
