Technique,AUC,Credibility,LagGlobal,MAP
50Traced_NONETRACED_MAX_SINGLE_VSM_12_MEDIAN.csv,0.9659661483641075,0.7280704761904762,1.3095238095238095,0.9475130927248756
