Technique,AUC,Credibility,LagGlobal,MAP
50Traced_NONETRACED_RFNONE_SINGLE_VSM_79_SUM.csv,0.9014820213799806,0.8241208146726381,2.2182539682539684,0.8904348917228216
