Technique,AUC,Credibility,LagGlobal,MAP
50Traced_NONETRACED_RFSMOTE_RAW_LSA_38_MEDIAN.csv,0.8368156786524132,0.7454253571428572,2.2222222222222223,0.7416410636135807
