Technique,AUC,Credibility,LagGlobal,MAP
50Traced_NONETRACED_RFNONE_MULTI_VSM_39_SUM.csv,0.8890069916855632,0.8012709837613868,2.2182539682539684,0.8458240522664613
