Technique,AUC,Credibility,LagGlobal,MAP
50Traced_NONETRACED_MAX_MULTI_VSM_13_SUM.csv,0.9697926789763525,0.7357380161366872,1.373015873015873,0.9455655289520716
