Technique,AUC,Credibility,LagGlobal,MAP
50Traced_NONETRACED_RFSMOTE_MULTI_VSM_31_SUM.csv,0.9124149659863946,0.8256441367333882,2.2222222222222223,0.891045289097095
