Technique,AUC,Credibility,LagGlobal,MAP
50Traced_NONETRACED_MEDIAN_RAW_LSA_73_SUM.csv,0.7808450761256883,0.6641998646705574,2.2976190476190474,0.6825673016366182
