Technique,AUC,Credibility,LagGlobal,MAP
50Traced_NONETRACED_RFSMOTE_MULTI_VSM_40_MEDIAN.csv,0.8136472843105497,0.7195171428571429,2.1785714285714284,0.7107442751912828
