Technique,AUC,Credibility,LagGlobal,MAP
50Traced_NONETRACED_SUM_SINGLE_LSA_50_SUM.csv,0.9568891048482885,0.759609551126761,1.8492063492063493,0.9142562280554376
