Technique,AUC,Credibility,LagGlobal,MAP
50Traced_NONETRACED_RFSMOTE_SINGLE_LSA_38_MEDIAN.csv,0.8351284958427816,0.7268016666666667,2.2182539682539684,0.7570766366645775
