Technique,AUC,Credibility,LagGlobal,MAP
50Traced_NONETRACED_MAX_RAW_VSM_20_SUM.csv,0.9478188100637079,0.7653505961667039,1.7976190476190477,0.9245258548052147
