Technique,AUC,Credibility,LagGlobal,MAP
50Traced_NONETRACED_RFSMOTE_SINGLE_VSM_19_MAX.csv,0.8848295270489149,0.8072317857142857,2.2182539682539684,0.8451976708006772
