Technique,AUC,Credibility,LagGlobal,MAP
50Traced_NONETRACED_RFUNDER_SINGLE_VSM_48_SUM.csv,0.905942932728647,0.8363073911586387,2.2936507936507935,0.8869531608665525
