Technique,AUC,Credibility,LagGlobal,MAP
50Traced_NONETRACED_MAX_SINGLE_LSA_77_MEDIAN.csv,0.9678186750890833,0.7373704761904762,1.1785714285714286,0.9439110644777947
