Technique,AUC,Credibility,LagGlobal,MAP
50Traced_NONETRACED_MAX_RAW_LSA_24_MEDIAN.csv,0.9658615430299103,0.7971580952380952,1.9166666666666667,0.9492959492368641
