Technique,AUC,Credibility,LagGlobal,MAP
50Traced_NONETRACED_MAX_RAW_VSM_84_SUM.csv,0.9641237447359896,0.7746142672692059,2.1706349206349205,0.9541949140896889
