Technique,AUC,Credibility,LagGlobal,MAP
50Traced_NONETRACED_SUM_MULTI_VSM_96_MEDIAN.csv,0.9172538062844185,-0.07844988095238095,1.757936507936508,0.8715656759849324
