Technique,AUC,Credibility,LagGlobal,MAP
50Traced_NONETRACED_MAX_RAW_VSM_15_SUM.csv,0.9605536659108087,0.7760713723903908,1.619047619047619,0.9397983685557604
