Technique,AUC,Credibility,LagGlobal,MAP
50Traced_NONETRACED_SUM_MULTI_LSA_97_SUM.csv,0.9527926249865025,0.7363729903184825,2.2857142857142856,0.9250539970698528
