Technique,AUC,Credibility,LagGlobal,MAP
50Traced_NONETRACED_MEDIAN_RAW_VSM_72_SUM.csv,0.782684105388187,0.6646321458090853,2.2976190476190474,0.6856267996567177
