Technique,AUC,Credibility,LagGlobal,MAP
50Traced_NONETRACED_SUM_SINGLE_VSM_27_MAX.csv,0.9501572454378576,-0.33198833333333333,1.5238095238095237,0.9011609088136067
