Technique,AUC,Credibility,LagGlobal,MAP
50Traced_NONETRACED_RFUNDER_SINGLE_VSM_4_MEDIAN.csv,0.8979456862109922,0.8378552380952381,2.2182539682539684,0.8738708837857341
