Technique,AUC,Credibility,LagGlobal,MAP
50Traced_NONETRACED_MAX_RAW_VSM_71_SUM.csv,0.9270867076989525,0.7652533736621685,2.3174603174603177,0.9111463231794831
