Technique,AUC,Credibility,LagGlobal,MAP
50Traced_NONETRACED_MEDIAN_MULTI_LSA_7_SUM.csv,0.7912077529424468,0.6660916132613413,2.2936507936507935,0.6984441503138387
