Technique,AUC,Credibility,LagGlobal,MAP
50Traced_NONETRACED_RFSMOTE_RAW_VSM_64_SUM.csv,0.8672693283662671,0.784514441093136,2.2936507936507935,0.8353845857631741
