Technique,AUC,Credibility,LagGlobal,MAP
50Traced_NONETRACED_RFUNDER_SINGLE_LSA_14_SUM.csv,0.9044548374905519,0.8066026109740121,2.2182539682539684,0.8786221463501124
