Technique,AUC,Credibility,LagGlobal,MAP
50Traced_NONETRACED_MAX_SINGLE_VSM_42_MAX.csv,0.9816501997624447,0.746770119047619,0.876984126984127,0.9665042584387225
