Technique,AUC,Credibility,LagGlobal,MAP
50Traced_NONETRACED_MEDIAN_MULTI_VSM_85_SUM.csv,0.7791646420472952,0.664608746320965,2.2976190476190474,0.6789710393583231
