Technique,AUC,Credibility,LagGlobal,MAP
50Traced_NONETRACED_MAX_SINGLE_LSA_49_MEDIAN.csv,0.9633543893747976,0.7358336904761905,0.8571428571428571,0.9370622939783917
