Technique,AUC,Credibility,LagGlobal,MAP
50Traced_NONETRACED_RFNONE_SINGLE_VSM_49_SUM.csv,0.8898303368966634,0.8256441367333882,2.2936507936507935,0.8823094045949436
