Technique,AUC,Credibility,LagGlobal,MAP
50Traced_NONETRACED_RFSMOTE_MULTI_VSM_31_MEDIAN.csv,0.9067224111866969,0.8323592857142857,2.2222222222222223,0.8512485549297735
