Technique,AUC,Credibility,LagGlobal,MAP
50Traced_NONETRACED_RFNONE_SINGLE_VSM_15_MEDIAN.csv,0.8759549454702515,0.8131565476190477,2.2182539682539684,0.8507452919105376
