Technique,AUC,Credibility,LagGlobal,MAP
50Traced_NONETRACED_MAX_RAW_VSM_75_SUM.csv,0.9601386189396394,0.7778854352801028,1.8333333333333333,0.9451690778531994
