Technique,AUC,Credibility,LagGlobal,MAP
50Traced_NONETRACED_RFSMOTE_MULTI_LSA_97_SUM.csv,0.8419042220062627,0.7768978307893855,2.2182539682539684,0.7853839876946733
