Technique,AUC,Credibility,LagGlobal,MAP
50Traced_NONETRACED_RFNONE_SINGLE_LSA_77_MEDIAN.csv,0.9221297646042543,0.8329628571428571,2.1547619047619047,0.9040335998791191
