Technique,AUC,Credibility,LagGlobal,MAP
50Traced_NONETRACED_MEDIAN_SINGLE_VSM_80_SUM.csv,0.7789081902602312,0.6637689249767402,2.2936507936507935,0.6816324403520808
