Technique,AUC,Credibility,LagGlobal,MAP
50Traced_NONETRACED_RFNONE_SINGLE_VSM_31_MEDIAN.csv,0.8621099233344132,0.7933358333333334,2.2182539682539684,0.8131379327482523
