Technique,AUC,Credibility,LagGlobal,MAP
50Traced_NONETRACED_MEDIAN_MULTI_LSA_52_SUM.csv,0.785474705755318,0.6639657870252896,2.2976190476190474,0.6903729386896063
