Technique,AUC,Credibility,LagGlobal,MAP
50Traced_NONETRACED_SUM_RAW_LSA_50_MEDIAN.csv,0.9496510905949682,0.48831857142857144,2.0992063492063493,0.9246917898624305
