Technique,AUC,Credibility,LagGlobal,MAP
50Traced_NONETRACED_MAX_RAW_VSM_63_SUM.csv,0.9396865889212827,0.7558615595160337,1.8968253968253967,0.9153700731199256
