Technique,AUC,Credibility,LagGlobal,MAP
50Traced_NONETRACED_SUM_SINGLE_VSM_18_SUM.csv,0.9628246139725732,0.745011443326295,1.3055555555555556,0.9282174492552095
