Technique,AUC,Credibility,LagGlobal,MAP
50Traced_NONETRACED_MAX_RAW_LSA_63_MEDIAN.csv,0.9541963610841162,0.7879405952380952,1.9523809523809523,0.9364522883259047
