Technique,AUC,Credibility,LagGlobal,MAP
50Traced_NONETRACED_SUM_SINGLE_VSM_71_MAX.csv,0.9516655868696684,-0.2962367857142857,1.746031746031746,0.9104032202311477
