Technique,AUC,Credibility,LagGlobal,MAP
50Traced_NONETRACED_MEDIAN_MULTI_LSA_68_SUM.csv,0.7864363999568083,0.665015147376524,2.2976190476190474,0.6908632825139731
