Technique,AUC,Credibility,LagGlobal,MAP
50Traced_NONETRACED_RFSMOTE_MULTI_LSA_10_SUM.csv,0.9081227729186911,0.8096492550955123,2.015873015873016,0.8460211979741518
