Technique,AUC,Credibility,LagGlobal,MAP
50Traced_NONETRACED_RFNONE_SINGLE_VSM_37_MAX.csv,0.886482966202354,0.8199522619047619,2.2936507936507935,0.8729779483807836
