Technique,AUC,Credibility,LagGlobal,MAP
50Traced_NONETRACED_RFNONE_SINGLE_VSM_67_MEDIAN.csv,0.8950943472627145,0.7903164285714286,2.1785714285714284,0.8672098183140969
