Technique,AUC,Credibility,LagGlobal,MAP
50Traced_NONETRACED_MEDIAN_MULTI_LSA_27_SUM.csv,0.7835513173523376,0.6655654233274126,2.2936507936507935,0.6931309390801443
