Technique,AUC,Credibility,LagGlobal,MAP
50Traced_NONETRACED_MAX_RAW_LSA_12_MEDIAN.csv,0.9545472951085197,0.7857272619047619,1.7698412698412698,0.9350629412601331
