Technique,AUC,Credibility,LagGlobal,MAP
50Traced_NONETRACED_MEDIAN_RAW_VSM_64_SUM.csv,0.7855691879926574,0.6669172260649838,2.2976190476190474,0.6886001148440622
