Technique,AUC,Credibility,LagGlobal,MAP
50Traced_NONETRACED_MAX_SINGLE_VSM_40_MAX.csv,0.9723571968469927,0.7454710714285714,0.8293650793650794,0.950629790896449
