Technique,AUC,Credibility,LagGlobal,MAP
50Traced_NONETRACED_RFNONE_RAW_LSA_60_SUM.csv,0.907005857898715,0.8134575602473875,2.2936507936507935,0.8947995058759325
