Technique,AUC,Credibility,LagGlobal,MAP
50Traced_NONETRACED_SUM_RAW_LSA_64_MAX.csv,0.9305791761148904,0.4793341666666667,1.9087301587301588,0.8961973274806744
