Technique,AUC,Credibility,LagGlobal,MAP
50Traced_NONETRACED_SUM_RAW_VSM_51_MEDIAN.csv,0.9532549130763417,0.4330867857142857,1.5317460317460319,0.9242823292388768
