Technique,AUC,Credibility,LagGlobal,MAP
50Traced_NONETRACED_RFNONE_MULTI_VSM_44_SUM.csv,0.9180501565705648,0.8286907808548883,2.2182539682539684,0.897229899231327
