Technique,AUC,Credibility,LagGlobal,MAP
50Traced_NONETRACED_RFSMOTE_RAW_LSA_82_MEDIAN.csv,0.8673975542597991,0.7903665476190476,2.2182539682539684,0.8254879975184862
