Technique,AUC,Credibility,LagGlobal,MAP
50Traced_NONETRACED_MAX_SINGLE_VSM_90_SUM.csv,0.9569599665262931,0.7254721249339547,1.3174603174603174,0.9332171049534325
