Technique,AUC,Credibility,LagGlobal,MAP
50Traced_NONETRACED_MEDIAN_RAW_LSA_69_SUM.csv,0.7816582982399309,0.6645726756763636,2.2936507936507935,0.682035310689057
