Technique,AUC,Credibility,LagGlobal,MAP
50Traced_NONETRACED_SUM_MULTI_VSM_90_MAX.csv,0.9081598909405032,-0.18396345238095238,2.1904761904761907,0.8485126122595698
