Technique,AUC,Credibility,LagGlobal,MAP
50Traced_NONETRACED_SUM_SINGLE_LSA_14_MEDIAN.csv,0.9711592970521541,-0.24882785714285716,0.8134920634920635,0.9411324124721498
