Technique,AUC,Credibility,LagGlobal,MAP
50Traced_NONETRACED_MAX_MULTI_LSA_63_MAX.csv,0.9695868426735774,0.7632963095238096,2.2103174603174605,0.9639869163892474
