Technique,AUC,Credibility,LagGlobal,MAP
50Traced_NONETRACED_SUM_RAW_LSA_50_SUM.csv,0.9500863837598531,0.7445606962354843,2.0873015873015874,0.9262775409951521
