Technique,AUC,Credibility,LagGlobal,MAP
50Traced_NONETRACED_RFSMOTE_MULTI_VSM_88_SUM.csv,0.8840905409782962,0.7867994241842611,2.2936507936507935,0.8474831727123959
