Technique,AUC,Credibility,LagGlobal,MAP
50Traced_NONETRACED_RFUNDER_SINGLE_VSM_0_MAX.csv,0.9196934726271462,0.8503025,2.2182539682539684,0.9090216015664236
