Technique,AUC,Credibility,LagGlobal,MAP
50Traced_NONETRACED_MAX_SINGLE_LSA_38_MAX.csv,0.9848086059820753,0.7479471428571428,0.7222222222222222,0.9719247905999794
