Technique,AUC,Credibility,LagGlobal,MAP
50Traced_NONETRACED_SUM_RAW_VSM_75_MAX.csv,0.9335688640535579,0.43539535714285715,1.6468253968253967,0.9013958730352525
