Technique,AUC,Credibility,LagGlobal,MAP
50Traced_NONETRACED_RFNONE_MULTI_LSA_76_SUM.csv,0.8891149713853795,0.821835831581513,2.2182539682539684,0.8644195149721895
