Technique,AUC,Credibility,LagGlobal,MAP
50Traced_NONETRACED_SUM_SINGLE_LSA_30_MEDIAN.csv,0.969826422632545,-0.2871296428571429,0.6865079365079365,0.9307368134589147
