Technique,AUC,Credibility,LagGlobal,MAP
50Traced_NONETRACED_RFNONE_MULTI_LSA_52_SUM.csv,0.9021433970413562,0.8233591536422631,2.2936507936507935,0.880012829596125
