Technique,AUC,Credibility,LagGlobal,MAP
50Traced_NONETRACED_SUM_RAW_VSM_97_SUM.csv,0.9572872799913615,0.7412352709370542,2.007936507936508,0.9385034309447443
