Technique,AUC,Credibility,LagGlobal,MAP
50Traced_NONETRACED_RFNONE_SINGLE_LSA_52_SUM.csv,0.9034425278047727,0.8149808823081376,2.2182539682539684,0.8856651816247068
