Technique,AUC,Credibility,LagGlobal,MAP
50Traced_NONETRACED_SUM_RAW_VSM_9_MEDIAN.csv,0.9364202030018356,0.48645166666666667,2.234126984126984,0.9149541972714876
