Technique,AUC,Credibility,LagGlobal,MAP
50Traced_NONETRACED_RFUNDER_MULTI_LSA_36_MAX.csv,0.9051567055393586,0.8250834523809524,2.3015873015873014,0.7938782258769852
