Technique,AUC,Credibility,LagGlobal,MAP
50Traced_NONETRACED_RFNONE_RAW_LSA_30_MAX.csv,0.8987791545189504,0.816035,2.1785714285714284,0.8764660567621507
