Technique,AUC,Credibility,LagGlobal,MAP
50Traced_NONETRACED_RFSMOTE_RAW_LSA_67_MEDIAN.csv,0.8560765576071698,0.7673573809523809,2.1825396825396823,0.8002904696670325
