Technique,AUC,Credibility,LagGlobal,MAP
50Traced_NONETRACED_MAX_MULTI_VSM_78_SUM.csv,0.9734201220170607,0.7491489371952748,1.630952380952381,0.957208770214435
