Technique,AUC,Credibility,LagGlobal,MAP
50Traced_NONETRACED_RFSMOTE_SINGLE_LSA_50_MEDIAN.csv,0.8661490389806716,0.7481738095238095,2.2182539682539684,0.7885473823042095
