Technique,AUC,Credibility,LagGlobal,MAP
50Traced_NONETRACED_RFSMOTE_SINGLE_LSA_83_SUM.csv,0.8679509502213585,0.7837527800627608,2.2936507936507935,0.8285059778119729
