Technique,AUC,Credibility,LagGlobal,MAP
50Traced_NONETRACED_RFSMOTE_RAW_LSA_95_SUM.csv,0.8679981913400281,0.7790348910758469,2.2222222222222223,0.8288007614302415
