Technique,AUC,Credibility,LagGlobal,MAP
50Traced_NONETRACED_MAX_MULTI_LSA_64_SUM.csv,0.9479875283446713,0.7320587306848494,2.2857142857142856,0.9261473647620249
