Technique,AUC,Credibility,LagGlobal,MAP
50Traced_NONETRACED_MAX_SINGLE_LSA_42_MAX.csv,0.981181162941367,0.7449842857142858,1.003968253968254,0.9684726259605195
