Technique,AUC,Credibility,LagGlobal,MAP
50Traced_NONETRACED_SUM_MULTI_VSM_64_MEDIAN.csv,0.9574256289817514,-0.2415420238095238,1.753968253968254,0.919309437243775
