Technique,AUC,Credibility,LagGlobal,MAP
50Traced_NONETRACED_MAX_SINGLE_VSM_8_MAX.csv,0.9795108519598317,0.7348221428571429,1.0158730158730158,0.9631106782401666
