Technique,AUC,Credibility,LagGlobal,MAP
50Traced_NONETRACED_MEDIAN_MULTI_VSM_25_MAX.csv,0.7782231940395207,0.6757544047619047,2.3015873015873014,0.6795078692485953
