Technique,AUC,Credibility,LagGlobal,MAP
50Traced_NONETRACED_RFNONE_SINGLE_LSA_10_SUM.csv,0.8835978835978837,0.8096492550955123,2.2182539682539684,0.8636639332778627
