Technique,AUC,Credibility,LagGlobal,MAP
50Traced_NONETRACED_MEDIAN_MULTI_VSM_31_SUM.csv,0.7870910268869453,0.6686418895190275,2.265873015873016,0.6868420895502149
