Technique,AUC,Credibility,LagGlobal,MAP
50Traced_NONETRACED_MEDIAN_RAW_VSM_78_SUM.csv,0.7793839758125473,0.6641585699104297,2.2976190476190474,0.6838068552678065
