Technique,AUC,Credibility,LagGlobal,MAP
50Traced_NONETRACED_RFNONE_RAW_LSA_79_SUM.csv,0.8759684429327287,0.8012709837613868,2.2936507936507935,0.8589372955218181
