Technique,AUC,Credibility,LagGlobal,MAP
50Traced_NONETRACED_RFSMOTE_MULTI_VSM_75_SUM.csv,0.8805373339812116,0.7929876006920544,2.2182539682539684,0.8250244140254198
