Technique,AUC,Credibility,LagGlobal,MAP
50Traced_NONETRACED_RFUNDER_MULTI_LSA_16_MAX.csv,0.9089359950329339,0.8138711904761905,2.0238095238095237,0.744904045368536
