Technique,AUC,Credibility,LagGlobal,MAP
50Traced_NONETRACED_RFSMOTE_SINGLE_LSA_94_MEDIAN.csv,0.8017728916963611,0.7053484523809523,2.2936507936507935,0.6872012248482563
