Technique,AUC,Credibility,LagGlobal,MAP
50Traced_NONETRACED_RFNONE_MULTI_VSM_66_MEDIAN.csv,0.9000580390886512,0.830595238095238,2.2182539682539684,0.8705626290901005
