Technique,AUC,Credibility,LagGlobal,MAP
50Traced_NONETRACED_RFSMOTE_MULTI_VSM_61_MAX.csv,0.8520509394233884,0.7572048809523809,2.2182539682539684,0.739674280105203
