Technique,AUC,Credibility,LagGlobal,MAP
50Traced_NONETRACED_RFNONE_RAW_VSM_11_MEDIAN.csv,0.8795385217579095,0.7922404761904762,2.2182539682539684,0.8528792599040353
