Technique,AUC,Credibility,LagGlobal,MAP
50Traced_NONETRACED_MAX_SINGLE_VSM_72_MAX.csv,0.9750668124392614,0.7399955952380952,0.8174603174603174,0.956655726304721
