Technique,AUC,Credibility,LagGlobal,MAP
50Traced_NONETRACED_RFSMOTE_RAW_LSA_76_SUM.csv,0.8648161645610626,0.7799444749108857,2.2936507936507935,0.8286348244618522
