Technique,AUC,Credibility,LagGlobal,MAP
50Traced_NONETRACED_RFSMOTE_MULTI_VSM_81_SUM.csv,0.8648094158298238,0.7829911190323858,2.011904761904762,0.789302211413878
