Technique,AUC,Credibility,LagGlobal,MAP
50Traced_NONETRACED_RFNONE_MULTI_VSM_86_MEDIAN.csv,0.9125938073642156,0.8311552380952381,2.2182539682539684,0.8774096585013181
