Technique,AUC,Credibility,LagGlobal,MAP
50Traced_NONETRACED_MEDIAN_SINGLE_VSM_41_SUM.csv,0.7791848882410106,0.6732758510692595,2.2936507936507935,0.6819102711960091
