Technique,AUC,Credibility,LagGlobal,MAP
50Traced_NONETRACED_RFUNDER_MULTI_LSA_13_MAX.csv,0.902575315840622,0.8213954761904761,2.0476190476190474,0.782435066733149
