Technique,AUC,Credibility,LagGlobal,MAP
50Traced_NONETRACED_RFSMOTE_RAW_VSM_26_SUM.csv,0.8777332361516035,0.7913693903665113,2.2182539682539684,0.8481067491588663
