Technique,AUC,Credibility,LagGlobal,MAP
50Traced_NONETRACED_MEDIAN_RAW_LSA_54_SUM.csv,0.7777440341215851,0.6633255372945639,2.2976190476190474,0.6806143115344453
