Technique,AUC,Credibility,LagGlobal,MAP
50Traced_NONETRACED_RFUNDER_RAW_LSA_62_MEDIAN.csv,0.8863378684807256,0.8254714285714285,2.2182539682539684,0.8687232319418212
