Technique,AUC,Credibility,LagGlobal,MAP
50Traced_NONETRACED_SUM_RAW_LSA_98_MEDIAN.csv,0.9498333063384083,0.4710192857142857,1.6904761904761905,0.9218177699992249
