Technique,AUC,Credibility,LagGlobal,MAP
50Traced_NONETRACED_RFNONE_RAW_LSA_3_MAX.csv,0.8823291221250404,0.80899,2.2182539682539684,0.8590324893105098
