Technique,AUC,Credibility,LagGlobal,MAP
50Traced_NONETRACED_MEDIAN_SINGLE_LSA_85_SUM.csv,0.784425278047727,0.6650790831430263,2.2936507936507935,0.6873591553014758
