Technique,AUC,Credibility,LagGlobal,MAP
50Traced_NONETRACED_RFNONE_MULTI_VSM_27_MEDIAN.csv,0.9146555447575856,0.8369252380952381,2.2182539682539684,0.8956927671847562
