Technique,AUC,Credibility,LagGlobal,MAP
50Traced_NONETRACED_SUM_SINGLE_LSA_16_SUM.csv,0.9570679462261095,0.7533103728648756,1.6825396825396826,0.9101194595152516
