Technique,AUC,Credibility,LagGlobal,MAP
50Traced_NONETRACED_RFSMOTE_MULTI_VSM_96_MEDIAN.csv,0.8912205755317999,0.7994059523809524,2.2182539682539684,0.7929959156826344
