Technique,AUC,Credibility,LagGlobal,MAP
50Traced_NONETRACED_SUM_MULTI_VSM_17_MAX.csv,0.9211950653277183,-0.1736690476190476,1.6666666666666667,0.8614640511719863
