Technique,AUC,Credibility,LagGlobal,MAP
50Traced_NONETRACED_RFUNDER_RAW_LSA_56_MAX.csv,0.8663852445740201,0.7838091666666667,2.2182539682539684,0.8372536371098062
