Technique,AUC,Credibility,LagGlobal,MAP
50Traced_NONETRACED_RFSMOTE_RAW_LSA_72_SUM.csv,0.8270806338408379,0.729805638783676,2.2261904761904763,0.7213980475113422
