Technique,AUC,Credibility,LagGlobal,MAP
50Traced_NONETRACED_RFUNDER_MULTI_LSA_63_MEDIAN.csv,0.9091283338732319,0.8197358333333333,2.0317460317460316,0.7674844345816958
