Technique,AUC,Credibility,LagGlobal,MAP
50Traced_NONETRACED_MAX_RAW_LSA_94_MEDIAN.csv,0.9632362865781234,0.8024777380952381,2.3055555555555554,0.9453339781858334
