Technique,AUC,Credibility,LagGlobal,MAP
50Traced_NONETRACED_RFNONE_SINGLE_LSA_69_MEDIAN.csv,0.9023762282690854,0.8286784523809524,2.2182539682539684,0.8911358570972626
