Technique,AUC,Credibility,LagGlobal,MAP
50Traced_NONETRACED_MAX_SINGLE_LSA_27_MEDIAN.csv,0.9866645070726703,0.7466670238095238,1.0753968253968254,0.9770634809480401
