Technique,AUC,Credibility,LagGlobal,MAP
50Traced_NONETRACED_RFUNDER_MULTI_VSM_25_MEDIAN.csv,0.8408109275456214,0.7553561904761905,2.2182539682539684,0.6238010735874697
