Technique,AUC,Credibility,LagGlobal,MAP
50Traced_NONETRACED_RFNONE_SINGLE_VSM_39_SUM.csv,0.8858384623690746,0.8195508484903878,2.2936507936507935,0.8691947264943791
