Technique,AUC,Credibility,LagGlobal,MAP
50Traced_NONETRACED_MAX_RAW_LSA_90_MEDIAN.csv,0.9495194903358168,0.7978269047619048,1.9523809523809523,0.9337842276568812
