Technique,AUC,Credibility,LagGlobal,MAP
50Traced_NONETRACED_MEDIAN_MULTI_LSA_21_MEDIAN.csv,0.7782096965770434,0.6757394047619047,2.2976190476190474,0.6795154305954458
