Technique,AUC,Credibility,LagGlobal,MAP
50Traced_NONETRACED_RFSMOTE_MULTI_LSA_37_MEDIAN.csv,0.8421539250620883,0.7664365476190477,2.2182539682539684,0.7746164971460023
