Technique,AUC,Credibility,LagGlobal,MAP
50Traced_NONETRACED_SUM_RAW_VSM_85_MAX.csv,0.9281833765252132,0.4452261904761905,2.3015873015873014,0.9028929067266459
