Technique,AUC,Credibility,LagGlobal,MAP
50Traced_NONETRACED_RFNONE_RAW_VSM_31_MAX.csv,0.8836350016196955,0.8063867857142857,2.2936507936507935,0.8658873590984011
