Technique,AUC,Credibility,LagGlobal,MAP
50Traced_NONETRACED_MAX_SINGLE_VSM_62_MAX.csv,0.9681291167260556,0.7266991666666667,1.3452380952380953,0.9488644515953987
