Technique,AUC,Credibility,LagGlobal,MAP
50Traced_NONETRACED_MAX_RAW_VSM_54_MAX.csv,0.9617819349962208,0.779825,1.630952380952381,0.9380635663363996
