Technique,AUC,Credibility,LagGlobal,MAP
50Traced_NONETRACED_MAX_MULTI_VSM_93_SUM.csv,0.9714292463016954,0.7233074909353054,1.3571428571428572,0.9576399603334157
