Technique,AUC,Credibility,LagGlobal,MAP
50Traced_NONETRACED_MEDIAN_SINGLE_VSM_32_SUM.csv,0.7850562844185293,0.6649750486340185,2.3015873015873014,0.6877764863387995
