Technique,AUC,Credibility,LagGlobal,MAP
50Traced_NONETRACED_RFNONE_MULTI_LSA_68_SUM.csv,0.9005878144908758,0.822597492611888,2.2182539682539684,0.8625825829312725
