Technique,AUC,Credibility,LagGlobal,MAP
50Traced_NONETRACED_RFSMOTE_SINGLE_LSA_24_SUM.csv,0.879980563654033,0.7648460494849154,2.2182539682539684,0.8341166813143246
