Technique,AUC,Credibility,LagGlobal,MAP
50Traced_NONETRACED_SUM_MULTI_VSM_62_SUM.csv,0.9258618129791599,0.728432929380834,2.238095238095238,0.8886498352050525
