Technique,AUC,Credibility,LagGlobal,MAP
50Traced_NONETRACED_RFNONE_MULTI_LSA_46_SUM.csv,0.9053524187452759,0.8271674587941382,2.2182539682539684,0.8761158648719947
