Technique,AUC,Credibility,LagGlobal,MAP
50Traced_NONETRACED_SUM_RAW_LSA_88_SUM.csv,0.9384718172983479,0.740562963320826,2.007936507936508,0.9104617525613217
