Technique,AUC,Credibility,LagGlobal,MAP
50Traced_NONETRACED_RFNONE_MULTI_LSA_26_SUM.csv,0.8945544487636323,0.8264057977637632,2.2182539682539684,0.8691789006288818
