Technique,AUC,Credibility,LagGlobal,MAP
50Traced_NONETRACED_RFNONE_RAW_VSM_61_SUM.csv,0.8850522351797863,0.7913693903665113,2.2936507936507935,0.8642319121110744
