Technique,AUC,Credibility,LagGlobal,MAP
50Traced_NONETRACED_SUM_MULTI_LSA_67_MAX.csv,0.9425311791383219,-0.19351988095238096,2.003968253968254,0.9064429343790461
