Technique,AUC,Credibility,LagGlobal,MAP
50Traced_NONETRACED_MEDIAN_SINGLE_VSM_33_SUM.csv,0.7794042220062628,0.6642434238348981,2.2936507936507935,0.6794900477939462
