Technique,AUC,Credibility,LagGlobal,MAP
50Traced_NONETRACED_RFNONE_MULTI_VSM_19_MAX.csv,0.9022142587193607,0.8298282142857143,2.2182539682539684,0.8664197434514704
