Technique,AUC,Credibility,LagGlobal,MAP
50Traced_NONETRACED_SUM_RAW_LSA_90_SUM.csv,0.9408709912536444,0.7450182704135273,2.0317460317460316,0.9139712489761196
