Technique,AUC,Credibility,LagGlobal,MAP
50Traced_NONETRACED_MAX_RAW_VSM_27_MAX.csv,0.9235503725299644,0.7802804761904761,2.3174603174603177,0.8983013473109956
