Technique,AUC,Credibility,LagGlobal,MAP
50Traced_NONETRACED_MEDIAN_MULTI_VSM_84_SUM.csv,0.79137647122341,0.666508500380614,2.2936507936507935,0.6900027246870059
