Technique,AUC,Credibility,LagGlobal,MAP
50Traced_NONETRACED_MEDIAN_SINGLE_LSA_81_SUM.csv,0.7861765738041249,0.6668232811559798,2.2936507936507935,0.6926536886695669
