Technique,AUC,Credibility,LagGlobal,MAP
50Traced_NONETRACED_RFUNDER_MULTI_LSA_83_MAX.csv,0.896815273728539,0.8100609523809523,2.123015873015873,0.7318304311823045
