Technique,AUC,Credibility,LagGlobal,MAP
50Traced_NONETRACED_SUM_SINGLE_VSM_54_MAX.csv,0.9591161861570026,-0.33467833333333336,1.623015873015873,0.9232397158192762
