Technique,AUC,Credibility,LagGlobal,MAP
50Traced_NONETRACED_RFUNDER_SINGLE_VSM_52_SUM.csv,0.931750080984775,0.839354035280139,2.2182539682539684,0.920914499761387
