Technique,AUC,Credibility,LagGlobal,MAP
50Traced_NONETRACED_MAX_SINGLE_LSA_97_SUM.csv,0.9778641615376309,0.7334056249703074,0.8373015873015873,0.9599759693482142
