Technique,AUC,Credibility,LagGlobal,MAP
50Traced_NONETRACED_RFUNDER_RAW_LSA_22_SUM.csv,0.8964002267573695,0.8111725771562623,2.2182539682539684,0.8732081439359716
