Technique,AUC,Credibility,LagGlobal,MAP
50Traced_NONETRACED_SUM_RAW_VSM_2_SUM.csv,0.9404019544325668,0.7474214530096625,2.0357142857142856,0.9158889527970575
