Technique,AUC,Credibility,LagGlobal,MAP
50Traced_NONETRACED_RFNONE_MULTI_LSA_1_SUM.csv,0.8990221088435375,0.8203125095207628,2.2182539682539684,0.8691124578035699
