Technique,AUC,Credibility,LagGlobal,MAP
50Traced_NONETRACED_SUM_SINGLE_VSM_71_SUM.csv,0.950609410430839,0.7477886476136155,1.8452380952380953,0.9093169014063359
