Technique,AUC,Credibility,LagGlobal,MAP
50Traced_NONETRACED_MAX_RAW_VSM_96_SUM.csv,0.9436919609113488,0.7593528205506029,1.7261904761904763,0.9154394093143523
