Technique,AUC,Credibility,LagGlobal,MAP
50Traced_NONETRACED_RFSMOTE_MULTI_LSA_95_SUM.csv,0.8904242252456539,0.782178299984489,2.2182539682539684,0.8453405400214269
