Technique,AUC,Credibility,LagGlobal,MAP
50Traced_NONETRACED_MAX_SINGLE_LSA_15_MAX.csv,0.9823453190800129,0.744617380952381,1.0595238095238095,0.9706768284997287
