Technique,AUC,Credibility,LagGlobal,MAP
50Traced_NONETRACED_RFSMOTE_SINGLE_VSM_63_MEDIAN.csv,0.852584089191232,0.7619988095238095,2.2222222222222223,0.7680995885262479
