Technique,AUC,Credibility,LagGlobal,MAP
50Traced_NONETRACED_MEDIAN_SINGLE_LSA_64_MEDIAN.csv,0.7783041788143829,0.6758052380952381,2.2936507936507935,0.6795758281790352
