Technique,AUC,Credibility,LagGlobal,MAP
50Traced_NONETRACED_MEDIAN_SINGLE_LSA_74_SUM.csv,0.7796033095777992,0.6642643576080521,2.2936507936507935,0.6831463371473381
