Technique,AUC,Credibility,LagGlobal,MAP
50Traced_NONETRACED_RFSMOTE_MULTI_LSA_68_MEDIAN.csv,0.8549360220278589,0.7410885714285714,2.2182539682539684,0.6819328117708466
