Technique,AUC,Credibility,LagGlobal,MAP
50Traced_NONETRACED_SUM_RAW_VSM_92_MEDIAN.csv,0.9148647554259799,0.4486394047619048,2.0674603174603177,0.8887879470170137
