Technique,AUC,Credibility,LagGlobal,MAP
50Traced_NONETRACED_RFSMOTE_SINGLE_VSM_62_SUM.csv,0.8516156462585034,0.7604273057330042,2.2936507936507935,0.7983504608374343
