Technique,AUC,Credibility,LagGlobal,MAP
50Traced_NONETRACED_RFUNDER_RAW_LSA_20_SUM.csv,0.892705296404276,0.8134575602473875,2.2182539682539684,0.8748340664298702
