Technique,AUC,Credibility,LagGlobal,MAP
50Traced_NONETRACED_MAX_SINGLE_VSM_6_MAX.csv,0.9800709966526293,0.7425469047619048,1.0992063492063493,0.9664259330420057
