Technique,AUC,Credibility,LagGlobal,MAP
50Traced_NONETRACED_MAX_MULTI_LSA_84_SUM.csv,0.9600913778209698,0.744615566675683,2.0396825396825395,0.9356030679176132
