Technique,AUC,Credibility,LagGlobal,MAP
50Traced_NONETRACED_MAX_SINGLE_LSA_63_MEDIAN.csv,0.9763220764496274,0.7419507142857142,0.9563492063492064,0.958348448977987
