Technique,AUC,Credibility,LagGlobal,MAP
50Traced_NONETRACED_MEDIAN_SINGLE_VSM_3_MEDIAN.csv,0.7783986610517224,0.6758135714285715,2.2936507936507935,0.6796743237575671
