Technique,AUC,Credibility,LagGlobal,MAP
50Traced_NONETRACED_RFUNDER_SINGLE_VSM_56_SUM.csv,0.9050419771083037,0.8332607470371386,2.2182539682539684,0.8924849762984788
