Technique,AUC,Credibility,LagGlobal,MAP
50Traced_NONETRACED_RFNONE_RAW_VSM_65_SUM.csv,0.8875357682755642,0.8020326447917618,2.2182539682539684,0.8691471580277385
