Technique,AUC,Credibility,LagGlobal,MAP
50Traced_NONETRACED_RFSMOTE_SINGLE_LSA_70_SUM.csv,0.8395354173415397,0.7334831520580081,2.2182539682539684,0.7798880882175598
