Technique,AUC,Credibility,LagGlobal,MAP
50Traced_NONETRACED_RFNONE_RAW_VSM_81_SUM.csv,0.8718382194147501,0.7967010175791366,2.2182539682539684,0.85167165787673
