Technique,AUC,Credibility,LagGlobal,MAP
50Traced_NONETRACED_SUM_RAW_LSA_18_SUM.csv,0.9461113810603607,0.745288829016631,2.0555555555555554,0.9186447647671759
