Technique,AUC,Credibility,LagGlobal,MAP
50Traced_NONETRACED_MAX_RAW_LSA_57_MEDIAN.csv,0.9584379386675305,0.7855817857142857,2.2896825396825395,0.9386509412495693
