Technique,AUC,Credibility,LagGlobal,MAP
50Traced_NONETRACED_MAX_RAW_VSM_98_MEDIAN.csv,0.9500087733506102,0.7947569047619047,2.2857142857142856,0.935634892978223
