Technique,AUC,Credibility,LagGlobal,MAP
50Traced_NONETRACED_RFSMOTE_SINGLE_VSM_86_SUM.csv,0.9054266547888996,0.8104109161258873,2.2182539682539684,0.8705282466129867
