Technique,AUC,Credibility,LagGlobal,MAP
50Traced_NONETRACED_RFNONE_RAW_VSM_33_SUM.csv,0.858678193499622,0.7951776955183865,2.2936507936507935,0.8350111100134836
