Technique,AUC,Credibility,LagGlobal,MAP
50Traced_NONETRACED_RFSMOTE_MULTI_LSA_47_MEDIAN.csv,0.8657913562250297,0.7878511904761905,2.2936507936507935,0.7580113541475699
