Technique,AUC,Credibility,LagGlobal,MAP
50Traced_NONETRACED_SUM_MULTI_VSM_77_MEDIAN.csv,0.9331301965230536,-0.1884129761904762,1.5912698412698412,0.8800410116610073
