Technique,AUC,Credibility,LagGlobal,MAP
50Traced_NONETRACED_MAX_MULTI_VSM_34_MEDIAN.csv,0.983587085627902,0.7571830952380952,1.4523809523809523,0.9752198198318731
