Technique,AUC,Credibility,LagGlobal,MAP
50Traced_NONETRACED_SUM_SINGLE_VSM_56_MAX.csv,0.9495397365295326,-0.2594604761904762,1.0833333333333333,0.9056888880374524
