Technique,AUC,Credibility,LagGlobal,MAP
50Traced_NONETRACED_RFSMOTE_MULTI_LSA_70_SUM.csv,0.873424171255804,0.8050792889132621,2.2182539682539684,0.8075836647820019
