Technique,AUC,Credibility,LagGlobal,MAP
50Traced_NONETRACED_MEDIAN_RAW_LSA_27_SUM.csv,0.7803051776266062,0.6644322506977924,2.2936507936507935,0.685719989284902
