Technique,AUC,Credibility,LagGlobal,MAP
50Traced_NONETRACED_MEDIAN_SINGLE_LSA_56_SUM.csv,0.7839056257423604,0.6651456906030618,2.2936507936507935,0.6875103269495701
