Technique,AUC,Credibility,LagGlobal,MAP
50Traced_NONETRACED_RFSMOTE_MULTI_LSA_5_MEDIAN.csv,0.8739033311737394,0.7986583333333334,2.2936507936507935,0.8282908747142385
