Technique,AUC,Credibility,LagGlobal,MAP
50Traced_NONETRACED_RFSMOTE_SINGLE_VSM_1_MAX.csv,0.8964373447791816,0.7986394047619048,2.2222222222222223,0.8326130611254808
