Technique,AUC,Credibility,LagGlobal,MAP
50Traced_NONETRACED_MEDIAN_RAW_LSA_81_SUM.csv,0.7781320861678004,0.6635179311511461,2.2936507936507935,0.680428524898059
