Technique,AUC,Credibility,LagGlobal,MAP
50Traced_NONETRACED_RFNONE_RAW_VSM_75_SUM.csv,0.8505965878414858,0.7814677969716357,2.2182539682539684,0.8230709014669886
