Technique,AUC,Credibility,LagGlobal,MAP
50Traced_NONETRACED_RFUNDER_SINGLE_LSA_80_MAX.csv,0.9039048158946119,0.8295194047619048,2.2182539682539684,0.8746511094189555
