Technique,AUC,Credibility,LagGlobal,MAP
50Traced_NONETRACED_MAX_SINGLE_LSA_36_MAX.csv,0.978161105712126,0.7474553571428572,1.7341269841269842,0.961099175741062
