Technique,AUC,Credibility,LagGlobal,MAP
50Traced_NONETRACED_SUM_MULTI_VSM_46_SUM.csv,0.9480347694633409,0.7361564863927181,1.3492063492063493,0.9080063649803392
