Technique,AUC,Credibility,LagGlobal,MAP
50Traced_NONETRACED_SUM_MULTI_LSA_95_MEDIAN.csv,0.9316927167692475,-0.1550004761904762,1.4603174603174602,0.8799306876363047
