Technique,AUC,Credibility,LagGlobal,MAP
50Traced_NONETRACED_MAX_MULTI_VSM_84_MEDIAN.csv,0.9748339812115323,0.7548544047619048,1.3492063492063493,0.9595381596011987
