Technique,AUC,Credibility,LagGlobal,MAP
50Traced_NONETRACED_RFNONE_RAW_VSM_12_SUM.csv,0.8617657380412482,0.7822294580020108,2.2936507936507935,0.830939788069486
