Technique,AUC,Credibility,LagGlobal,MAP
50Traced_NONETRACED_MEDIAN_RAW_VSM_79_SUM.csv,0.7862440611165102,0.6647919309819843,2.2936507936507935,0.6865116103415189
