Technique,AUC,Credibility,LagGlobal,MAP
50Traced_NONETRACED_RFUNDER_MULTI_VSM_53_SUM.csv,0.9142168772270813,0.8340224080675136,2.2936507936507935,0.8887020150680781
