Technique,AUC,Credibility,LagGlobal,MAP
50Traced_NONETRACED_SUM_MULTI_LSA_13_MAX.csv,0.8994169096209913,-0.24937916666666668,1.9404761904761905,0.8487821838275681
