Technique,AUC,Credibility,LagGlobal,MAP
50Traced_NONETRACED_RFUNDER_MULTI_LSA_12_SUM.csv,0.9125195713205917,0.8370690521890138,2.2936507936507935,0.8844908432452768
