Technique,AUC,Credibility,LagGlobal,MAP
50Traced_NONETRACED_MAX_RAW_LSA_8_SUM.csv,0.9383300939423389,0.7660448571738895,2.1507936507936507,0.9198741754670344
