Technique,AUC,Credibility,LagGlobal,MAP
50Traced_NONETRACED_MAX_MULTI_LSA_83_MAX.csv,0.974101743872152,0.7557004761904762,1.4087301587301588,0.9615171654237435
