Technique,AUC,Credibility,LagGlobal,MAP
50Traced_NONETRACED_MEDIAN_RAW_VSM_16_SUM.csv,0.7844084062196307,0.6643540133637824,2.2976190476190474,0.6874723081996
