Technique,AUC,Credibility,LagGlobal,MAP
50Traced_NONETRACED_RFNONE_MULTI_VSM_58_MAX.csv,0.9121956322211424,0.8424529761904762,2.2182539682539684,0.8988456837755643
