Technique,AUC,Credibility,LagGlobal,MAP
50Traced_NONETRACED_RFNONE_MULTI_LSA_30_MAX.csv,0.8830546107331823,0.8144494047619047,2.2182539682539684,0.8618442023952454
