Technique,AUC,Credibility,LagGlobal,MAP
50Traced_NONETRACED_SUM_MULTI_LSA_19_SUM.csv,0.9400206511175898,0.7278003347803014,2.1944444444444446,0.8996475971576469
