Technique,AUC,Credibility,LagGlobal,MAP
50Traced_NONETRACED_RFSMOTE_MULTI_LSA_52_MEDIAN.csv,0.8612393370046432,0.7968571428571428,2.2222222222222223,0.7955422278367927
