Technique,AUC,Credibility,LagGlobal,MAP
50Traced_NONETRACED_RFSMOTE_SINGLE_LSA_17_SUM.csv,0.8080829554043839,0.7068250159948817,2.2936507936507935,0.7001546211442553
