Technique,AUC,Credibility,LagGlobal,MAP
50Traced_NONETRACED_RFSMOTE_RAW_LSA_61_SUM.csv,0.8918245869776482,0.7999639555001581,2.2936507936507935,0.8690313215071959
