Technique,AUC,Credibility,LagGlobal,MAP
50Traced_NONETRACED_MEDIAN_SINGLE_VSM_26_SUM.csv,0.7781084656084656,0.6642004990273196,2.2936507936507935,0.6822588088265543
