Technique,AUC,Credibility,LagGlobal,MAP
50Traced_NONETRACED_RFSMOTE_SINGLE_LSA_14_MAX.csv,0.8444080012957563,0.7401055952380953,2.2936507936507935,0.7930683372367289
