Technique,AUC,Credibility,LagGlobal,MAP
50Traced_NONETRACED_SUM_SINGLE_LSA_18_SUM.csv,0.9577124500593889,0.7513958385761821,1.2817460317460319,0.9199674965265605
