Technique,AUC,Credibility,LagGlobal,MAP
50Traced_NONETRACED_RFUNDER_SINGLE_LSA_40_SUM.csv,0.9106974138861894,0.8340224080675136,2.2182539682539684,0.8967141372679356
