Technique,AUC,Credibility,LagGlobal,MAP
50Traced_NONETRACED_MAX_RAW_VSM_76_MEDIAN.csv,0.968007639563762,0.7985491666666666,1.6507936507936507,0.9470509733654178
