Technique,AUC,Credibility,LagGlobal,MAP
50Traced_NONETRACED_RFUNDER_SINGLE_LSA_69_MAX.csv,0.9228552532123961,0.8502957142857143,2.126984126984127,0.8932188884836545
