Technique,AUC,Credibility,LagGlobal,MAP
50Traced_NONETRACED_RFUNDER_MULTI_LSA_79_MAX.csv,0.8925601986826477,0.8225903571428571,2.2182539682539684,0.8082304145095518
