Technique,AUC,Credibility,LagGlobal,MAP
50Traced_NONETRACED_RFSMOTE_RAW_LSA_71_MEDIAN.csv,0.8699890670553936,0.7919341666666667,2.2182539682539684,0.8395260263319837
