Technique,AUC,Credibility,LagGlobal,MAP
50Traced_NONETRACED_SUM_MULTI_LSA_66_MAX.csv,0.9197643343051507,-0.15392940476190475,1.5119047619047619,0.8671323737795874
