Technique,AUC,Credibility,LagGlobal,MAP
50Traced_NONETRACED_RFUNDER_RAW_LSA_27_MEDIAN.csv,0.8959109437425763,0.820527380952381,2.2182539682539684,0.8344454091216305
