Technique,AUC,Credibility,LagGlobal,MAP
50Traced_NONETRACED_RFUNDER_MULTI_LSA_45_SUM.csv,0.8765150901630493,0.7959393565487616,2.2182539682539684,0.8106625308412287
