Technique,AUC,Credibility,LagGlobal,MAP
50Traced_NONETRACED_RFUNDER_SINGLE_LSA_11_SUM.csv,0.9155598747435483,0.8264057977637632,2.2182539682539684,0.8944797556240491
