Technique,AUC,Credibility,LagGlobal,MAP
50Traced_NONETRACED_MEDIAN_SINGLE_VSM_64_SUM.csv,0.7841654518950437,0.6664978376982782,2.2817460317460316,0.6850453707497037
