Technique,AUC,Credibility,LagGlobal,MAP
50Traced_NONETRACED_MAX_RAW_VSM_21_MAX.csv,0.9445119317568298,0.797727261904762,2.0873015873015874,0.9278895554782023
