Technique,AUC,Credibility,LagGlobal,MAP
50Traced_NONETRACED_RFSMOTE_RAW_VSM_57_SUM.csv,0.8561001781665047,0.7629114463841183,2.2936507936507935,0.7992370430838246
