Technique,AUC,Credibility,LagGlobal,MAP
50Traced_NONETRACED_MAX_MULTI_LSA_47_MAX.csv,0.9579621531152143,0.7418776190476191,2.2777777777777777,0.9387840131162606
