Technique,AUC,Credibility,LagGlobal,MAP
50Traced_NONETRACED_MEDIAN_RAW_LSA_65_SUM.csv,0.7797855253212396,0.6660941832967556,2.2936507936507935,0.682197495201653
