Technique,AUC,Credibility,LagGlobal,MAP
50Traced_NONETRACED_RFUNDER_RAW_LSA_9_SUM.csv,0.8724726001511716,0.7997476617006367,2.2182539682539684,0.8496805453640914
