Technique,AUC,Credibility,LagGlobal,MAP
50Traced_NONETRACED_RFUNDER_MULTI_VSM_10_MAX.csv,0.8848396501457726,0.8012247619047619,2.0515873015873014,0.7267372968360701
