Technique,AUC,Credibility,LagGlobal,MAP
50Traced_NONETRACED_SUM_SINGLE_LSA_73_SUM.csv,0.9355091242846345,0.7396344574221525,1.9801587301587302,0.8835945327103301
