Technique,AUC,Credibility,LagGlobal,MAP
50Traced_NONETRACED_RFNONE_MULTI_LSA_58_SUM.csv,0.9039689288413779,0.821835831581513,2.0476190476190474,0.8850365136099329
