Technique,AUC,Credibility,LagGlobal,MAP
50Traced_NONETRACED_RFSMOTE_SINGLE_VSM_23_MAX.csv,0.8921282798833821,0.7989586904761905,2.2222222222222223,0.8396618883620802
