Technique,AUC,Credibility,LagGlobal,MAP
50Traced_NONETRACED_RFNONE_RAW_VSM_84_SUM.csv,0.8781212881978188,0.7960882028289894,2.2182539682539684,0.8547164280369635
