Technique,AUC,Credibility,LagGlobal,MAP
50Traced_NONETRACED_SUM_SINGLE_VSM_26_SUM.csv,0.9563694525429219,0.7537320379693727,1.5396825396825398,0.9189588877518287
