Technique,AUC,Credibility,LagGlobal,MAP
50Traced_NONETRACED_MAX_RAW_VSM_83_MAX.csv,0.9572434132383112,0.7798357142857143,1.8928571428571428,0.9334937092414629
