Technique,AUC,Credibility,LagGlobal,MAP
50Traced_NONETRACED_RFSMOTE_RAW_VSM_41_SUM.csv,0.8785903250188964,0.7772188882383555,2.1547619047619047,0.8351401244996672
