Technique,AUC,Credibility,LagGlobal,MAP
50Traced_NONETRACED_SUM_MULTI_LSA_60_MAX.csv,0.9389847208724761,-0.21210154761904762,2.1031746031746033,0.8960300299977574
