Technique,AUC,Credibility,LagGlobal,MAP
50Traced_NONETRACED_RFUNDER_RAW_LSA_60_SUM.csv,0.9001795162509447,0.8187891874600128,2.123015873015873,0.883480977762836
