Technique,AUC,Credibility,LagGlobal,MAP
50Traced_NONETRACED_RFNONE_MULTI_LSA_86_SUM.csv,0.9196057391210453,0.8264057977637632,2.2936507936507935,0.8700967329659562
