Technique,AUC,Credibility,LagGlobal,MAP
50Traced_NONETRACED_SUM_SINGLE_LSA_5_SUM.csv,0.9606245275888133,0.7502676546271285,1.1388888888888888,0.9204319418921673
