Technique,AUC,Credibility,LagGlobal,MAP
50Traced_NONETRACED_RFSMOTE_SINGLE_VSM_91_MEDIAN.csv,0.8549056527372855,0.7496426190476191,2.2936507936507935,0.7523114668554981
