Technique,AUC,Credibility,LagGlobal,MAP
50Traced_NONETRACED_RFNONE_MULTI_LSA_22_MEDIAN.csv,0.9196293596803802,0.8410542857142858,2.2182539682539684,0.8766407618853291
