Technique,AUC,Credibility,LagGlobal,MAP
50Traced_NONETRACED_RFUNDER_RAW_LSA_52_MAX.csv,0.9008577637404167,0.8315295238095238,2.2936507936507935,0.8669743128079742
