Technique,AUC,Credibility,LagGlobal,MAP
50Traced_NONETRACED_SUM_MULTI_LSA_94_MEDIAN.csv,0.9537138268005615,-0.19250107142857142,1.0357142857142858,0.9152172880626284
