Technique,AUC,Credibility,LagGlobal,MAP
50Traced_NONETRACED_RFSMOTE_MULTI_LSA_38_MEDIAN.csv,0.8682512687614727,0.7807763095238095,2.2182539682539684,0.8002814858437527
