Technique,AUC,Credibility,LagGlobal,MAP
50Traced_NONETRACED_RFUNDER_RAW_VSM_23_SUM.csv,0.8811683403520137,0.8126958992170125,2.2936507936507935,0.8530166375311068
