Technique,AUC,Credibility,LagGlobal,MAP
50Traced_NONETRACED_RFNONE_MULTI_VSM_88_SUM.csv,0.9194336464744628,0.8340224080675136,2.2182539682539684,0.8905129587838827
