Technique,AUC,Credibility,LagGlobal,MAP
50Traced_NONETRACED_RFSMOTE_RAW_LSA_53_MEDIAN.csv,0.8960054259799157,0.799947261904762,2.2182539682539684,0.8757964458144387
