Technique,AUC,Credibility,LagGlobal,MAP
50Traced_NONETRACED_MAX_RAW_LSA_8_MAX.csv,0.9431858060684593,0.7916159523809524,2.0714285714285716,0.9274677317078006
