Technique,AUC,Credibility,LagGlobal,MAP
50Traced_NONETRACED_MEDIAN_MULTI_VSM_8_MEDIAN.csv,0.7782636864269518,0.6757964285714285,2.2936507936507935,0.6795218108974732
