Technique,AUC,Credibility,LagGlobal,MAP
50Traced_NONETRACED_MEDIAN_SINGLE_VSM_59_SUM.csv,0.7801465824425008,0.6646559671826102,2.2936507936507935,0.6812589002944518
