Technique,AUC,Credibility,LagGlobal,MAP
50Traced_NONETRACED_RFNONE_MULTI_VSM_20_SUM.csv,0.8832334521110032,0.8012709837613868,2.2936507936507935,0.8420867103986838
