Technique,AUC,Credibility,LagGlobal,MAP
50Traced_NONETRACED_MEDIAN_MULTI_VSM_61_MAX.csv,0.7783041788143829,0.6757994047619048,2.2936507936507935,0.6795363263127223
