Technique,AUC,Credibility,LagGlobal,MAP
50Traced_NONETRACED_SUM_RAW_VSM_30_MAX.csv,0.9286996544649606,0.4521917857142857,2.234126984126984,0.9041224033616362
