Technique,AUC,Credibility,LagGlobal,MAP
50Traced_NONETRACED_RFNONE_MULTI_LSA_11_MAX.csv,0.9048327664399093,0.8315746428571429,2.2182539682539684,0.8826365884843037
