Technique,AUC,Credibility,LagGlobal,MAP
50Traced_NONETRACED_RFNONE_SINGLE_LSA_74_MEDIAN.csv,0.8794507882518087,0.8200525,2.2936507936507935,0.8640451234943813
