Technique,AUC,Credibility,LagGlobal,MAP
50Traced_NONETRACED_SUM_MULTI_VSM_80_SUM.csv,0.9458549292732966,0.7292507250281295,1.2063492063492063,0.8878291581027509
