Technique,AUC,Credibility,LagGlobal,MAP
50Traced_NONETRACED_RFUNDER_SINGLE_LSA_29_SUM.csv,0.9036551128387863,0.8324990860067636,2.2182539682539684,0.8878874300295503
