Technique,AUC,Credibility,LagGlobal,MAP
50Traced_NONETRACED_RFNONE_RAW_VSM_45_MAX.csv,0.8789243872152035,0.7946001190476191,2.2936507936507935,0.8548178886747115
