Technique,AUC,Credibility,LagGlobal,MAP
50Traced_NONETRACED_RFUNDER_RAW_VSM_2_MAX.csv,0.9083623528776591,0.8202357142857143,2.2936507936507935,0.8928240062567026
