Technique,AUC,Credibility,LagGlobal,MAP
50Traced_NONETRACED_RFUNDER_RAW_VSM_13_SUM.csv,0.8665978296080337,0.8066026109740121,2.2182539682539684,0.8368909404495372
