Technique,AUC,Credibility,LagGlobal,MAP
50Traced_NONETRACED_RFSMOTE_MULTI_VSM_88_MEDIAN.csv,0.8824944660403844,0.7917892857142858,2.2936507936507935,0.8285151119573869
