Technique,AUC,Credibility,LagGlobal,MAP
50Traced_NONETRACED_RFNONE_MULTI_VSM_19_SUM.csv,0.9026461775186265,0.822597492611888,2.2182539682539684,0.8739993248073816
