Technique,AUC,Credibility,LagGlobal,MAP
50Traced_NONETRACED_RFUNDER_RAW_LSA_46_SUM.csv,0.8710789871504158,0.8022894071028593,2.2182539682539684,0.8453711138002297
