Technique,AUC,Credibility,LagGlobal,MAP
50Traced_NONETRACED_MAX_RAW_VSM_71_MEDIAN.csv,0.9259056797322103,0.7882692857142857,2.3015873015873014,0.9156970185007626
