Technique,AUC,Credibility,LagGlobal,MAP
50Traced_NONETRACED_MAX_RAW_VSM_16_MAX.csv,0.9552626606198036,0.8088009523809524,2.1468253968253967,0.9411328329546529
