Technique,AUC,Credibility,LagGlobal,MAP
50Traced_NONETRACED_MEDIAN_SINGLE_VSM_17_SUM.csv,0.7798057715149552,0.6648062854458203,2.2936507936507935,0.6828823211496031
