Technique,AUC,Credibility,LagGlobal,MAP
50Traced_NONETRACED_RFUNDER_SINGLE_VSM_50_SUM.csv,0.9154181513875392,0.8424006794016391,2.2936507936507935,0.9116091520935196
