Technique,AUC,Credibility,LagGlobal,MAP
50Traced_NONETRACED_RFSMOTE_RAW_VSM_98_SUM.csv,0.8591472303206997,0.7829911190323858,2.2976190476190474,0.820800321578101
