Technique,AUC,Credibility,LagGlobal,MAP
50Traced_NONETRACED_SUM_SINGLE_LSA_83_SUM.csv,0.9577394449843429,0.7475482756072466,1.8650793650793651,0.9245656839535248
