Technique,AUC,Credibility,LagGlobal,MAP
50Traced_NONETRACED_RFSMOTE_MULTI_LSA_56_SUM.csv,0.9044008476406435,0.8233591536422631,2.2222222222222223,0.8559713925327238
