Technique,AUC,Credibility,LagGlobal,MAP
50Traced_NONETRACED_MAX_SINGLE_VSM_96_MEDIAN.csv,0.9907677356656949,0.7499992857142858,1.0793650793650793,0.9844873032167389
