Technique,AUC,Credibility,LagGlobal,MAP
50Traced_NONETRACED_RFSMOTE_SINGLE_LSA_15_MAX.csv,0.8330701328150307,0.7370701190476191,2.2182539682539684,0.7511653354782869
