Technique,AUC,Credibility,LagGlobal,MAP
50Traced_NONETRACED_MAX_RAW_VSM_1_MAX.csv,0.9631721736313574,0.7980433333333333,2.011904761904762,0.94948198818374
