Technique,AUC,Credibility,LagGlobal,MAP
50Traced_NONETRACED_MEDIAN_RAW_LSA_70_SUM.csv,0.7797922740524781,0.6645832803101643,2.2936507936507935,0.6798886544921774
