Technique,AUC,Credibility,LagGlobal,MAP
50Traced_NONETRACED_RFUNDER_MULTI_VSM_63_MEDIAN.csv,0.884191771946874,0.8065902380952381,2.123015873015873,0.7353916640146336
