Technique,AUC,Credibility,LagGlobal,MAP
50Traced_NONETRACED_MEDIAN_RAW_LSA_62_SUM.csv,0.7817224111866969,0.664448914528617,2.2936507936507935,0.6857807007776962
