Technique,AUC,Credibility,LagGlobal,MAP
50Traced_NONETRACED_RFNONE_MULTI_LSA_92_MAX.csv,0.8997779667422525,0.818085119047619,2.2182539682539684,0.8492713616261423
