Technique,AUC,Credibility,LagGlobal,MAP
50Traced_NONETRACED_RFUNDER_SINGLE_LSA_67_SUM.csv,0.9096007450599287,0.8370690521890138,2.2182539682539684,0.9018759833936789
