Technique,AUC,Credibility,LagGlobal,MAP
50Traced_NONETRACED_MEDIAN_SINGLE_VSM_29_MEDIAN.csv,0.778560630601447,0.6758214285714286,2.2936507936507935,0.6795879018177791
