Technique,AUC,Credibility,LagGlobal,MAP
50Traced_NONETRACED_RFNONE_MULTI_VSM_68_MAX.csv,0.9053254238203218,0.8332985714285714,2.2182539682539684,0.8548259215581747
