Technique,AUC,Credibility,LagGlobal,MAP
50Traced_NONETRACED_RFSMOTE_RAW_LSA_99_SUM.csv,0.8500836842673578,0.7565555255830683,2.2182539682539684,0.7863165280249846
