Technique,AUC,Credibility,LagGlobal,MAP
50Traced_NONETRACED_MAX_MULTI_VSM_94_MAX.csv,0.9621801101392938,0.7440279761904762,2.3015873015873014,0.9471923546281105
