Technique,AUC,Credibility,LagGlobal,MAP
50Traced_NONETRACED_SUM_MULTI_VSM_61_SUM.csv,0.9400881384299752,0.723943191673596,1.5515873015873016,0.889136064656291
