Technique,AUC,Credibility,LagGlobal,MAP
50Traced_NONETRACED_SUM_SINGLE_VSM_34_SUM.csv,0.9631687992657381,0.747832225876371,1.496031746031746,0.9318242858937803
