Technique,AUC,Credibility,LagGlobal,MAP
50Traced_NONETRACED_RFNONE_RAW_LSA_74_SUM.csv,0.9016709858546593,0.7982243396398867,2.2936507936507935,0.881306022222007
