Technique,AUC,Credibility,LagGlobal,MAP
50Traced_NONETRACED_RFNONE_RAW_VSM_39_MEDIAN.csv,0.866051182377713,0.7906763095238095,2.2182539682539684,0.8381750664901587
