Technique,AUC,Credibility,LagGlobal,MAP
50Traced_NONETRACED_SUM_SINGLE_VSM_59_MEDIAN.csv,0.9660302613108736,-0.2874670238095238,0.8055555555555556,0.9173253191577334
