Technique,AUC,Credibility,LagGlobal,MAP
50Traced_NONETRACED_RFSMOTE_MULTI_VSM_8_SUM.csv,0.8845629521649929,0.7738511866678853,2.2222222222222223,0.788647630577804
