Technique,AUC,Credibility,LagGlobal,MAP
50Traced_NONETRACED_RFNONE_RAW_VSM_1_SUM.csv,0.9203379764604255,0.8203125095207628,2.2182539682539684,0.9092604195650338
