Technique,AUC,Credibility,LagGlobal,MAP
50Traced_NONETRACED_RFUNDER_MULTI_VSM_17_SUM.csv,0.8987251646690422,0.8088875940651372,2.2182539682539684,0.8153472224322835
