Technique,AUC,Credibility,LagGlobal,MAP
50Traced_NONETRACED_MAX_RAW_LSA_77_SUM.csv,0.9486455296404277,0.773197561731056,1.8928571428571428,0.9249356800221905
