Technique,AUC,Credibility,LagGlobal,MAP
50Traced_NONETRACED_RFNONE_RAW_VSM_82_SUM.csv,0.905008233452111,0.8012709837613868,2.2182539682539684,0.8812187174867928
