Technique,AUC,Credibility,LagGlobal,MAP
50Traced_NONETRACED_RFSMOTE_MULTI_VSM_86_SUM.csv,0.8683693715581471,0.7744227547696603,2.2182539682539684,0.791725078687569
