Technique,AUC,Credibility,LagGlobal,MAP
50Traced_NONETRACED_RFNONE_MULTI_LSA_86_MAX.csv,0.9155565003779291,0.8345628571428572,2.2936507936507935,0.8346859324408813
