Technique,AUC,Credibility,LagGlobal,MAP
50Traced_NONETRACED_RFUNDER_MULTI_VSM_13_SUM.csv,0.9139806716337329,0.8264057977637632,2.2182539682539684,0.8512080522101464
