Technique,AUC,Credibility,LagGlobal,MAP
50Traced_NONETRACED_RFSMOTE_SINGLE_LSA_17_MEDIAN.csv,0.8080222168232372,0.6990242857142858,2.2936507936507935,0.6917096343372536
