Technique,AUC,Credibility,LagGlobal,MAP
50Traced_NONETRACED_RFNONE_SINGLE_LSA_18_SUM.csv,0.8826631843213476,0.8162421167190669,2.2936507936507935,0.8700319402442912
