Technique,AUC,Credibility,LagGlobal,MAP
50Traced_NONETRACED_MAX_RAW_LSA_29_MEDIAN.csv,0.9475184915235937,0.7886266666666667,1.9444444444444444,0.9253686467189196
