Technique,AUC,Credibility,LagGlobal,MAP
50Traced_NONETRACED_RFSMOTE_MULTI_VSM_7_SUM.csv,0.8999568081200735,0.7867994241842611,2.2182539682539684,0.7953192325380662
