Technique,AUC,Credibility,LagGlobal,MAP
50Traced_NONETRACED_RFSMOTE_RAW_LSA_66_SUM.csv,0.8898573318216175,0.8066026109740121,2.2182539682539684,0.8624718746994199
