Technique,AUC,Credibility,LagGlobal,MAP
50Traced_NONETRACED_SUM_MULTI_VSM_35_MEDIAN.csv,0.9499851527912753,-0.24894261904761905,2.1626984126984126,0.9146604302906175
