Technique,AUC,Credibility,LagGlobal,MAP
50Traced_NONETRACED_RFUNDER_MULTI_VSM_69_MAX.csv,0.877176465824425,0.7848457142857143,2.2222222222222223,0.6811204075601089
