Technique,AUC,Credibility,LagGlobal,MAP
50Traced_NONETRACED_RFNONE_RAW_LSA_36_SUM.csv,0.9022986178598424,0.7967010175791366,2.2936507936507935,0.8850185662161019
