Technique,AUC,Credibility,LagGlobal,MAP
50Traced_NONETRACED_RFSMOTE_MULTI_VSM_53_MEDIAN.csv,0.8557289979483858,0.7848002380952381,2.2936507936507935,0.7889615211967128
