Technique,AUC,Credibility,LagGlobal,MAP
50Traced_NONETRACED_SUM_RAW_VSM_61_SUM.csv,0.9597640643559011,0.7303444433917721,1.496031746031746,0.9329797639756681
