Technique,AUC,Credibility,LagGlobal,MAP
50Traced_NONETRACED_RFUNDER_RAW_LSA_93_SUM.csv,0.8782562628225894,0.8073642720043872,2.2936507936507935,0.8585901025981969
