Technique,AUC,Credibility,LagGlobal,MAP
50Traced_NONETRACED_RFSMOTE_MULTI_VSM_34_MEDIAN.csv,0.8325774754346182,0.7315241666666666,2.2936507936507935,0.7372330469506311
