Technique,AUC,Credibility,LagGlobal,MAP
50Traced_NONETRACED_RFUNDER_RAW_LSA_45_SUM.csv,0.9201051452326963,0.8203125095207628,2.123015873015873,0.8948938865360567
