Technique,AUC,Credibility,LagGlobal,MAP
50Traced_NONETRACED_MAX_RAW_LSA_83_MAX.csv,0.9393896447467877,0.781969880952381,2.0595238095238093,0.9170403661026922
