Technique,AUC,Credibility,LagGlobal,MAP
50Traced_NONETRACED_RFSMOTE_MULTI_VSM_46_SUM.csv,0.8753678058524997,0.7689938731192802,2.2936507936507935,0.7978116612498302
