Technique,AUC,Credibility,LagGlobal,MAP
50Traced_NONETRACED_SUM_MULTI_VSM_37_SUM.csv,0.9430137134218767,0.7302510340371187,1.630952380952381,0.8990401478826673
