Technique,AUC,Credibility,LagGlobal,MAP
50Traced_NONETRACED_MAX_RAW_VSM_77_SUM.csv,0.957624716553288,0.7794547466422467,1.5714285714285714,0.936065036851697
