Technique,AUC,Credibility,LagGlobal,MAP
50Traced_NONETRACED_SUM_SINGLE_VSM_11_SUM.csv,0.9649943310657596,0.7484739697437678,1.2103174603174602,0.9313029677498835
