Technique,AUC,Credibility,LagGlobal,MAP
50Traced_NONETRACED_SUM_RAW_VSM_39_SUM.csv,0.9675892182269732,0.7440462162410707,1.7063492063492063,0.9383613088977508
