Technique,AUC,Credibility,LagGlobal,MAP
50Traced_NONETRACED_RFUNDER_MULTI_LSA_64_MAX.csv,0.9255311251484721,0.8504152380952381,2.2936507936507935,0.8744850804599484
