Technique,AUC,Credibility,LagGlobal,MAP
50Traced_NONETRACED_RFSMOTE_MULTI_LSA_43_MAX.csv,0.8775273998488284,0.8115464285714286,2.1587301587301586,0.8175109291342535
