Technique,AUC,Credibility,LagGlobal,MAP
50Traced_NONETRACED_MAX_RAW_VSM_36_SUM.csv,0.934081767627686,0.7676324923740353,1.8095238095238095,0.9068683806621689
