Technique,AUC,Credibility,LagGlobal,MAP
50Traced_NONETRACED_SUM_SINGLE_VSM_50_SUM.csv,0.9575639779721412,0.7532040732830405,1.8928571428571428,0.9181551767234157
