Technique,AUC,Credibility,LagGlobal,MAP
50Traced_NONETRACED_RFUNDER_SINGLE_LSA_4_MAX.csv,0.9148208886729295,0.8414426190476191,2.0476190476190474,0.8988877499367599
