Technique,AUC,Credibility,LagGlobal,MAP
50Traced_NONETRACED_RFUNDER_RAW_VSM_80_MAX.csv,0.8635541518194578,0.8035982142857143,2.2936507936507935,0.8410143192205738
