Technique,AUC,Credibility,LagGlobal,MAP
50Traced_NONETRACED_MEDIAN_RAW_VSM_74_SUM.csv,0.7798361408055285,0.6640854039100585,2.2936507936507935,0.6838792075859828
