Technique,AUC,Credibility,LagGlobal,MAP
50Traced_NONETRACED_SUM_MULTI_LSA_4_SUM.csv,0.9433578987150416,0.7279612060127131,1.2301587301587302,0.8914786831486193
