Technique,AUC,Credibility,LagGlobal,MAP
50Traced_NONETRACED_RFSMOTE_MULTI_VSM_95_MAX.csv,0.9014145340675953,0.8199022619047619,2.1547619047619047,0.8282942612808729
