Technique,AUC,Credibility,LagGlobal,MAP
50Traced_NONETRACED_MEDIAN_MULTI_VSM_1_SUM.csv,0.7816380520462153,0.6646497675055807,2.2976190476190474,0.6785876659921338
