Technique,AUC,Credibility,LagGlobal,MAP
50Traced_NONETRACED_RFNONE_MULTI_LSA_71_SUM.csv,0.930228242090487,0.8317374249763885,2.1547619047619047,0.9046113524151289
