Technique,AUC,Credibility,LagGlobal,MAP
50Traced_NONETRACED_RFNONE_SINGLE_LSA_65_MEDIAN.csv,0.9042287549940611,0.8345786904761905,2.2182539682539684,0.8936922314888125
