Technique,AUC,Credibility,LagGlobal,MAP
50Traced_NONETRACED_RFNONE_SINGLE_LSA_85_MAX.csv,0.8724321077637404,0.8018342857142857,2.2182539682539684,0.8507557939262524
