Technique,AUC,Credibility,LagGlobal,MAP
50Traced_NONETRACED_MAX_SINGLE_LSA_45_MAX.csv,0.9681459885541519,0.7431329761904762,1.0833333333333333,0.9481390911028478
