Technique,AUC,Credibility,LagGlobal,MAP
50Traced_NONETRACED_MAX_SINGLE_LSA_97_MAX.csv,0.981474732750243,0.7420284523809524,1.1785714285714286,0.9672160344350708
