Technique,AUC,Credibility,LagGlobal,MAP
50Traced_NONETRACED_RFUNDER_MULTI_VSM_64_SUM.csv,0.9117535903250189,0.8142192212777626,2.2182539682539684,0.8440862452369481
