Technique,AUC,Credibility,LagGlobal,MAP
50Traced_NONETRACED_RFUNDER_SINGLE_VSM_57_MAX.csv,0.8896818648094158,0.8339733333333333,2.2182539682539684,0.8609319535295791
