Technique,AUC,Credibility,LagGlobal,MAP
50Traced_NONETRACED_RFSMOTE_MULTI_VSM_79_SUM.csv,0.8849105118237771,0.8022894071028593,2.2976190476190474,0.8438912691842188
