Technique,AUC,Credibility,LagGlobal,MAP
50Traced_NONETRACED_RFNONE_MULTI_VSM_63_SUM.csv,0.9049677410646799,0.8324990860067636,2.2182539682539684,0.8865065949056383
