Technique,AUC,Credibility,LagGlobal,MAP
50Traced_NONETRACED_RFNONE_RAW_VSM_85_SUM.csv,0.9141426411834574,0.8104109161258873,2.2936507936507935,0.8944249932821466
