Technique,AUC,Credibility,LagGlobal,MAP
50Traced_NONETRACED_MAX_SINGLE_VSM_27_MEDIAN.csv,0.9736428301479322,0.7444114285714286,0.9563492063492064,0.9533067515239624
