Technique,AUC,Credibility,LagGlobal,MAP
50Traced_NONETRACED_RFSMOTE_RAW_VSM_82_SUM.csv,0.8467498110355254,0.760431278254237,2.2182539682539684,0.7845790479795096
