Technique,AUC,Credibility,LagGlobal,MAP
50Traced_NONETRACED_RFSMOTE_SINGLE_LSA_44_SUM.csv,0.821691771946874,0.7116361275308976,2.2182539682539684,0.7337829635768041
