Technique,AUC,Credibility,LagGlobal,MAP
50Traced_NONETRACED_RFSMOTE_SINGLE_LSA_80_MAX.csv,0.8695031584062196,0.7806366666666666,2.2182539682539684,0.837933833478127
