Technique,AUC,Credibility,LagGlobal,MAP
50Traced_NONETRACED_MAX_MULTI_VSM_0_MEDIAN.csv,0.9603208346830796,0.7353211904761905,1.630952380952381,0.9389190444723472
