Technique,AUC,Credibility,LagGlobal,MAP
50Traced_NONETRACED_MAX_RAW_LSA_13_MEDIAN.csv,0.9636817028398661,0.8016517857142857,1.9603174603174602,0.9475482124429816
