Technique,AUC,Credibility,LagGlobal,MAP
50Traced_NONETRACED_SUM_SINGLE_VSM_13_SUM.csv,0.9640866267141777,0.7430839553006003,1.7738095238095237,0.9422223759971723
