Technique,AUC,Credibility,LagGlobal,MAP
50Traced_NONETRACED_RFSMOTE_SINGLE_LSA_66_MAX.csv,0.8765589569160999,0.7660097619047619,2.2936507936507935,0.8131958596341812
