Technique,AUC,Credibility,LagGlobal,MAP
50Traced_NONETRACED_MEDIAN_RAW_VSM_80_SUM.csv,0.783426465824425,0.6667294128657358,2.2936507936507935,0.6874362553059976
