Technique,AUC,Credibility,LagGlobal,MAP
50Traced_NONETRACED_RFUNDER_MULTI_LSA_62_SUM.csv,0.8886054421768708,0.8073642720043872,2.2182539682539684,0.8283743126994347
