Technique,AUC,Credibility,LagGlobal,MAP
50Traced_NONETRACED_MAX_RAW_LSA_64_SUM.csv,0.9362987258395422,0.7600447914487324,2.2777777777777777,0.9154517425206566
