Technique,AUC,Credibility,LagGlobal,MAP
50Traced_NONETRACED_MEDIAN_SINGLE_LSA_33_SUM.csv,0.782518761472843,0.6648263976993994,2.2976190476190474,0.6877835778659659
