Technique,AUC,Credibility,LagGlobal,MAP
50Traced_NONETRACED_MEDIAN_SINGLE_VSM_9_SUM.csv,0.7832881168340352,0.665138501226423,2.2976190476190474,0.6872596662003291
