Technique,AUC,Credibility,LagGlobal,MAP
50Traced_NONETRACED_RFSMOTE_SINGLE_VSM_79_SUM.csv,0.894112406867509,0.7945871723282146,2.2182539682539684,0.8532025429157346
