Technique,AUC,Credibility,LagGlobal,MAP
50Traced_NONETRACED_RFSMOTE_MULTI_VSM_35_SUM.csv,0.9174292732966203,0.821074170551138,2.2182539682539684,0.8624731060332175
