Technique,AUC,Credibility,LagGlobal,MAP
50Traced_NONETRACED_MEDIAN_SINGLE_VSM_58_SUM.csv,0.7807438451571104,0.6647889706504271,2.2976190476190474,0.6843824647696549
