Technique,AUC,Credibility,LagGlobal,MAP
50Traced_NONETRACED_MEDIAN_MULTI_VSM_49_SUM.csv,0.7862744304070834,0.6647280724012518,2.242063492063492,0.6913025424396375
