Technique,AUC,Credibility,LagGlobal,MAP
50Traced_NONETRACED_SUM_SINGLE_LSA_47_SUM.csv,0.9554280045351474,0.7449823661062345,1.9603174603174602,0.9251720011729281
