Technique,AUC,Credibility,LagGlobal,MAP
50Traced_NONETRACED_MAX_SINGLE_VSM_19_MAX.csv,0.9749115916207752,0.7304098809523809,0.9404761904761905,0.9577653583796409
