Technique,AUC,Credibility,LagGlobal,MAP
50Traced_NONETRACED_RFSMOTE_SINGLE_LSA_36_MEDIAN.csv,0.8641615376309253,0.7502110714285715,2.2222222222222223,0.7883838736516047
