Technique,AUC,Credibility,LagGlobal,MAP
50Traced_NONETRACED_RFUNDER_MULTI_VSM_38_MAX.csv,0.8876167530504264,0.7844785714285715,1.8888888888888888,0.6810250598810255
