Technique,AUC,Credibility,LagGlobal,MAP
50Traced_NONETRACED_MAX_MULTI_LSA_21_SUM.csv,0.9716013389482777,0.7553271482003205,1.626984126984127,0.9565602977000445
