Technique,AUC,Credibility,LagGlobal,MAP
50Traced_NONETRACED_RFNONE_MULTI_VSM_85_SUM.csv,0.8987386621315192,0.821074170551138,2.2936507936507935,0.8618711141373002
