Technique,AUC,Credibility,LagGlobal,MAP
50Traced_NONETRACED_RFNONE_SINGLE_VSM_5_SUM.csv,0.8800244304070834,0.7997476617006367,2.2182539682539684,0.8585873593395331
