Technique,AUC,Credibility,LagGlobal,MAP
50Traced_NONETRACED_MEDIAN_MULTI_LSA_98_SUM.csv,0.785525321239607,0.6645761454739404,2.2936507936507935,0.6860567366234802
