Technique,AUC,Credibility,LagGlobal,MAP
50Traced_NONETRACED_RFNONE_MULTI_VSM_92_MEDIAN.csv,0.9125904329985963,0.836594880952381,2.1547619047619047,0.8769521007285027
