Technique,AUC,Credibility,LagGlobal,MAP
50Traced_NONETRACED_MEDIAN_MULTI_VSM_87_SUM.csv,0.7830654087031639,0.663346053721453,2.3015873015873014,0.6893512411661599
