Technique,AUC,Credibility,LagGlobal,MAP
50Traced_NONETRACED_MAX_MULTI_VSM_56_SUM.csv,0.9712875229456862,0.7492479453921286,0.9563492063492064,0.9509253489583164
