Technique,AUC,Credibility,LagGlobal,MAP
50Traced_NONETRACED_MEDIAN_MULTI_LSA_46_SUM.csv,0.7825187614728433,0.6629959967031673,2.3015873015873014,0.6798713966999194
