Technique,AUC,Credibility,LagGlobal,MAP
50Traced_NONETRACED_RFUNDER_RAW_VSM_50_SUM.csv,0.8756377551020407,0.8058409499436371,2.2936507936507935,0.8549598148880866
