Technique,AUC,Credibility,LagGlobal,MAP
50Traced_NONETRACED_RFUNDER_MULTI_VSM_47_SUM.csv,0.9233985260770975,0.8309757639460135,2.1825396825396823,0.8735629647999519
