Technique,AUC,Credibility,LagGlobal,MAP
50Traced_NONETRACED_MEDIAN_RAW_LSA_23_SUM.csv,0.7827212234099991,0.6643866413822166,2.3015873015873014,0.6851417910280737
