Technique,AUC,Credibility,LagGlobal,MAP
50Traced_NONETRACED_RFSMOTE_SINGLE_VSM_60_SUM.csv,0.8824607223841917,0.7960882028289894,2.123015873015873,0.8401351975743099
