Technique,AUC,Credibility,LagGlobal,MAP
50Traced_NONETRACED_RFSMOTE_RAW_VSM_67_MAX.csv,0.8783001295756399,0.7862605952380952,2.1666666666666665,0.7911331918403922
