Technique,AUC,Credibility,LagGlobal,MAP
50Traced_NONETRACED_MAX_RAW_VSM_95_MAX.csv,0.9527555069646907,0.7845851190476191,2.2261904761904763,0.9343161219095815
