Technique,AUC,Credibility,LagGlobal,MAP
50Traced_NONETRACED_MAX_RAW_VSM_79_MAX.csv,0.9808977162293488,0.813225,1.4801587301587302,0.9699420127294007
