Technique,AUC,Credibility,LagGlobal,MAP
50Traced_NONETRACED_MAX_MULTI_LSA_39_MEDIAN.csv,0.9776043353849476,0.756325,1.3888888888888888,0.9673372266190885
