Technique,AUC,Credibility,LagGlobal,MAP
50Traced_NONETRACED_MEDIAN_SINGLE_VSM_68_SUM.csv,0.7837031638052046,0.665195593335025,2.2936507936507935,0.687189318277433
