Technique,AUC,Credibility,LagGlobal,MAP
50Traced_NONETRACED_SUM_SINGLE_VSM_35_MEDIAN.csv,0.9742569646906383,-0.22318535714285714,1.0436507936507937,0.9432362516251241
