Technique,AUC,Credibility,LagGlobal,MAP
50Traced_NONETRACED_SUM_SINGLE_LSA_67_SUM.csv,0.951402386351366,0.7479780955434612,1.369047619047619,0.9133927725906131
