Technique,AUC,Credibility,LagGlobal,MAP
50Traced_NONETRACED_RFNONE_MULTI_LSA_83_SUM.csv,0.8827104254400172,0.8180275264296377,2.2182539682539684,0.8571399981257903
