Technique,AUC,Credibility,LagGlobal,MAP
50Traced_NONETRACED_RFUNDER_SINGLE_LSA_91_MEDIAN.csv,0.9284465770435157,0.8568591666666666,2.1785714285714284,0.9241458793750639
