Technique,AUC,Credibility,LagGlobal,MAP
50Traced_NONETRACED_SUM_RAW_LSA_46_MAX.csv,0.943300534499514,0.5089328571428572,1.373015873015873,0.9088845291039628
