Technique,AUC,Credibility,LagGlobal,MAP
50Traced_NONETRACED_RFNONE_RAW_LSA_50_SUM.csv,0.848359383435914,0.7837527800627608,2.2182539682539684,0.8188385124666042
