Technique,AUC,Credibility,LagGlobal,MAP
50Traced_NONETRACED_SUM_RAW_LSA_7_MAX.csv,0.9484734369938451,0.4130367857142857,2.0198412698412698,0.9213498026046958
