Technique,AUC,Credibility,LagGlobal,MAP
50Traced_NONETRACED_RFSMOTE_SINGLE_VSM_69_MAX.csv,0.864475353633517,0.7864971428571429,2.2182539682539684,0.8085421369707213
