Technique,AUC,Credibility,LagGlobal,MAP
50Traced_NONETRACED_MAX_MULTI_VSM_79_SUM.csv,0.9495498596263902,0.7237391607134834,2.1825396825396823,0.9296416456915196
