Technique,AUC,Credibility,LagGlobal,MAP
50Traced_NONETRACED_MAX_SINGLE_VSM_91_MEDIAN.csv,0.9798145448655653,0.7448435714285714,1.0595238095238095,0.9643707315057459
