Technique,AUC,Credibility,LagGlobal,MAP
50Traced_NONETRACED_RFNONE_MULTI_LSA_41_SUM.csv,0.9143687236799481,0.8309757639460135,2.2182539682539684,0.890343178703314
