Technique,AUC,Credibility,LagGlobal,MAP
50Traced_NONETRACED_RFSMOTE_MULTI_LSA_67_MAX.csv,0.8574634218766873,0.7875958333333334,2.2936507936507935,0.7882113864513292
