Technique,AUC,Credibility,LagGlobal,MAP
50Traced_NONETRACED_RFSMOTE_MULTI_LSA_23_MAX.csv,0.865706997084548,0.7391435714285715,2.2936507936507935,0.7314615944355735
