Technique,AUC,Credibility,LagGlobal,MAP
50Traced_NONETRACED_RFUNDER_MULTI_LSA_82_MAX.csv,0.8893545513443473,0.8234708333333334,2.2936507936507935,0.7863628071038513
