Technique,AUC,Credibility,LagGlobal,MAP
50Traced_NONETRACED_RFUNDER_RAW_VSM_10_MEDIAN.csv,0.9029768653493144,0.8265566666666667,2.2182539682539684,0.8796026704411888
