Technique,AUC,Credibility,LagGlobal,MAP
50Traced_NONETRACED_MEDIAN_SINGLE_LSA_94_MEDIAN.csv,0.778202947845805,0.6757703571428572,2.2936507936507935,0.6795028130177516
