Technique,AUC,Credibility,LagGlobal,MAP
50Traced_NONETRACED_MAX_SINGLE_VSM_5_SUM.csv,0.9737508098477486,0.7309169552337784,0.9880952380952381,0.9528142660856842
