Technique,AUC,Credibility,LagGlobal,MAP
50Traced_NONETRACED_MEDIAN_RAW_LSA_95_SUM.csv,0.7803051776266061,0.6639556373170938,2.2896825396825395,0.6845174765139093
