Technique,AUC,Credibility,LagGlobal,MAP
50Traced_NONETRACED_SUM_RAW_LSA_29_SUM.csv,0.9524956808120074,0.7387050448404028,1.5952380952380953,0.9206866711682381
