Technique,AUC,Credibility,LagGlobal,MAP
50Traced_NONETRACED_RFUNDER_RAW_LSA_47_MEDIAN.csv,0.8979659324047079,0.8228790476190476,2.2182539682539684,0.8742868306376188
