Technique,AUC,Credibility,LagGlobal,MAP
50Traced_NONETRACED_MAX_SINGLE_LSA_60_SUM.csv,0.968635271568945,0.7344512011655344,1.4642857142857142,0.9462343585911689
