Technique,AUC,Credibility,LagGlobal,MAP
50Traced_NONETRACED_RFNONE_RAW_VSM_16_MEDIAN.csv,0.8552262174711154,0.7681683333333333,2.2182539682539684,0.8201055578317474
