Technique,AUC,Credibility,LagGlobal,MAP
50Traced_NONETRACED_SUM_MULTI_VSM_36_MEDIAN.csv,0.9381951193175683,-0.23736142857142858,1.5357142857142858,0.8894014184505953
