Technique,AUC,Credibility,LagGlobal,MAP
50Traced_NONETRACED_RFSMOTE_RAW_LSA_32_MEDIAN.csv,0.8889260069107008,0.8039572619047619,2.1547619047619047,0.8131903434483945
