Technique,AUC,Credibility,LagGlobal,MAP
50Traced_NONETRACED_RFNONE_SINGLE_VSM_9_SUM.csv,0.8946590540978298,0.8195508484903878,2.2936507936507935,0.8817181192744807
