Technique,AUC,Credibility,LagGlobal,MAP
50Traced_NONETRACED_SUM_MULTI_LSA_12_SUM.csv,0.9368386243386243,0.7277639829852219,1.7698412698412698,0.8942056595924274
