Technique,AUC,Credibility,LagGlobal,MAP
50Traced_NONETRACED_RFNONE_SINGLE_VSM_20_MEDIAN.csv,0.9065806878306878,0.8387044047619048,2.2182539682539684,0.8913798732184297
