Technique,AUC,Credibility,LagGlobal,MAP
50Traced_NONETRACED_SUM_RAW_LSA_28_SUM.csv,0.9418090648957996,0.7435703025184608,2.1468253968253967,0.9119343201202718
