Technique,AUC,Credibility,LagGlobal,MAP
50Traced_NONETRACED_RFSMOTE_SINGLE_VSM_53_SUM.csv,0.8876268761472843,0.7883227462450111,2.2182539682539684,0.8484819383988443
