Technique,AUC,Credibility,LagGlobal,MAP
50Traced_NONETRACED_RFNONE_MULTI_LSA_74_MAX.csv,0.88361475542598,0.8155202380952381,2.2182539682539684,0.8598078847042323
