Technique,AUC,Credibility,LagGlobal,MAP
50Traced_NONETRACED_SUM_RAW_VSM_84_SUM.csv,0.9399632869020624,0.7413306336798893,2.2777777777777777,0.9204643196252861
