Technique,AUC,Credibility,LagGlobal,MAP
50Traced_NONETRACED_RFSMOTE_SINGLE_VSM_65_SUM.csv,0.9041443958535795,0.822597492611888,2.2936507936507935,0.8816131831482517
