Technique,AUC,Credibility,LagGlobal,MAP
50Traced_NONETRACED_RFNONE_MULTI_LSA_32_MAX.csv,0.9055919987042436,0.8289764285714286,2.1785714285714284,0.8531239485334855
