Technique,AUC,Credibility,LagGlobal,MAP
50Traced_NONETRACED_MAX_MULTI_VSM_91_SUM.csv,0.9639347802613109,0.7429908584213084,1.623015873015873,0.9461712236197006
