Technique,AUC,Credibility,LagGlobal,MAP
50Traced_NONETRACED_MAX_MULTI_LSA_8_MAX.csv,0.9813228862973762,0.7568805952380953,1.4047619047619047,0.9677565199735627
