Technique,AUC,Credibility,LagGlobal,MAP
50Traced_NONETRACED_SUM_RAW_LSA_20_MAX.csv,0.9473632707051074,0.5236889285714286,1.876984126984127,0.9198515945431265
