Technique,AUC,Credibility,LagGlobal,MAP
50Traced_NONETRACED_RFUNDER_MULTI_LSA_59_SUM.csv,0.8724624770543138,0.7692812204856351,2.2222222222222223,0.7805679645714247
