Technique,AUC,Credibility,LagGlobal,MAP
50Traced_NONETRACED_RFSMOTE_RAW_VSM_35_SUM.csv,0.8697359896339488,0.7822294580020108,2.2936507936507935,0.8336491330751048
