Technique,AUC,Credibility,LagGlobal,MAP
50Traced_NONETRACED_SUM_SINGLE_VSM_92_SUM.csv,0.9497489471979269,0.7453931177325994,1.1468253968253967,0.9044988140465842
