Technique,AUC,Credibility,LagGlobal,MAP
50Traced_NONETRACED_MAX_RAW_LSA_79_MEDIAN.csv,0.9473868912644423,0.7839378571428571,2.015873015873016,0.9262258275768411
