Technique,AUC,Credibility,LagGlobal,MAP
50Traced_NONETRACED_MAX_MULTI_LSA_51_SUM.csv,0.9559274106467984,0.7476639542721032,2.0793650793650795,0.9383407114804743
