Technique,AUC,Credibility,LagGlobal,MAP
50Traced_NONETRACED_RFSMOTE_RAW_LSA_62_MAX.csv,0.8737278641615377,0.7938841666666666,2.2182539682539684,0.8116396181549512
