Technique,AUC,Credibility,LagGlobal,MAP
50Traced_NONETRACED_RFUNDER_SINGLE_VSM_27_SUM.csv,0.9124014685239175,0.8355457301282637,2.1547619047619047,0.900866535719022
