Technique,AUC,Credibility,LagGlobal,MAP
50Traced_NONETRACED_RFNONE_SINGLE_LSA_6_SUM.csv,0.8823864863405679,0.7829106437470157,2.2182539682539684,0.8466344862852219
