Technique,AUC,Credibility,LagGlobal,MAP
50Traced_NONETRACED_RFSMOTE_RAW_LSA_1_SUM.csv,0.893626498218335,0.8005093227310118,2.0476190476190474,0.8651709132724867
