Technique,AUC,Credibility,LagGlobal,MAP
50Traced_NONETRACED_MAX_MULTI_VSM_62_SUM.csv,0.9481360004319188,0.7301161199619248,2.142857142857143,0.930404276724262
