Technique,AUC,Credibility,LagGlobal,MAP
50Traced_NONETRACED_SUM_RAW_VSM_83_MAX.csv,0.9411949303530935,0.46375285714285713,2.0436507936507935,0.9134650751172064
