Technique,AUC,Credibility,LagGlobal,MAP
50Traced_NONETRACED_RFSMOTE_SINGLE_VSM_24_MAX.csv,0.8845697008962314,0.7638199999999999,2.0515873015873014,0.8058730373852115
