Technique,AUC,Credibility,LagGlobal,MAP
50Traced_NONETRACED_MAX_MULTI_LSA_0_MAX.csv,0.9714224975704568,0.7616108333333333,2.134920634920635,0.964313394905485
