Technique,AUC,Credibility,LagGlobal,MAP
50Traced_NONETRACED_SUM_MULTI_LSA_46_MAX.csv,0.9474577529424468,-0.1515345238095238,0.9523809523809523,0.888848520496099
