Technique,AUC,Credibility,LagGlobal,MAP
50Traced_NONETRACED_MAX_SINGLE_LSA_70_SUM.csv,0.971118804664723,0.7273999791573901,1.2103174603174602,0.9514529088995647
