Technique,AUC,Credibility,LagGlobal,MAP
50Traced_NONETRACED_MAX_MULTI_LSA_66_SUM.csv,0.9463374635568513,0.7413893795412757,2.2222222222222223,0.919884434100001
