Technique,AUC,Credibility,LagGlobal,MAP
50Traced_NONETRACED_SUM_SINGLE_LSA_77_SUM.csv,0.9587854983263147,0.748264028048992,1.2103174603174602,0.9217712664646337
