Technique,AUC,Credibility,LagGlobal,MAP
50Traced_NONETRACED_MEDIAN_SINGLE_VSM_71_SUM.csv,0.7843172983479105,0.6667571682314134,2.2936507936507935,0.695418745273128
