Technique,AUC,Credibility,LagGlobal,MAP
50Traced_NONETRACED_MAX_SINGLE_LSA_2_MEDIAN.csv,0.9812520246193716,0.7394079761904762,0.8690476190476191,0.9665841604026111
