Technique,AUC,Credibility,LagGlobal,MAP
50Traced_NONETRACED_SUM_MULTI_LSA_53_SUM.csv,0.9295837382572076,0.7269769164690765,1.6150793650793651,0.8696300185329482
