Technique,AUC,Credibility,LagGlobal,MAP
50Traced_NONETRACED_SUM_MULTI_VSM_58_MAX.csv,0.9525564193931539,-0.17695869047619048,1.7261904761904763,0.9161938718710655
