Technique,AUC,Credibility,LagGlobal,MAP
50Traced_NONETRACED_MAX_MULTI_VSM_67_MEDIAN.csv,0.9545911618615701,0.7481703571428572,2.1865079365079363,0.9371080197246551
