Technique,AUC,Credibility,LagGlobal,MAP
50Traced_NONETRACED_RFNONE_RAW_LSA_9_MEDIAN.csv,0.8990086113810605,0.8088022619047619,2.2182539682539684,0.8791768534298458
