Technique,AUC,Credibility,LagGlobal,MAP
50Traced_NONETRACED_RFUNDER_SINGLE_LSA_95_SUM.csv,0.9085141993305259,0.8324990860067636,2.1547619047619047,0.8908292209237276
