Technique,AUC,Credibility,LagGlobal,MAP
50Traced_NONETRACED_MAX_RAW_VSM_11_MEDIAN.csv,0.9319390454594536,0.79353,2.003968253968254,0.9079883127112734
