Technique,AUC,Credibility,LagGlobal,MAP
50Traced_NONETRACED_RFSMOTE_SINGLE_VSM_94_MAX.csv,0.8293583306338408,0.7198829761904761,2.2936507936507935,0.708303205536303
