Technique,AUC,Credibility,LagGlobal,MAP
50Traced_NONETRACED_MAX_SINGLE_LSA_92_MAX.csv,0.9820483749055178,0.7412960714285715,0.7380952380952381,0.9687519296612923
