Technique,AUC,Credibility,LagGlobal,MAP
50Traced_NONETRACED_SUM_SINGLE_LSA_59_SUM.csv,0.9508219954648527,0.7454778114949684,1.3452380952380953,0.8986132497214401
