Technique,AUC,Credibility,LagGlobal,MAP
50Traced_NONETRACED_RFSMOTE_SINGLE_LSA_0_SUM.csv,0.874294757585574,0.7534223312148844,2.2182539682539684,0.8196964072958299
