Technique,AUC,Credibility,LagGlobal,MAP
50Traced_NONETRACED_RFNONE_RAW_LSA_47_MAX.csv,0.870147662239499,0.801929761904762,2.2182539682539684,0.8532129748695156
