Technique,AUC,Credibility,LagGlobal,MAP
50Traced_NONETRACED_MAX_RAW_VSM_97_MAX.csv,0.9573682647662239,0.7962958333333333,1.5833333333333333,0.9387538688315062
