Technique,AUC,Credibility,LagGlobal,MAP
50Traced_NONETRACED_MAX_MULTI_VSM_5_SUM.csv,0.9628381114350503,0.7511228175296683,1.4682539682539681,0.9373025110165856
