Technique,AUC,Credibility,LagGlobal,MAP
50Traced_NONETRACED_RFNONE_SINGLE_LSA_21_MAX.csv,0.8729821293596803,0.7809305952380953,2.2182539682539684,0.8426068980552572
