Technique,AUC,Credibility,LagGlobal,MAP
50Traced_NONETRACED_MAX_MULTI_LSA_44_SUM.csv,0.969377632005183,0.7516932413991237,1.1865079365079365,0.9479178352726713
