Technique,AUC,Credibility,LagGlobal,MAP
50Traced_NONETRACED_RFSMOTE_MULTI_VSM_75_MEDIAN.csv,0.8798624608573588,0.7949278571428572,2.2182539682539684,0.809341520055693
