Technique,AUC,Credibility,LagGlobal,MAP
50Traced_NONETRACED_RFSMOTE_SINGLE_LSA_67_MAX.csv,0.8694997840406004,0.7735932142857143,2.2182539682539684,0.8196422018055052
