Technique,AUC,Credibility,LagGlobal,MAP
50Traced_NONETRACED_RFSMOTE_MULTI_LSA_50_SUM.csv,0.8710891102472735,0.7577585625674218,2.2222222222222223,0.7807549031793383
