Technique,AUC,Credibility,LagGlobal,MAP
50Traced_NONETRACED_RFSMOTE_MULTI_VSM_90_MEDIAN.csv,0.9091418313357089,0.8388484523809524,2.2222222222222223,0.8838265805055728
