Technique,AUC,Credibility,LagGlobal,MAP
50Traced_NONETRACED_MEDIAN_SINGLE_VSM_61_SUM.csv,0.782977675197063,0.6715511128551463,2.2936507936507935,0.6807334481377518
