Technique,AUC,Credibility,LagGlobal,MAP
50Traced_NONETRACED_MEDIAN_MULTI_VSM_54_SUM.csv,0.7872496220710506,0.6652446502579717,2.2976190476190474,0.694252509645928
