Technique,AUC,Credibility,LagGlobal,MAP
50Traced_NONETRACED_RFSMOTE_SINGLE_LSA_66_SUM.csv,0.8774869074613973,0.7647112543033848,2.2936507936507935,0.8263461760602046
