Technique,AUC,Credibility,LagGlobal,MAP
50Traced_NONETRACED_RFUNDER_MULTI_VSM_36_MAX.csv,0.8946084386135407,0.824965,2.2182539682539684,0.8009846613510001
