Technique,AUC,Credibility,LagGlobal,MAP
50Traced_NONETRACED_SUM_MULTI_LSA_62_SUM.csv,0.9308187560738582,0.7301236831203911,2.138888888888889,0.8743122559158505
