Technique,AUC,Credibility,LagGlobal,MAP
50Traced_NONETRACED_RFSMOTE_SINGLE_LSA_36_SUM.csv,0.8654741658568188,0.7503805646036916,2.2222222222222223,0.8079880660854664
