Technique,AUC,Credibility,LagGlobal,MAP
50Traced_NONETRACED_MAX_MULTI_LSA_99_MEDIAN.csv,0.9569937101824857,0.7435648809523809,1.7301587301587302,0.9355269654792969
