Technique,AUC,Credibility,LagGlobal,MAP
50Traced_NONETRACED_MAX_MULTI_VSM_49_SUM.csv,0.9529782150955619,0.7531415158083464,2.1587301587301586,0.9346016247525814
