Technique,AUC,Credibility,LagGlobal,MAP
50Traced_NONETRACED_RFSMOTE_RAW_VSM_43_SUM.csv,0.8852310765576071,0.8096492550955123,2.2976190476190474,0.8699675936479648
