Technique,AUC,Credibility,LagGlobal,MAP
50Traced_NONETRACED_RFUNDER_RAW_VSM_42_SUM.csv,0.8750573642155275,0.8081259330347622,2.2936507936507935,0.8470585177501386
