Technique,AUC,Credibility,LagGlobal,MAP
50Traced_NONETRACED_SUM_MULTI_VSM_0_SUM.csv,0.9193999028182702,0.7251209077380952,1.8452380952380953,0.8565617073167568
