Technique,AUC,Credibility,LagGlobal,MAP
50Traced_NONETRACED_SUM_MULTI_LSA_65_SUM.csv,0.9632092916531693,0.7435363754703922,1.5714285714285714,0.9309773007268541
