Technique,AUC,Credibility,LagGlobal,MAP
50Traced_NONETRACED_SUM_MULTI_LSA_64_SUM.csv,0.9409486016628873,0.730351111605983,1.9642857142857142,0.8990943622299393
