Technique,AUC,Credibility,LagGlobal,MAP
50Traced_NONETRACED_SUM_RAW_LSA_22_SUM.csv,0.9617684375337436,0.7478790158252556,1.9126984126984128,0.9436719668996761
