Technique,AUC,Credibility,LagGlobal,MAP
50Traced_NONETRACED_RFUNDER_RAW_VSM_64_SUM.csv,0.9099449303530935,0.8203125095207628,2.2182539682539684,0.8948884627806823
