Technique,AUC,Credibility,LagGlobal,MAP
50Traced_NONETRACED_SUM_MULTI_LSA_27_SUM.csv,0.9339535417341539,0.73011306354169,2.1031746031746033,0.8794246223604961
