Technique,AUC,Credibility,LagGlobal,MAP
50Traced_NONETRACED_SUM_MULTI_VSM_3_SUM.csv,0.9483992009502213,0.731376488595035,2.130952380952381,0.9003938031776435
