Technique,AUC,Credibility,LagGlobal,MAP
50Traced_NONETRACED_MAX_SINGLE_LSA_51_MAX.csv,0.9827569916855632,0.7438341666666667,0.8174603174603174,0.9691940716367741
