Technique,AUC,Credibility,LagGlobal,MAP
50Traced_NONETRACED_RFUNDER_RAW_VSM_96_MAX.csv,0.8787219252780478,0.8179067857142858,2.2936507936507935,0.8647505126947094
