Technique,AUC,Credibility,LagGlobal,MAP
50Traced_NONETRACED_SUM_MULTI_VSM_93_SUM.csv,0.9591735503725299,0.7249356589015034,1.1150793650793651,0.9168286808700606
