Technique,AUC,Credibility,LagGlobal,MAP
50Traced_NONETRACED_RFUNDER_RAW_VSM_33_MAX.csv,0.8872219522729727,0.8098744047619048,2.2936507936507935,0.8117923781594889
