Technique,AUC,Credibility,LagGlobal,MAP
50Traced_NONETRACED_RFUNDER_SINGLE_LSA_15_SUM.csv,0.874871774106468,0.7906077293361362,2.2182539682539684,0.8369528215467791
