Technique,AUC,Credibility,LagGlobal,MAP
50Traced_NONETRACED_SUM_MULTI_LSA_3_SUM.csv,0.9269146150523702,0.725599251213814,2.0714285714285716,0.8772064465223799
