Technique,AUC,Credibility,LagGlobal,MAP
50Traced_NONETRACED_MAX_SINGLE_LSA_67_MAX.csv,0.9816265792031098,0.756332738095238,0.6825396825396826,0.9656933233610806
