Technique,AUC,Credibility,LagGlobal,MAP
50Traced_NONETRACED_MAX_RAW_VSM_12_SUM.csv,0.9543009664183133,0.777507397638428,1.4325396825396826,0.9327805882463268
