Technique,AUC,Credibility,LagGlobal,MAP
50Traced_NONETRACED_RFSMOTE_RAW_VSM_21_MAX.csv,0.8365727243278264,0.7512483333333333,2.2936507936507935,0.7304043224339648
