Technique,AUC,Credibility,LagGlobal,MAP
50Traced_NONETRACED_MEDIAN_MULTI_VSM_24_SUM.csv,0.7827684645286687,0.6646728833629366,2.2936507936507935,0.6885278497689213
