Technique,AUC,Credibility,LagGlobal,MAP
50Traced_NONETRACED_SUM_RAW_LSA_19_MEDIAN.csv,0.9433848936399956,0.4609442857142857,1.9722222222222223,0.9085197840446294
