Technique,AUC,Credibility,LagGlobal,MAP
50Traced_NONETRACED_MAX_RAW_LSA_54_SUM.csv,0.9631519274376417,0.7685932812123601,1.626984126984127,0.9429736714555323
