Technique,AUC,Credibility,LagGlobal,MAP
50Traced_NONETRACED_MAX_MULTI_LSA_9_SUM.csv,0.9510514523269625,0.7473336005124689,2.2777777777777777,0.9314325536040303
