Technique,AUC,Credibility,LagGlobal,MAP
50Traced_NONETRACED_RFNONE_SINGLE_VSM_88_MAX.csv,0.8731069808875931,0.8107723809523809,2.0476190476190474,0.847292371104665
