Technique,AUC,Credibility,LagGlobal,MAP
50Traced_NONETRACED_SUM_SINGLE_VSM_22_SUM.csv,0.9597168232372315,0.7455860982698422,1.0396825396825398,0.9188555673248597
