Technique,AUC,Credibility,LagGlobal,MAP
50Traced_NONETRACED_RFNONE_SINGLE_LSA_60_SUM.csv,0.9021906381600259,0.8157425433385126,2.2182539682539684,0.8839230332014789
