Technique,AUC,Credibility,LagGlobal,MAP
50Traced_NONETRACED_RFNONE_RAW_VSM_15_MEDIAN.csv,0.8868676438829499,0.7940766666666667,2.1785714285714284,0.8593981387704175
