Technique,AUC,Credibility,LagGlobal,MAP
50Traced_NONETRACED_SUM_RAW_LSA_51_SUM.csv,0.9530322049454703,0.7515823251202487,1.5396825396825398,0.9254335590655401
