Technique,AUC,Credibility,LagGlobal,MAP
50Traced_NONETRACED_RFSMOTE_MULTI_VSM_85_SUM.csv,0.8333029640427599,0.7231140529262188,2.2182539682539684,0.6904412803675278
