Technique,AUC,Credibility,LagGlobal,MAP
50Traced_NONETRACED_RFSMOTE_SINGLE_VSM_26_MEDIAN.csv,0.8247219522729727,0.7218013095238095,2.3015873015873014,0.7099347184206778
