Technique,AUC,Credibility,LagGlobal,MAP
50Traced_NONETRACED_MEDIAN_MULTI_LSA_26_MAX.csv,0.7810239175035092,0.6759609523809523,2.2936507936507935,0.6808817872869899
