Technique,AUC,Credibility,LagGlobal,MAP
50Traced_NONETRACED_SUM_SINGLE_VSM_12_SUM.csv,0.9506499028182701,0.7454391374988427,0.8928571428571429,0.8954761879218477
