Technique,AUC,Credibility,LagGlobal,MAP
50Traced_NONETRACED_RFNONE_MULTI_LSA_85_MAX.csv,0.9230880844401252,0.8496772619047619,2.2182539682539684,0.9074296444879316
