Technique,AUC,Credibility,LagGlobal,MAP
50Traced_NONETRACED_MEDIAN_RAW_LSA_86_SUM.csv,0.783247624446604,0.6645855535820012,2.2936507936507935,0.6847776615430163
