Technique,AUC,Credibility,LagGlobal,MAP
50Traced_NONETRACED_MEDIAN_MULTI_VSM_7_SUM.csv,0.7855658136270383,0.6651835405565424,2.2976190476190474,0.6894764197911523
