Technique,AUC,Credibility,LagGlobal,MAP
50Traced_NONETRACED_MAX_SINGLE_VSM_23_MEDIAN.csv,0.9682235989633948,0.7259996428571429,1.1587301587301588,0.947561653682805
