Technique,AUC,Credibility,LagGlobal,MAP
50Traced_NONETRACED_RFSMOTE_SINGLE_VSM_37_MEDIAN.csv,0.8919460641399417,0.8146653571428571,2.2182539682539684,0.864502924240224
