Technique,AUC,Credibility,LagGlobal,MAP
50Traced_NONETRACED_RFSMOTE_RAW_LSA_36_MEDIAN.csv,0.8796498758233452,0.8064508333333333,2.2936507936507935,0.8371815439202613
