Technique,AUC,Credibility,LagGlobal,MAP
50Traced_NONETRACED_RFSMOTE_RAW_LSA_7_SUM.csv,0.8600988014253321,0.7751983092911432,2.2936507936507935,0.8119523726696406
