Technique,AUC,Credibility,LagGlobal,MAP
50Traced_NONETRACED_RFUNDER_RAW_LSA_5_MAX.csv,0.8674549184753266,0.8057398809523809,2.2936507936507935,0.8202014401365991
