Technique,AUC,Credibility,LagGlobal,MAP
50Traced_NONETRACED_RFSMOTE_RAW_VSM_23_SUM.csv,0.8602371504157219,0.7837527800627608,2.2936507936507935,0.8156710537921036
