Technique,AUC,Credibility,LagGlobal,MAP
50Traced_NONETRACED_SUM_RAW_LSA_42_SUM.csv,0.9322697332901415,0.7388866017902196,2.2301587301587302,0.9014875158280622
