Technique,AUC,Credibility,LagGlobal,MAP
50Traced_NONETRACED_MAX_SINGLE_LSA_13_MEDIAN.csv,0.9799832631465285,0.7468455952380952,0.9801587301587301,0.9644425277936844
