Technique,AUC,Credibility,LagGlobal,MAP
50Traced_NONETRACED_RFNONE_SINGLE_VSM_2_SUM.csv,0.9236752240578772,0.8385923742497639,2.2182539682539684,0.9167223052483515
