Technique,AUC,Credibility,LagGlobal,MAP
50Traced_NONETRACED_MAX_RAW_LSA_99_MAX.csv,0.9530085843861353,0.78918,2.1746031746031744,0.9323838081445683
