Technique,AUC,Credibility,LagGlobal,MAP
50Traced_NONETRACED_RFNONE_SINGLE_LSA_95_SUM.csv,0.8885851959831552,0.8088875940651372,2.2182539682539684,0.8785115998399786
