Technique,AUC,Credibility,LagGlobal,MAP
50Traced_NONETRACED_SUM_RAW_VSM_46_SUM.csv,0.9518174333225352,0.7496941638534478,1.4603174603174602,0.9264812462585266
