Technique,AUC,Credibility,LagGlobal,MAP
50Traced_NONETRACED_MEDIAN_MULTI_VSM_27_MAX.csv,0.7782366915019977,0.675779880952381,2.2936507936507935,0.6795107654487806
