Technique,AUC,Credibility,LagGlobal,MAP
50Traced_NONETRACED_MAX_MULTI_LSA_54_MAX.csv,0.9585459183673469,0.7506829761904762,2.2301587301587302,0.9390219173095503
