Technique,AUC,Credibility,LagGlobal,MAP
50Traced_NONETRACED_MAX_SINGLE_VSM_7_SUM.csv,0.9662968361947953,0.7295007810466024,1.4761904761904763,0.9430805346800396
