Technique,AUC,Credibility,LagGlobal,MAP
50Traced_NONETRACED_RFUNDER_MULTI_LSA_47_MEDIAN.csv,0.9229024943310657,0.8392536904761905,2.123015873015873,0.8395601095993684
