Technique,AUC,Credibility,LagGlobal,MAP
50Traced_NONETRACED_RFNONE_MULTI_VSM_67_SUM.csv,0.9309368588705322,0.8279291198245133,2.123015873015873,0.9118990137958113
