Technique,AUC,Credibility,LagGlobal,MAP
50Traced_NONETRACED_RFSMOTE_MULTI_VSM_71_SUM.csv,0.9154957617967823,0.8034323538753236,2.2182539682539684,0.8783608485050404
