Technique,AUC,Credibility,LagGlobal,MAP
50Traced_NONETRACED_MAX_RAW_VSM_28_SUM.csv,0.923442392830148,0.7596857396380186,2.3134920634920637,0.9048192714937848
