Technique,AUC,Credibility,LagGlobal,MAP
50Traced_NONETRACED_SUM_RAW_LSA_47_SUM.csv,0.9671201814058956,0.7588225727998875,1.4444444444444444,0.9500274207732131
