Technique,AUC,Credibility,LagGlobal,MAP
50Traced_NONETRACED_RFNONE_RAW_LSA_28_SUM.csv,0.8997543461829176,0.8030645576370932,2.2182539682539684,0.8791656512220871
