Technique,AUC,Credibility,LagGlobal,MAP
50Traced_NONETRACED_RFSMOTE_RAW_LSA_27_MAX.csv,0.8643538764712233,0.7821009523809523,2.2222222222222223,0.8233116349551359
