Technique,AUC,Credibility,LagGlobal,MAP
50Traced_NONETRACED_SUM_RAW_LSA_55_SUM.csv,0.9592072940287226,0.7335584515380333,1.3333333333333333,0.9250444908743861
