Technique,AUC,Credibility,LagGlobal,MAP
50Traced_NONETRACED_SUM_RAW_LSA_5_MEDIAN.csv,0.9499446604038442,0.4565190476190476,1.8412698412698412,0.9140179384484932
