Technique,AUC,Credibility,LagGlobal,MAP
50Traced_NONETRACED_MAX_RAW_VSM_70_SUM.csv,0.9504879332685454,0.7656056287465919,2.0753968253968256,0.9307502213952447
