Technique,AUC,Credibility,LagGlobal,MAP
50Traced_NONETRACED_RFNONE_SINGLE_VSM_27_MEDIAN.csv,0.8817048644854768,0.8135854761904762,2.2182539682539684,0.8631545083772555
