Technique,AUC,Credibility,LagGlobal,MAP
50Traced_NONETRACED_SUM_RAW_VSM_48_MEDIAN.csv,0.9591971709318647,0.4675841666666667,1.2619047619047619,0.9288821536957463
