Technique,AUC,Credibility,LagGlobal,MAP
50Traced_NONETRACED_MAX_MULTI_LSA_72_MEDIAN.csv,0.9713651333549291,0.7540565476190476,2.1865079365079363,0.9556847526478235
