Technique,AUC,Credibility,LagGlobal,MAP
50Traced_NONETRACED_MAX_RAW_VSM_44_MAX.csv,0.9610834413130331,0.7981653571428572,1.7341269841269842,0.9440338186217228
