Technique,AUC,Credibility,LagGlobal,MAP
50Traced_NONETRACED_MEDIAN_SINGLE_VSM_62_SUM.csv,0.7841148364107549,0.6645599678592574,2.2936507936507935,0.6843489312539206
