Technique,AUC,Credibility,LagGlobal,MAP
50Traced_NONETRACED_RFSMOTE_SINGLE_LSA_12_MEDIAN.csv,0.8094698196739014,0.7339464285714286,2.2936507936507935,0.7431022709699988
