Technique,AUC,Credibility,LagGlobal,MAP
50Traced_NONETRACED_SUM_SINGLE_LSA_15_SUM.csv,0.9606987636324371,0.7519416791612911,1.8174603174603174,0.9130257852651417
