Technique,AUC,Credibility,LagGlobal,MAP
50Traced_NONETRACED_MEDIAN_SINGLE_LSA_34_MAX.csv,0.7786551128387863,0.6758166666666666,2.2936507936507935,0.6796407098541815
