Technique,AUC,Credibility,LagGlobal,MAP
50Traced_NONETRACED_SUM_MULTI_VSM_98_MAX.csv,0.93195591728755,-0.2136554761904762,1.380952380952381,0.8765679338932925
