Technique,AUC,Credibility,LagGlobal,MAP
50Traced_NONETRACED_RFNONE_SINGLE_LSA_16_MAX.csv,0.8700059388834899,0.8045795238095238,2.2182539682539684,0.8444151552904379
