Technique,AUC,Credibility,LagGlobal,MAP
50Traced_NONETRACED_RFSMOTE_SINGLE_VSM_52_SUM.csv,0.8686528182701652,0.7674427640763146,2.2182539682539684,0.7954770172171943
