Technique,AUC,Credibility,LagGlobal,MAP
50Traced_NONETRACED_RFNONE_SINGLE_VSM_47_SUM.csv,0.9006249325126876,0.8195508484903878,2.2936507936507935,0.886934408094024
