Technique,AUC,Credibility,LagGlobal,MAP
50Traced_NONETRACED_MEDIAN_MULTI_VSM_91_MEDIAN.csv,0.7788710722384192,0.6758340476190476,2.2936507936507935,0.6798085185859098
