Technique,AUC,Credibility,LagGlobal,MAP
50Traced_NONETRACED_SUM_SINGLE_LSA_33_SUM.csv,0.9527048914804017,0.7498628094741262,1.2777777777777777,0.9094567876589803
