Technique,AUC,Credibility,LagGlobal,MAP
50Traced_NONETRACED_RFSMOTE_MULTI_VSM_68_SUM.csv,0.8798185941043084,0.7681423502500778,2.126984126984127,0.787818194027857
