Technique,AUC,Credibility,LagGlobal,MAP
50Traced_NONETRACED_RFNONE_SINGLE_LSA_26_SUM.csv,0.9058720710506425,0.8302141029156385,2.2182539682539684,0.8926732257719607
