Technique,AUC,Credibility,LagGlobal,MAP
50Traced_NONETRACED_SUM_MULTI_LSA_35_MEDIAN.csv,0.9296984666882626,-0.20841071428571428,1.4404761904761905,0.8698715576396112
