Technique,AUC,Credibility,LagGlobal,MAP
50Traced_NONETRACED_RFSMOTE_MULTI_VSM_70_MAX.csv,0.9121483911024727,0.8435282142857143,2.2182539682539684,0.8881430507204191
