Technique,AUC,Credibility,LagGlobal,MAP
50Traced_NONETRACED_RFNONE_SINGLE_LSA_46_SUM.csv,0.8970548536875067,0.8139760353652862,2.1785714285714284,0.875798166118335
