Technique,AUC,Credibility,LagGlobal,MAP
50Traced_NONETRACED_RFNONE_MULTI_VSM_0_SUM.csv,0.9041578933160566,0.8309757639460135,2.1785714285714284,0.877978148801408
