Technique,AUC,Credibility,LagGlobal,MAP
50Traced_NONETRACED_RFUNDER_MULTI_VSM_70_MEDIAN.csv,0.8924353471547348,0.8066541666666667,2.2182539682539684,0.7340852056325775
