Technique,AUC,Credibility,LagGlobal,MAP
50Traced_NONETRACED_RFUNDER_RAW_VSM_52_SUM.csv,0.8746861839974085,0.7989860006702617,2.2936507936507935,0.8553267023948334
