Technique,AUC,Credibility,LagGlobal,MAP
50Traced_NONETRACED_MAX_RAW_LSA_52_MEDIAN.csv,0.9451665586869669,0.7898984523809524,2.2976190476190474,0.9267310078237605
