Technique,AUC,Credibility,LagGlobal,MAP
50Traced_NONETRACED_RFSMOTE_SINGLE_LSA_31_MEDIAN.csv,0.864819538926682,0.7609417857142857,2.2182539682539684,0.7718514536284372
