Technique,AUC,Credibility,LagGlobal,MAP
50Traced_NONETRACED_RFNONE_MULTI_LSA_60_SUM.csv,0.8999736799481697,0.8248824757030131,2.2182539682539684,0.877609301644021
