Technique,AUC,Credibility,LagGlobal,MAP
50Traced_NONETRACED_SUM_SINGLE_LSA_30_SUM.csv,0.969198790627362,0.7504229645889952,0.7380952380952381,0.9301762295195979
