Technique,AUC,Credibility,LagGlobal,MAP
50Traced_NONETRACED_RFSMOTE_MULTI_LSA_58_MEDIAN.csv,0.8657542382032177,0.7785338095238096,2.2936507936507935,0.7393214386698407
