Technique,AUC,Credibility,LagGlobal,MAP
50Traced_NONETRACED_SUM_MULTI_LSA_66_SUM.csv,0.9219542975920526,0.7303021462926085,1.4325396825396826,0.8684716079357346
