Technique,AUC,Credibility,LagGlobal,MAP
50Traced_NONETRACED_RFUNDER_MULTI_VSM_79_MAX.csv,0.9066650469711695,0.8331170238095238,2.2182539682539684,0.8180066282126606
