Technique,AUC,Credibility,LagGlobal,MAP
50Traced_NONETRACED_MEDIAN_SINGLE_VSM_5_SUM.csv,0.7821408325234857,0.6645880910090501,2.2936507936507935,0.6841426265723998
