Technique,AUC,Credibility,LagGlobal,MAP
50Traced_NONETRACED_SUM_RAW_LSA_23_MAX.csv,0.9467660079904978,0.4660776190476191,2.0674603174603177,0.9167533939934573
