Technique,AUC,Credibility,LagGlobal,MAP
50Traced_NONETRACED_MAX_RAW_LSA_22_MAX.csv,0.9626997624446605,0.7972866666666667,1.4285714285714286,0.9380961705749948
