Technique,AUC,Credibility,LagGlobal,MAP
50Traced_NONETRACED_MEDIAN_MULTI_VSM_48_SUM.csv,0.7822386891264442,0.6645280385688911,2.3015873015873014,0.6882949350015493
