Technique,AUC,Credibility,LagGlobal,MAP
50Traced_NONETRACED_RFSMOTE_RAW_VSM_96_SUM.csv,0.9216371072238418,0.8119342381866375,2.2936507936507935,0.9055987029007236
