Technique,AUC,Credibility,LagGlobal,MAP
50Traced_NONETRACED_RFSMOTE_SINGLE_LSA_20_SUM.csv,0.8762485152791276,0.8012709837613868,2.2182539682539684,0.855042675523531
