Technique,AUC,Credibility,LagGlobal,MAP
50Traced_NONETRACED_RFSMOTE_SINGLE_VSM_59_MEDIAN.csv,0.8682782636864269,0.7607235714285714,2.2182539682539684,0.812576886364492
