Technique,AUC,Credibility,LagGlobal,MAP
50Traced_NONETRACED_RFSMOTE_MULTI_VSM_72_MEDIAN.csv,0.8580606845912968,0.7708578571428572,2.2222222222222223,0.7579926162887802
