Technique,AUC,Credibility,LagGlobal,MAP
50Traced_NONETRACED_RFUNDER_MULTI_LSA_73_MEDIAN.csv,0.8899923064463882,0.8022327380952381,2.2936507936507935,0.7214212473505155
