Technique,AUC,Credibility,LagGlobal,MAP
50Traced_NONETRACED_RFNONE_MULTI_VSM_25_MAX.csv,0.9212659270057229,0.8370334523809524,2.123015873015873,0.8976062828565994
