Technique,AUC,Credibility,LagGlobal,MAP
50Traced_NONETRACED_RFUNDER_RAW_LSA_45_MAX.csv,0.9191974408811143,0.8293608333333333,2.123015873015873,0.8827694635004486
