Technique,AUC,Credibility,LagGlobal,MAP
50Traced_NONETRACED_RFUNDER_RAW_VSM_7_MEDIAN.csv,0.875242954324587,0.7993582142857143,2.2936507936507935,0.8599206788663077
