Technique,AUC,Credibility,LagGlobal,MAP
50Traced_NONETRACED_SUM_RAW_VSM_53_SUM.csv,0.9690132005183026,0.745442392386034,1.8928571428571428,0.9474649864361114
