Technique,AUC,Credibility,LagGlobal,MAP
50Traced_NONETRACED_MAX_RAW_VSM_62_SUM.csv,0.9477344509232264,0.7639464654463024,1.9642857142857142,0.9181294681961989
