Technique,AUC,Credibility,LagGlobal,MAP
50Traced_NONETRACED_MEDIAN_SINGLE_LSA_16_SUM.csv,0.7791241496598639,0.6645117300941943,2.2936507936507935,0.6825677503060151
