Technique,AUC,Credibility,LagGlobal,MAP
50Traced_NONETRACED_MEDIAN_RAW_VSM_5_SUM.csv,0.7791140265630062,0.6639220164086949,2.2976190476190474,0.6822980725891431
