Technique,AUC,Credibility,LagGlobal,MAP
50Traced_NONETRACED_MAX_MULTI_VSM_44_SUM.csv,0.9535451085195983,0.7470571583135088,1.2777777777777777,0.924391737268367
