Technique,AUC,Credibility,LagGlobal,MAP
50Traced_NONETRACED_SUM_RAW_VSM_73_SUM.csv,0.9620755048050966,0.7451249931076623,1.503968253968254,0.9424843781581118
