Technique,AUC,Credibility,LagGlobal,MAP
50Traced_NONETRACED_MAX_SINGLE_LSA_48_MAX.csv,0.975049940611165,0.7438586904761905,1.0753968253968254,0.9598886954890573
