Technique,AUC,Credibility,LagGlobal,MAP
50Traced_NONETRACED_MAX_MULTI_LSA_96_MEDIAN.csv,0.9644409351042004,0.7557083333333333,2.0753968253968256,0.9558346299655887
