Technique,AUC,Credibility,LagGlobal,MAP
50Traced_NONETRACED_RFUNDER_RAW_VSM_72_MEDIAN.csv,0.879160592808552,0.8029853571428571,2.2182539682539684,0.85820513880897
