Technique,AUC,Credibility,LagGlobal,MAP
50Traced_NONETRACED_RFUNDER_SINGLE_LSA_82_SUM.csv,0.9167375283446711,0.840877357340889,2.1547619047619047,0.9064824968392872
