Technique,AUC,Credibility,LagGlobal,MAP
50Traced_NONETRACED_RFUNDER_SINGLE_VSM_9_SUM.csv,0.9156746031746031,0.8324990860067636,2.2182539682539684,0.9052087049020955
