Technique,AUC,Credibility,LagGlobal,MAP
50Traced_NONETRACED_RFUNDER_RAW_VSM_16_SUM.csv,0.908811143505021,0.821835831581513,2.2182539682539684,0.889191988127031
