Technique,AUC,Credibility,LagGlobal,MAP
50Traced_NONETRACED_RFNONE_SINGLE_LSA_70_SUM.csv,0.8917908433214555,0.8264057977637632,2.2182539682539684,0.8768610122536877
