Technique,AUC,Credibility,LagGlobal,MAP
50Traced_NONETRACED_MAX_MULTI_VSM_35_MAX.csv,0.9657636864269517,0.7420896428571429,1.119047619047619,0.9412767543812744
