Technique,AUC,Credibility,LagGlobal,MAP
50Traced_NONETRACED_RFUNDER_MULTI_VSM_0_SUM.csv,0.8838509610193284,0.8195508484903878,2.2936507936507935,0.8464750608921543
