Technique,AUC,Credibility,LagGlobal,MAP
50Traced_NONETRACED_RFSMOTE_SINGLE_VSM_66_SUM.csv,0.8679307040276428,0.769869916051527,2.2936507936507935,0.806367967159743
