Technique,AUC,Credibility,LagGlobal,MAP
50Traced_NONETRACED_SUM_SINGLE_LSA_60_MAX.csv,0.9675419771083036,-0.33533511904761903,1.2976190476190477,0.9300127899870566
