Technique,AUC,Credibility,LagGlobal,MAP
50Traced_NONETRACED_RFUNDER_SINGLE_LSA_75_MAX.csv,0.8982628765792032,0.8361286904761904,2.2182539682539684,0.8776710758264359
