Technique,AUC,Credibility,LagGlobal,MAP
50Traced_NONETRACED_RFUNDER_RAW_VSM_93_SUM.csv,0.8684840999892021,0.7936543734576365,2.1785714285714284,0.8382227813884249
