Technique,AUC,Credibility,LagGlobal,MAP
50Traced_NONETRACED_RFUNDER_SINGLE_LSA_17_MAX.csv,0.9437122071050643,0.8630859523809524,1.623015873015873,0.9339262934405113
