Technique,AUC,Credibility,LagGlobal,MAP
50Traced_NONETRACED_RFUNDER_MULTI_VSM_89_MEDIAN.csv,0.9255749919015225,0.8564629761904762,2.2182539682539684,0.9035322463347311
