Technique,AUC,Credibility,LagGlobal,MAP
50Traced_NONETRACED_RFUNDER_SINGLE_LSA_98_MAX.csv,0.8931642101284959,0.8398548809523809,2.2182539682539684,0.866572777808202
