Technique,AUC,Credibility,LagGlobal,MAP
50Traced_NONETRACED_RFSMOTE_SINGLE_VSM_3_MEDIAN.csv,0.8766500647878199,0.8142546428571429,2.2936507936507935,0.8536960062088819
