Technique,AUC,Credibility,LagGlobal,MAP
50Traced_NONETRACED_MAX_MULTI_LSA_51_MAX.csv,0.9646973868912645,0.7542134523809524,1.7976190476190477,0.9519049209598943
