Technique,AUC,Credibility,LagGlobal,MAP
50Traced_NONETRACED_MAX_SINGLE_LSA_79_MEDIAN.csv,0.9710580660835763,0.7409036904761904,0.9365079365079365,0.9518967241630403
