Technique,AUC,Credibility,LagGlobal,MAP
50Traced_NONETRACED_RFNONE_RAW_VSM_51_SUM.csv,0.8842322643343051,0.7922124501578206,2.2936507936507935,0.8604924934616056
