Technique,AUC,Credibility,LagGlobal,MAP
50Traced_NONETRACED_RFSMOTE_RAW_VSM_75_SUM.csv,0.8912644422848504,0.7913693903665113,2.2182539682539684,0.8563653257998125
