Technique,AUC,Credibility,LagGlobal,MAP
50Traced_NONETRACED_MAX_SINGLE_VSM_13_SUM.csv,0.969927653601123,0.7408671659316202,1.1507936507936507,0.9504198568077641
