Technique,AUC,Credibility,LagGlobal,MAP
50Traced_NONETRACED_MAX_SINGLE_VSM_22_SUM.csv,0.9720130115538279,0.7294146528904449,1.4325396825396826,0.9490758551794287
