Technique,AUC,Credibility,LagGlobal,MAP
50Traced_NONETRACED_RFNONE_RAW_LSA_31_SUM.csv,0.8657947305906488,0.7898460683057612,2.2936507936507935,0.8415268755068028
