Technique,AUC,Credibility,LagGlobal,MAP
50Traced_NONETRACED_SUM_MULTI_VSM_75_MEDIAN.csv,0.9344461991145664,-0.16829785714285714,2.0238095238095237,0.8794030172368866
