Technique,AUC,Credibility,LagGlobal,MAP
50Traced_NONETRACED_SUM_MULTI_LSA_36_SUM.csv,0.9281057661159703,0.7297912358364569,2.1904761904761907,0.8635496291161078
