Technique,AUC,Credibility,LagGlobal,MAP
50Traced_NONETRACED_RFSMOTE_SINGLE_LSA_78_SUM.csv,0.8567278101716878,0.7791828138805106,2.2182539682539684,0.8171481055283415
