Technique,AUC,Credibility,LagGlobal,MAP
50Traced_NONETRACED_RFSMOTE_MULTI_VSM_29_MEDIAN.csv,0.8817217363135731,0.7782379761904762,2.2182539682539684,0.7812515724047293
