Technique,AUC,Credibility,LagGlobal,MAP
50Traced_NONETRACED_RFNONE_RAW_VSM_44_MEDIAN.csv,0.884012930569053,0.8079588095238095,2.2182539682539684,0.8663928150485514
