Technique,AUC,Credibility,LagGlobal,MAP
50Traced_NONETRACED_MAX_RAW_VSM_87_MEDIAN.csv,0.9355698628657813,0.7737670238095238,2.3214285714285716,0.9113518023989079
