Technique,AUC,Credibility,LagGlobal,MAP
50Traced_NONETRACED_RFSMOTE_MULTI_LSA_13_MEDIAN.csv,0.8629906327610409,0.7413741666666667,2.0515873015873014,0.7466588639398452
