Technique,AUC,Credibility,LagGlobal,MAP
50Traced_NONETRACED_RFUNDER_MULTI_LSA_38_SUM.csv,0.9167172821509555,0.8073642720043872,2.2182539682539684,0.8223554983189723
