Technique,AUC,Credibility,LagGlobal,MAP
50Traced_NONETRACED_MAX_RAW_VSM_90_SUM.csv,0.9451901792463018,0.7695166015776703,2.3095238095238093,0.9266566180083965
