Technique,AUC,Credibility,LagGlobal,MAP
50Traced_NONETRACED_MAX_MULTI_VSM_65_MAX.csv,0.9730354443364647,0.7502713095238095,1.7936507936507937,0.95960637259282
