Technique,AUC,Credibility,LagGlobal,MAP
50Traced_NONETRACED_MEDIAN_SINGLE_VSM_30_SUM.csv,0.7814727081308713,0.6645295187346697,2.2976190476190474,0.6841015509164811
