Technique,AUC,Credibility,LagGlobal,MAP
50Traced_NONETRACED_SUM_RAW_VSM_60_SUM.csv,0.9529950869236583,0.7331348208876343,1.8492063492063493,0.9231477457520433
