Technique,AUC,Credibility,LagGlobal,MAP
50Traced_NONETRACED_RFSMOTE_MULTI_LSA_8_SUM.csv,0.8675865187344779,0.8066026109740121,2.2182539682539684,0.8277970597374544
