Technique,AUC,Credibility,LagGlobal,MAP
50Traced_NONETRACED_MEDIAN_MULTI_VSM_3_SUM.csv,0.7861394557823129,0.6645318447094646,2.2976190476190474,0.6937392880956322
