Technique,AUC,Credibility,LagGlobal,MAP
50Traced_NONETRACED_RFSMOTE_SINGLE_VSM_84_SUM.csv,0.8765387107223842,0.7697694276407632,2.2182539682539684,0.8113409415680264
