Technique,AUC,Credibility,LagGlobal,MAP
50Traced_NONETRACED_RFUNDER_SINGLE_VSM_41_MEDIAN.csv,0.898465338516359,0.836925119047619,2.2182539682539684,0.8794447697716348
