Technique,AUC,Credibility,LagGlobal,MAP
50Traced_NONETRACED_RFUNDER_MULTI_VSM_71_SUM.csv,0.8791572184429328,0.8126958992170125,2.2182539682539684,0.835163739229955
