Technique,AUC,Credibility,LagGlobal,MAP
50Traced_NONETRACED_RFSMOTE_SINGLE_VSM_38_MAX.csv,0.831959966526293,0.7230884523809524,2.2222222222222223,0.6896684565485042
