Technique,AUC,Credibility,LagGlobal,MAP
50Traced_NONETRACED_RFSMOTE_RAW_LSA_88_MAX.csv,0.8722768869452543,0.8060834523809524,2.2936507936507935,0.8475730901634917
