Technique,AUC,Credibility,LagGlobal,MAP
50Traced_NONETRACED_MAX_MULTI_LSA_6_MAX.csv,0.9637019490335816,0.7478265476190477,2.0396825396825395,0.9562376184998
