Technique,AUC,Credibility,LagGlobal,MAP
50Traced_NONETRACED_RFSMOTE_MULTI_LSA_26_MEDIAN.csv,0.8844482237339379,0.7813134523809524,2.0476190476190474,0.750052941037177
