Technique,AUC,Credibility,LagGlobal,MAP
50Traced_NONETRACED_MEDIAN_RAW_VSM_7_SUM.csv,0.7806392398229134,0.6645413884392284,2.2936507936507935,0.683082683791301
