Technique,AUC,Credibility,LagGlobal,MAP
50Traced_NONETRACED_SUM_RAW_LSA_66_MEDIAN.csv,0.9442689774322427,0.47726619047619045,1.630952380952381,0.9165758321545343
