Technique,AUC,Credibility,LagGlobal,MAP
50Traced_NONETRACED_MEDIAN_RAW_LSA_99_SUM.csv,0.7806932296728215,0.664436479742874,2.2976190476190474,0.6858584885352496
