Technique,AUC,Credibility,LagGlobal,MAP
50Traced_NONETRACED_RFUNDER_RAW_VSM_36_MEDIAN.csv,0.9007464096749811,0.8191008333333333,2.2936507936507935,0.8868553751722694
