Technique,AUC,Credibility,LagGlobal,MAP
50Traced_NONETRACED_RFUNDER_MULTI_VSM_24_MAX.csv,0.9031658298239931,0.8266714285714286,2.123015873015873,0.7916520659611767
