Technique,AUC,Credibility,LagGlobal,MAP
50Traced_NONETRACED_MAX_RAW_LSA_95_SUM.csv,0.9377024619371559,0.7798009106685135,2.2103174603174605,0.930619763728638
