Technique,AUC,Credibility,LagGlobal,MAP
50Traced_NONETRACED_SUM_SINGLE_VSM_50_MEDIAN.csv,0.9580870046431271,-0.25570642857142856,1.7142857142857142,0.9186739812182081
