Technique,AUC,Credibility,LagGlobal,MAP
50Traced_NONETRACED_MAX_SINGLE_LSA_85_SUM.csv,0.9599496544649606,0.7339435138017586,1.2817460317460319,0.9338433808601675
