Technique,AUC,Credibility,LagGlobal,MAP
50Traced_NONETRACED_MEDIAN_RAW_VSM_57_SUM.csv,0.7823365457294029,0.6644119258322798,2.3015873015873014,0.6849778254468233
