Technique,AUC,Credibility,LagGlobal,MAP
50Traced_NONETRACED_SUM_MULTI_LSA_68_MEDIAN.csv,0.9367070240794731,-0.16073642857142856,1.6111111111111112,0.8917037605108113
