Technique,AUC,Credibility,LagGlobal,MAP
50Traced_NONETRACED_MAX_MULTI_LSA_42_SUM.csv,0.9177768329554044,0.7165077136887662,2.261904761904762,0.8853696671113869
