Technique,AUC,Credibility,LagGlobal,MAP
50Traced_NONETRACED_RFSMOTE_RAW_VSM_69_SUM.csv,0.8796397527264874,0.7700428815160101,2.1785714285714284,0.818870265846421
