Technique,AUC,Credibility,LagGlobal,MAP
50Traced_NONETRACED_RFSMOTE_RAW_LSA_60_SUM.csv,0.8765117157974301,0.7967010175791366,2.2182539682539684,0.8349846552531501
