Technique,AUC,Credibility,LagGlobal,MAP
50Traced_NONETRACED_MEDIAN_MULTI_VSM_56_SUM.csv,0.7756451787064031,0.662116425611097,2.2936507936507935,0.6802692688956994
