Technique,AUC,Credibility,LagGlobal,MAP
50Traced_NONETRACED_SUM_SINGLE_VSM_60_MEDIAN.csv,0.9625175467012203,-0.2671697619047619,1.1984126984126984,0.9256348495961015
