Technique,AUC,Credibility,LagGlobal,MAP
50Traced_NONETRACED_MAX_RAW_VSM_6_MAX.csv,0.9372266763848397,0.7911038095238095,2.2936507936507935,0.9190296979456268
