Technique,AUC,Credibility,LagGlobal,MAP
50Traced_NONETRACED_MEDIAN_MULTI_LSA_91_MEDIAN.csv,0.7781152143397042,0.6756944047619048,2.2976190476190474,0.6794830141221144
