Technique,AUC,Credibility,LagGlobal,MAP
50Traced_NONETRACED_RFSMOTE_MULTI_VSM_38_MEDIAN.csv,0.8400854389374798,0.7445954761904762,2.2936507936507935,0.7380242253668263
