Technique,AUC,Credibility,LagGlobal,MAP
50Traced_NONETRACED_MAX_RAW_LSA_24_SUM.csv,0.9554448763632437,0.7697596367443695,1.9841269841269842,0.9313143866182441
