Technique,AUC,Credibility,LagGlobal,MAP
50Traced_NONETRACED_RFUNDER_SINGLE_LSA_38_SUM.csv,0.906978862973761,0.8347840690978887,2.2182539682539684,0.9014903206383406
