Technique,AUC,Credibility,LagGlobal,MAP
50Traced_NONETRACED_SUM_MULTI_LSA_30_MAX.csv,0.9586572724327826,-0.19530285714285714,1.0912698412698412,0.916358086630362
