Technique,AUC,Credibility,LagGlobal,MAP
50Traced_NONETRACED_RFUNDER_RAW_LSA_35_SUM.csv,0.9095973706943095,0.8248824757030131,2.2936507936507935,0.888240304969327
