Technique,AUC,Credibility,LagGlobal,MAP
50Traced_NONETRACED_RFNONE_MULTI_VSM_24_MAX.csv,0.938012903574128,0.8489222619047619,2.2182539682539684,0.9236589621701314
