Technique,AUC,Credibility,LagGlobal,MAP
50Traced_NONETRACED_MEDIAN_MULTI_LSA_61_SUM.csv,0.7868312007342619,0.664088784080096,2.2936507936507935,0.6754277529695207
