Technique,AUC,Credibility,LagGlobal,MAP
50Traced_NONETRACED_SUM_RAW_VSM_80_SUM.csv,0.9357419555123636,0.7352395224153448,2.3095238095238093,0.9159936513515933
