Technique,AUC,Credibility,LagGlobal,MAP
50Traced_NONETRACED_SUM_SINGLE_VSM_96_SUM.csv,0.9545337976460426,0.7455277122681536,1.8492063492063493,0.9180238448890602
