Technique,AUC,Credibility,LagGlobal,MAP
50Traced_NONETRACED_MAX_RAW_VSM_86_MAX.csv,0.9445254292193068,0.7811309523809524,2.3055555555555554,0.9299634772130608
