Technique,AUC,Credibility,LagGlobal,MAP
50Traced_NONETRACED_RFNONE_RAW_LSA_39_SUM.csv,0.8902386351365943,0.8005093227310118,2.2936507936507935,0.8696672169489368
