Technique,AUC,Credibility,LagGlobal,MAP
50Traced_NONETRACED_RFSMOTE_MULTI_LSA_38_SUM.csv,0.8701847802613109,0.7791828138805106,2.2182539682539684,0.8232579987504675
