Technique,AUC,Credibility,LagGlobal,MAP
50Traced_NONETRACED_RFUNDER_RAW_VSM_84_MEDIAN.csv,0.9050521002051614,0.8227960714285715,2.1785714285714284,0.8887881475175421
