Technique,AUC,Credibility,LagGlobal,MAP
50Traced_NONETRACED_SUM_MULTI_LSA_7_SUM.csv,0.9590891912320484,0.7390250514296056,2.2857142857142856,0.9262206008138274
