Technique,AUC,Credibility,LagGlobal,MAP
50Traced_NONETRACED_RFNONE_MULTI_VSM_48_SUM.csv,0.9295128765792031,0.8363073911586387,2.2182539682539684,0.9125811352581629
