Technique,AUC,Credibility,LagGlobal,MAP
50Traced_NONETRACED_MAX_MULTI_VSM_30_MAX.csv,0.95665289925494,0.7525876190476191,2.234126984126984,0.942305734817276
