Technique,AUC,Credibility,LagGlobal,MAP
50Traced_NONETRACED_MEDIAN_MULTI_LSA_14_SUM.csv,0.7881472033257748,0.665662902816544,2.2936507936507935,0.6921528277840255
