Technique,AUC,Credibility,LagGlobal,MAP
50Traced_NONETRACED_RFSMOTE_MULTI_VSM_56_SUM.csv,0.8197008962315085,0.7247872653947572,2.2182539682539684,0.6937775671439427
