Technique,AUC,Credibility,LagGlobal,MAP
50Traced_NONETRACED_RFSMOTE_RAW_LSA_64_MEDIAN.csv,0.8472762120721304,0.7730490476190476,2.2222222222222223,0.7445393339887983
