Technique,AUC,Credibility,LagGlobal,MAP
50Traced_NONETRACED_RFUNDER_RAW_VSM_36_SUM.csv,0.9007464096749812,0.8111725771562623,2.2936507936507935,0.8868553751722695
