Technique,AUC,Credibility,LagGlobal,MAP
50Traced_NONETRACED_RFNONE_SINGLE_LSA_75_SUM.csv,0.8978073372206026,0.8134575602473875,2.2182539682539684,0.879067735068104
