Technique,AUC,Credibility,LagGlobal,MAP
50Traced_NONETRACED_RFSMOTE_MULTI_LSA_78_MAX.csv,0.8464596155922687,0.7399626190476191,2.2261904761904763,0.719051309479737
