Technique,AUC,Credibility,LagGlobal,MAP
50Traced_NONETRACED_RFNONE_SINGLE_VSM_76_MEDIAN.csv,0.9164945740200843,0.8229275,2.2182539682539684,0.8905414592846623
