Technique,AUC,Credibility,LagGlobal,MAP
50Traced_NONETRACED_RFUNDER_RAW_VSM_67_MEDIAN.csv,0.872182404707915,0.8073357142857143,2.2936507936507935,0.8534466215287658
