Technique,AUC,Credibility,LagGlobal,MAP
50Traced_NONETRACED_MAX_MULTI_VSM_30_SUM.csv,0.9465331767627685,0.7423931333295019,2.2738095238095237,0.9295364792892389
