Technique,AUC,Credibility,LagGlobal,MAP
50Traced_NONETRACED_RFUNDER_MULTI_VSM_75_SUM.csv,0.9213232912212503,0.8264057977637632,2.2182539682539684,0.8517461093048753
