Technique,AUC,Credibility,LagGlobal,MAP
50Traced_NONETRACED_RFUNDER_RAW_LSA_19_MAX.csv,0.8869621261202894,0.8063732142857143,2.2936507936507935,0.8694857857520375
