Technique,AUC,Credibility,LagGlobal,MAP
50Traced_NONETRACED_RFNONE_SINGLE_LSA_66_MEDIAN.csv,0.8847924090271029,0.7999755952380952,2.2182539682539684,0.8614527642501499
