Technique,AUC,Credibility,LagGlobal,MAP
50Traced_NONETRACED_RFNONE_MULTI_LSA_32_SUM.csv,0.9057843375445416,0.8232184715271705,2.1785714285714284,0.8656324524517389
