Technique,AUC,Credibility,LagGlobal,MAP
50Traced_NONETRACED_SUM_SINGLE_VSM_93_SUM.csv,0.9586775186264982,0.7479828665427589,1.246031746031746,0.9145470819066349
