Technique,AUC,Credibility,LagGlobal,MAP
50Traced_NONETRACED_MAX_RAW_LSA_53_SUM.csv,0.9611644260878954,0.7821642028519757,1.9007936507936507,0.9433489228193268
