Technique,AUC,Credibility,LagGlobal,MAP
50Traced_NONETRACED_SUM_SINGLE_VSM_29_MEDIAN.csv,0.9757686804880682,-0.24386369047619047,0.8174603174603174,0.9462140630961386
