Technique,AUC,Credibility,LagGlobal,MAP
50Traced_NONETRACED_MEDIAN_MULTI_LSA_99_MAX.csv,0.7788002105604147,0.6757960714285715,2.2936507936507935,0.6797852562172984
