Technique,AUC,Credibility,LagGlobal,MAP
50Traced_NONETRACED_MEDIAN_SINGLE_VSM_55_SUM.csv,0.782134083792247,0.6648500803518566,2.2976190476190474,0.6880450495232806
