Technique,AUC,Credibility,LagGlobal,MAP
50Traced_NONETRACED_RFNONE_RAW_LSA_12_MAX.csv,0.8846203163805204,0.8006453571428571,2.2936507936507935,0.8610255414058852
