Technique,AUC,Credibility,LagGlobal,MAP
50Traced_NONETRACED_RFNONE_MULTI_LSA_9_SUM.csv,0.8755736421552748,0.8203125095207628,2.2936507936507935,0.8409791612879501
