Technique,AUC,Credibility,LagGlobal,MAP
50Traced_NONETRACED_MEDIAN_SINGLE_LSA_6_SUM.csv,0.7823837868480725,0.6658594174949315,2.2936507936507935,0.6872774023996431
