Technique,AUC,Credibility,LagGlobal,MAP
50Traced_NONETRACED_MEDIAN_MULTI_VSM_38_SUM.csv,0.7830957779937371,0.6646557966542415,2.2976190476190474,0.6928132017870929
