Technique,AUC,Credibility,LagGlobal,MAP
50Traced_NONETRACED_MEDIAN_MULTI_VSM_90_MAX.csv,0.7780274808336033,0.675742619047619,2.2936507936507935,0.6794180638605137
