Technique,AUC,Credibility,LagGlobal,MAP
50Traced_NONETRACED_MEDIAN_RAW_VSM_40_SUM.csv,0.782454648526077,0.664710310411909,2.2936507936507935,0.6851965145654084
