Technique,AUC,Credibility,LagGlobal,MAP
50Traced_NONETRACED_RFUNDER_MULTI_VSM_62_SUM.csv,0.9106265522081849,0.8233591536422631,2.0476190476190474,0.8454382540692268
