Technique,AUC,Credibility,LagGlobal,MAP
50Traced_NONETRACED_SUM_RAW_VSM_31_SUM.csv,0.9553503941259044,0.7508634740712229,1.7857142857142858,0.9294504769732959
