Technique,AUC,Credibility,LagGlobal,MAP
50Traced_NONETRACED_SUM_MULTI_LSA_47_SUM.csv,0.9461012579635029,0.7265981428762098,1.6984126984126984,0.8991629885580636
