Technique,AUC,Credibility,LagGlobal,MAP
50Traced_NONETRACED_RFUNDER_SINGLE_VSM_56_MEDIAN.csv,0.9026664237123421,0.8413083333333333,2.2182539682539684,0.8726952023249824
