Technique,AUC,Credibility,LagGlobal,MAP
50Traced_NONETRACED_RFUNDER_MULTI_LSA_90_MAX.csv,0.8988196469063816,0.821909761904762,2.2936507936507935,0.798810826591545
