Technique,AUC,Credibility,LagGlobal,MAP
50Traced_NONETRACED_RFSMOTE_SINGLE_VSM_83_MAX.csv,0.8450929975164669,0.7417279761904761,2.2182539682539684,0.7500395037863781
