Technique,AUC,Credibility,LagGlobal,MAP
50Traced_NONETRACED_SUM_MULTI_LSA_1_SUM.csv,0.9461113810603605,0.7338456209720103,2.0357142857142856,0.9127578027036954
