Technique,AUC,Credibility,LagGlobal,MAP
50Traced_NONETRACED_MEDIAN_RAW_VSM_85_SUM.csv,0.7812938667530505,0.6662287976998588,2.2976190476190474,0.6826584725781187
