Technique,AUC,Credibility,LagGlobal,MAP
50Traced_NONETRACED_RFNONE_MULTI_LSA_48_SUM.csv,0.8801121639131843,0.802794305822137,2.2182539682539684,0.8407598712381483
