Technique,AUC,Credibility,LagGlobal,MAP
50Traced_NONETRACED_RFNONE_MULTI_LSA_75_SUM.csv,0.894395853579527,0.822597492611888,2.2936507936507935,0.8575012858501135
