Technique,AUC,Credibility,LagGlobal,MAP
50Traced_NONETRACED_MAX_SINGLE_LSA_77_SUM.csv,0.9614782420904869,0.7346114175523566,1.123015873015873,0.9356210879043498
