Technique,AUC,Credibility,LagGlobal,MAP
50Traced_NONETRACED_SUM_MULTI_VSM_31_SUM.csv,0.9470663265306123,0.7349780396012804,1.7142857142857142,0.9051813426055068
