Technique,AUC,Credibility,LagGlobal,MAP
50Traced_NONETRACED_RFSMOTE_RAW_LSA_20_SUM.csv,0.8814079203109816,0.8081259330347622,2.2182539682539684,0.8519201034560181
