Technique,AUC,Credibility,LagGlobal,MAP
50Traced_NONETRACED_MEDIAN_RAW_VSM_11_SUM.csv,0.7802950545297485,0.6643792667509482,2.2936507936507935,0.6835068482987451
