Technique,AUC,Credibility,LagGlobal,MAP
50Traced_NONETRACED_MAX_MULTI_LSA_98_MAX.csv,0.9620755048050967,0.7490770238095238,1.6984126984126984,0.9481124652536266
