Technique,AUC,Credibility,LagGlobal,MAP
50Traced_NONETRACED_RFNONE_SINGLE_LSA_47_MAX.csv,0.8815496436669906,0.8197789285714285,2.2936507936507935,0.8592652220489717
