Technique,AUC,Credibility,LagGlobal,MAP
50Traced_NONETRACED_RFUNDER_RAW_LSA_74_SUM.csv,0.8823729888780909,0.8046148587055606,2.2182539682539684,0.85974370513869
