Technique,AUC,Credibility,LagGlobal,MAP
50Traced_NONETRACED_RFUNDER_MULTI_VSM_86_MEDIAN.csv,0.9166666666666667,0.8280365476190477,2.2182539682539684,0.7892617500206233
