Technique,AUC,Credibility,LagGlobal,MAP
50Traced_NONETRACED_RFUNDER_SINGLE_LSA_2_MEDIAN.csv,0.9045122017060793,0.8333621428571428,2.1785714285714284,0.8719146883781455
