Technique,AUC,Credibility,LagGlobal,MAP
50Traced_NONETRACED_RFNONE_MULTI_VSM_61_MEDIAN.csv,0.9066650469711693,0.8378395238095238,2.2936507936507935,0.8886962942917426
