Technique,AUC,Credibility,LagGlobal,MAP
50Traced_NONETRACED_MEDIAN_RAW_VSM_30_SUM.csv,0.7807202245977757,0.6650436645246334,2.2976190476190474,0.6848988926485776
