Technique,AUC,Credibility,LagGlobal,MAP
50Traced_NONETRACED_RFUNDER_MULTI_LSA_78_SUM.csv,0.8689565111758988,0.7563329829692593,2.2182539682539684,0.7790238531241801
