Technique,AUC,Credibility,LagGlobal,MAP
50Traced_NONETRACED_RFUNDER_SINGLE_LSA_23_MEDIAN.csv,0.9047146636432352,0.8411022619047619,2.2182539682539684,0.88879914927476
