Technique,AUC,Credibility,LagGlobal,MAP
50Traced_NONETRACED_MAX_MULTI_LSA_69_MEDIAN.csv,0.965024700356333,0.7409339285714286,1.3928571428571428,0.9467508212882271
