Technique,AUC,Credibility,LagGlobal,MAP
50Traced_NONETRACED_SUM_SINGLE_VSM_30_MAX.csv,0.9535518572508369,-0.24827369047619047,1.619047619047619,0.9079389924267175
