Technique,AUC,Credibility,LagGlobal,MAP
50Traced_NONETRACED_SUM_SINGLE_VSM_25_SUM.csv,0.9608809793758774,0.7489836173313719,0.7976190476190477,0.9095672856517657
