Technique,AUC,Credibility,LagGlobal,MAP
50Traced_NONETRACED_MEDIAN_MULTI_LSA_64_SUM.csv,0.7821138375985315,0.667078293843561,2.2976190476190474,0.6861352147228779
