Technique,AUC,Credibility,LagGlobal,MAP
50Traced_NONETRACED_RFNONE_MULTI_LSA_62_SUM.csv,0.896467714069755,0.8187891874600128,2.2936507936507935,0.877607340830223
