Technique,AUC,Credibility,LagGlobal,MAP
50Traced_NONETRACED_RFNONE_MULTI_LSA_16_MAX.csv,0.8864492225461613,0.8211322619047619,2.2182539682539684,0.8650435046914238
