Technique,AUC,Credibility,LagGlobal,MAP
50Traced_NONETRACED_RFNONE_RAW_VSM_13_MEDIAN.csv,0.86922646042544,0.7932858333333334,2.2182539682539684,0.8434991724610746
