Technique,AUC,Credibility,LagGlobal,MAP
50Traced_NONETRACED_RFUNDER_RAW_VSM_74_MAX.csv,0.889722357196847,0.8175377380952381,2.2936507936507935,0.8538023147169375
