Technique,AUC,Credibility,LagGlobal,MAP
50Traced_NONETRACED_RFNONE_MULTI_VSM_18_SUM.csv,0.8970649767843646,0.8149808823081376,2.2936507936507935,0.859697190603472
