Technique,AUC,Credibility,LagGlobal,MAP
50Traced_NONETRACED_MAX_MULTI_VSM_99_MEDIAN.csv,0.9788056095454055,0.7572904761904762,1.4761904761904763,0.9651499754604443
