Technique,AUC,Credibility,LagGlobal,MAP
50Traced_NONETRACED_RFSMOTE_SINGLE_VSM_31_SUM.csv,0.8519800777453839,0.743938715837212,2.2182539682539684,0.7782464536993595
