Technique,AUC,Credibility,LagGlobal,MAP
50Traced_NONETRACED_RFNONE_SINGLE_VSM_16_SUM.csv,0.8795790141453407,0.8187891874600128,2.1785714285714284,0.8677516454212263
