Technique,AUC,Credibility,LagGlobal,MAP
50Traced_NONETRACED_MAX_RAW_VSM_85_MEDIAN.csv,0.9470966958211856,0.8002865476190476,2.0476190476190474,0.9365471645144373
