Technique,AUC,Credibility,LagGlobal,MAP
50Traced_NONETRACED_SUM_RAW_LSA_10_SUM.csv,0.9319356710938345,0.7417040916118951,1.9523809523809523,0.9086559171669764
