Technique,AUC,Credibility,LagGlobal,MAP
50Traced_NONETRACED_RFNONE_MULTI_LSA_88_MAX.csv,0.9046640481589461,0.8374310714285714,2.2182539682539684,0.8630706565208351
