Technique,AUC,Credibility,LagGlobal,MAP
50Traced_NONETRACED_RFUNDER_MULTI_LSA_2_MEDIAN.csv,0.9188701274160458,0.834554880952381,2.123015873015873,0.8120047634080002
