Technique,AUC,Credibility,LagGlobal,MAP
50Traced_NONETRACED_RFUNDER_SINGLE_LSA_6_MEDIAN.csv,0.9172639293812764,0.8476053571428571,2.2182539682539684,0.888079593329014
