Technique,AUC,Credibility,LagGlobal,MAP
50Traced_NONETRACED_SUM_SINGLE_VSM_48_MAX.csv,0.9556169690098263,-0.35587357142857146,1.1111111111111112,0.8847382024758638
