Technique,AUC,Credibility,LagGlobal,MAP
50Traced_NONETRACED_MEDIAN_MULTI_LSA_90_MEDIAN.csv,0.7782366915019976,0.675794761904762,2.2936507936507935,0.6795107654487808
