Technique,AUC,Credibility,LagGlobal,MAP
50Traced_NONETRACED_RFNONE_SINGLE_VSM_94_MEDIAN.csv,0.9028520138214016,0.7903310714285714,2.2182539682539684,0.8756135924434433
