Technique,AUC,Credibility,LagGlobal,MAP
50Traced_NONETRACED_MAX_SINGLE_VSM_32_MAX.csv,0.9827907353417558,0.7411571428571428,1.0714285714285714,0.9684789262595028
