Technique,AUC,Credibility,LagGlobal,MAP
50Traced_NONETRACED_RFNONE_RAW_LSA_49_SUM.csv,0.8550878684807256,0.7906077293361362,2.2936507936507935,0.8289927769888814
