Technique,AUC,Credibility,LagGlobal,MAP
50Traced_NONETRACED_MAX_MULTI_LSA_99_SUM.csv,0.9534303800885433,0.7346729457533795,1.5952380952380953,0.9258835858589405
