Technique,AUC,Credibility,LagGlobal,MAP
50Traced_NONETRACED_SUM_SINGLE_LSA_63_MAX.csv,0.9640495086923659,-0.29164488095238095,1.8531746031746033,0.9408821131970958
