Technique,AUC,Credibility,LagGlobal,MAP
50Traced_NONETRACED_MEDIAN_MULTI_LSA_41_SUM.csv,0.7854679570240795,0.6639266683582847,2.2936507936507935,0.6850924286364838
