Technique,AUC,Credibility,LagGlobal,MAP
50Traced_NONETRACED_SUM_MULTI_LSA_71_SUM.csv,0.9406820267789655,0.7348361891900789,1.9801587301587302,0.9086600004095059
