Technique,AUC,Credibility,LagGlobal,MAP
50Traced_NONETRACED_RFUNDER_SINGLE_LSA_64_SUM.csv,0.9004427167692474,0.8271674587941382,2.1547619047619047,0.8806059997480215
