Technique,AUC,Credibility,LagGlobal,MAP
50Traced_NONETRACED_RFNONE_RAW_VSM_35_MAX.csv,0.8446948223733939,0.7797985714285715,2.2936507936507935,0.8146384754320557
