Technique,AUC,Credibility,LagGlobal,MAP
50Traced_NONETRACED_MAX_MULTI_LSA_59_SUM.csv,0.9480820105820105,0.7421799148970174,2.1547619047619047,0.9308260169344589
