Technique,AUC,Credibility,LagGlobal,MAP
50Traced_NONETRACED_RFNONE_MULTI_VSM_87_MAX.csv,0.9502483533095778,0.857870119047619,1.8452380952380953,0.9288161884775378
