Technique,AUC,Credibility,LagGlobal,MAP
50Traced_NONETRACED_SUM_MULTI_VSM_59_MEDIAN.csv,0.9518208076881547,-0.12436678571428571,2.238095238095238,0.9264747110690703
