Technique,AUC,Credibility,LagGlobal,MAP
50Traced_NONETRACED_MAX_SINGLE_VSM_18_MAX.csv,0.9849267087787497,0.7476907142857143,0.6349206349206349,0.971384909790973
