Technique,AUC,Credibility,LagGlobal,MAP
50Traced_NONETRACED_RFUNDER_MULTI_LSA_28_SUM.csv,0.9069889860706187,0.8081259330347622,2.2222222222222223,0.8332794439053196
