Technique,AUC,Credibility,LagGlobal,MAP
50Traced_NONETRACED_RFSMOTE_RAW_VSM_39_SUM.csv,0.8825619533527698,0.7822294580020108,2.2936507936507935,0.8348635879275162
