Technique,AUC,Credibility,LagGlobal,MAP
50Traced_NONETRACED_RFUNDER_RAW_LSA_69_MAX.csv,0.8604261148904006,0.7920123809523809,2.2936507936507935,0.8406411823031811
