Technique,AUC,Credibility,LagGlobal,MAP
50Traced_NONETRACED_RFSMOTE_MULTI_LSA_11_MAX.csv,0.8477115052370154,0.7528173809523809,2.2936507936507935,0.6997212861222173
