Technique,AUC,Credibility,LagGlobal,MAP
50Traced_NONETRACED_SUM_SINGLE_VSM_81_MEDIAN.csv,0.9674744897959183,-0.2859675,1.007936507936508,0.9283052278545363
