Technique,AUC,Credibility,LagGlobal,MAP
50Traced_NONETRACED_RFSMOTE_SINGLE_VSM_31_MAX.csv,0.8513659432026779,0.7414380952380952,2.2182539682539684,0.7616758989967658
