Technique,AUC,Credibility,LagGlobal,MAP
50Traced_NONETRACED_MEDIAN_SINGLE_LSA_32_SUM.csv,0.7790060468631897,0.6644325803035651,2.2936507936507935,0.6819159417010622
