Technique,AUC,Credibility,LagGlobal,MAP
50Traced_NONETRACED_SUM_MULTI_VSM_51_SUM.csv,0.9504744358060685,0.7298720292096066,1.4761904761904763,0.882238076078683
