Technique,AUC,Credibility,LagGlobal,MAP
50Traced_NONETRACED_MAX_SINGLE_VSM_18_SUM.csv,0.9798584116186158,0.729257570087629,0.7380952380952381,0.963353312090887
