Technique,AUC,Credibility,LagGlobal,MAP
50Traced_NONETRACED_RFUNDER_MULTI_LSA_73_SUM.csv,0.9056932296728214,0.8005093227310118,2.2936507936507935,0.8162690121851641
