Technique,AUC,Credibility,LagGlobal,MAP
50Traced_NONETRACED_SUM_MULTI_LSA_5_MEDIAN.csv,0.9365079365079365,-0.16308285714285714,2.0992063492063493,0.9048205458692383
