Technique,AUC,Credibility,LagGlobal,MAP
50Traced_NONETRACED_SUM_RAW_VSM_53_MAX.csv,0.9658885379548644,0.5414254761904762,2.0634920634920637,0.9436727395694577
