Technique,AUC,Credibility,LagGlobal,MAP
50Traced_NONETRACED_MAX_MULTI_LSA_75_MEDIAN.csv,0.9783804394773783,0.7530825,1.5317460317460319,0.965389059386753
