Technique,AUC,Credibility,LagGlobal,MAP
50Traced_NONETRACED_RFUNDER_RAW_LSA_65_SUM.csv,0.8696786254184213,0.8005093227310118,2.2936507936507935,0.8491902334092427
