Technique,AUC,Credibility,LagGlobal,MAP
50Traced_NONETRACED_RFSMOTE_RAW_VSM_58_MEDIAN.csv,0.8603721250404923,0.7741797619047619,2.1587301587301586,0.8069037197043902
