Technique,AUC,Credibility,LagGlobal,MAP
50Traced_NONETRACED_RFUNDER_MULTI_LSA_14_SUM.csv,0.8947872799913617,0.7974626786095116,2.2936507936507935,0.8136489180828966
