Technique,AUC,Credibility,LagGlobal,MAP
50Traced_NONETRACED_MAX_RAW_VSM_78_SUM.csv,0.9113115484288954,0.7567899798355824,2.3253968253968256,0.880521659339891
