Technique,AUC,Credibility,LagGlobal,MAP
50Traced_NONETRACED_RFNONE_MULTI_VSM_79_MEDIAN.csv,0.9207867670877874,0.8364135714285714,2.0198412698412698,0.8742933355179878
