Technique,AUC,Credibility,LagGlobal,MAP
50Traced_NONETRACED_SUM_SINGLE_VSM_23_MEDIAN.csv,0.9496544649605874,-0.1807795238095238,1.2142857142857142,0.9105991517561126
