Technique,AUC,Credibility,LagGlobal,MAP
50Traced_NONETRACED_RFSMOTE_RAW_VSM_7_MAX.csv,0.854389374797538,0.7569127380952381,2.2936507936507935,0.7951103102034784
