Technique,AUC,Credibility,LagGlobal,MAP
50Traced_NONETRACED_MAX_RAW_VSM_30_SUM.csv,0.9534438775510203,0.7763555521823552,1.6071428571428572,0.9300329631973934
