Technique,AUC,Credibility,LagGlobal,MAP
50Traced_NONETRACED_MAX_MULTI_VSM_60_SUM.csv,0.9507983749055178,0.7514622347370267,2.2063492063492065,0.9371014632305761
