Technique,AUC,Credibility,LagGlobal,MAP
50Traced_NONETRACED_RFNONE_MULTI_LSA_59_MEDIAN.csv,0.9180400334737069,0.8425166666666667,2.2182539682539684,0.8848573329777499
