Technique,AUC,Credibility,LagGlobal,MAP
50Traced_NONETRACED_MEDIAN_RAW_VSM_17_SUM.csv,0.7804367778857575,0.6641058626633027,2.3055555555555554,0.6829905519579755
