Technique,AUC,Credibility,LagGlobal,MAP
50Traced_NONETRACED_SUM_RAW_VSM_41_MAX.csv,0.9394436345966957,0.47730357142857144,2.2698412698412698,0.9253791761489055
