Technique,AUC,Credibility,LagGlobal,MAP
50Traced_NONETRACED_RFUNDER_MULTI_LSA_93_MAX.csv,0.844441744951949,0.758144880952381,2.2182539682539684,0.6321306144181095
