Technique,AUC,Credibility,LagGlobal,MAP
50Traced_NONETRACED_RFUNDER_MULTI_LSA_61_MAX.csv,0.9120977756181838,0.8412013095238096,2.2182539682539684,0.8463252117172235
