Technique,AUC,Credibility,LagGlobal,MAP
50Traced_NONETRACED_RFSMOTE_MULTI_LSA_36_MEDIAN.csv,0.8269490335816866,0.7355921428571428,2.2222222222222223,0.7021370621690507
