Technique,AUC,Credibility,LagGlobal,MAP
50Traced_NONETRACED_MEDIAN_SINGLE_VSM_75_SUM.csv,0.7834298401900444,0.6653878034339846,2.2936507936507935,0.68905385079718
