Technique,AUC,Credibility,LagGlobal,MAP
50Traced_NONETRACED_MEDIAN_SINGLE_VSM_63_SUM.csv,0.7810137944066515,0.6659989309494347,2.2936507936507935,0.6903453728257322
