Technique,AUC,Credibility,LagGlobal,MAP
50Traced_NONETRACED_MAX_MULTI_VSM_71_SUM.csv,0.9570544487636325,0.7434388911371914,2.1587301587301586,0.9428111489061992
