Technique,AUC,Credibility,LagGlobal,MAP
50Traced_NONETRACED_MAX_MULTI_VSM_24_SUM.csv,0.944015900010798,0.7416685937831223,2.1587301587301586,0.930887356339711
