Technique,AUC,Credibility,LagGlobal,MAP
50Traced_NONETRACED_RFNONE_SINGLE_LSA_42_MEDIAN.csv,0.9017519706295217,0.8357822619047619,2.2182539682539684,0.8923854328912073
