Technique,AUC,Credibility,LagGlobal,MAP
50Traced_NONETRACED_RFUNDER_SINGLE_VSM_60_MEDIAN.csv,0.9282238689126445,0.8536673809523809,2.2182539682539684,0.9191869258083236
