Technique,AUC,Credibility,LagGlobal,MAP
50Traced_NONETRACED_RFUNDER_MULTI_LSA_33_MEDIAN.csv,0.9033345481049562,0.8276785714285714,2.2182539682539684,0.797552572468881
