Technique,AUC,Credibility,LagGlobal,MAP
50Traced_NONETRACED_RFNONE_MULTI_VSM_52_SUM.csv,0.8914905247813412,0.8286907808548883,2.2182539682539684,0.8701904725523546
