Technique,AUC,Credibility,LagGlobal,MAP
50Traced_NONETRACED_RFSMOTE_RAW_VSM_75_MAX.csv,0.8866820537738905,0.7944732142857143,2.2182539682539684,0.8172323245314803
