Technique,AUC,Credibility,LagGlobal,MAP
50Traced_NONETRACED_MEDIAN_MULTI_VSM_17_SUM.csv,0.7894463340891913,0.6663698772191804,2.2976190476190474,0.6968702492461403
