Technique,AUC,Credibility,LagGlobal,MAP
50Traced_NONETRACED_RFNONE_SINGLE_LSA_23_SUM.csv,0.9013605442176871,0.7991888049659244,2.123015873015873,0.8786398411864557
