Technique,AUC,Credibility,LagGlobal,MAP
50Traced_NONETRACED_MAX_MULTI_LSA_35_SUM.csv,0.9432195497246517,0.7230026506878722,2.1785714285714284,0.9264949677996174
