Technique,AUC,Credibility,LagGlobal,MAP
50Traced_NONETRACED_RFUNDER_MULTI_LSA_9_MAX.csv,0.8854605334197172,0.7910155952380953,2.2182539682539684,0.7015670644756058
