Technique,AUC,Credibility,LagGlobal,MAP
50Traced_NONETRACED_RFUNDER_RAW_LSA_44_SUM.csv,0.8851365943202679,0.8020326447917618,2.2936507936507935,0.8677117759379235
