Technique,AUC,Credibility,LagGlobal,MAP
50Traced_NONETRACED_RFSMOTE_MULTI_VSM_76_SUM.csv,0.8995822535363351,0.8157425433385126,2.2936507936507935,0.8537909287486956
