Technique,AUC,Credibility,LagGlobal,MAP
50Traced_NONETRACED_MAX_RAW_LSA_77_MEDIAN.csv,0.9527285120397364,0.7908736904761905,1.8968253968253967,0.9319683484067436
