Technique,AUC,Credibility,LagGlobal,MAP
50Traced_NONETRACED_MAX_MULTI_LSA_3_MEDIAN.csv,0.9736259583198359,0.752275119047619,1.623015873015873,0.9557828479334222
