Technique,AUC,Credibility,LagGlobal,MAP
50Traced_NONETRACED_MAX_SINGLE_VSM_5_MAX.csv,0.9782893316056581,0.7467815476190476,1.0634920634920635,0.9606956714999797
