Technique,AUC,Credibility,LagGlobal,MAP
50Traced_NONETRACED_MAX_RAW_VSM_66_SUM.csv,0.9349118615700247,0.7722025393359909,1.9206349206349207,0.9102742987510962
