Technique,AUC,Credibility,LagGlobal,MAP
50Traced_NONETRACED_RFUNDER_RAW_LSA_63_SUM.csv,0.9138119533527697,0.8104109161258873,2.2936507936507935,0.8875939318651258
