Technique,AUC,Credibility,LagGlobal,MAP
50Traced_NONETRACED_RFUNDER_RAW_LSA_86_SUM.csv,0.8783439963286901,0.8022894071028593,2.2936507936507935,0.8579611485634162
