Technique,AUC,Credibility,LagGlobal,MAP
50Traced_NONETRACED_RFNONE_MULTI_VSM_94_SUM.csv,0.9024740848720441,0.8256441367333882,2.2936507936507935,0.8790715151223902
