Technique,AUC,Credibility,LagGlobal,MAP
50Traced_NONETRACED_RFUNDER_RAW_LSA_63_MEDIAN.csv,0.9139907947305906,0.8182747619047619,2.2936507936507935,0.8878902575833059
