Technique,AUC,Credibility,LagGlobal,MAP
50Traced_NONETRACED_RFNONE_RAW_LSA_51_SUM.csv,0.8754116726055503,0.8007391060343919,2.2936507936507935,0.8527629653333737
