Technique,AUC,Credibility,LagGlobal,MAP
50Traced_NONETRACED_SUM_SINGLE_VSM_81_SUM.csv,0.9671404275996113,0.7465360412662823,1.0436507936507937,0.9277681457164663
