Technique,AUC,Credibility,LagGlobal,MAP
50Traced_NONETRACED_MAX_SINGLE_VSM_25_SUM.csv,0.9777291869128604,0.7362349069558218,1.1031746031746033,0.9595378004918387
