Technique,AUC,Credibility,LagGlobal,MAP
50Traced_NONETRACED_MAX_RAW_VSM_72_SUM.csv,0.9407461397257315,0.7602518467933307,2.1468253968253967,0.9150854781014335
