Technique,AUC,Credibility,LagGlobal,MAP
50Traced_NONETRACED_SUM_RAW_VSM_84_MAX.csv,0.9352931648850016,0.4469234523809524,2.246031746031746,0.9158952787081498
