Technique,AUC,Credibility,LagGlobal,MAP
50Traced_NONETRACED_RFSMOTE_MULTI_VSM_39_MEDIAN.csv,0.8165154950869236,0.7252401190476191,2.2222222222222223,0.6576745162527183
