Technique,AUC,Credibility,LagGlobal,MAP
50Traced_NONETRACED_RFUNDER_RAW_VSM_1_SUM.csv,0.8881127847964583,0.8050792889132621,2.2182539682539684,0.8668584791175941
