Technique,AUC,Credibility,LagGlobal,MAP
50Traced_NONETRACED_SUM_RAW_VSM_77_SUM.csv,0.9400071536551129,0.7434030248950425,1.757936507936508,0.9115473476860358
