Technique,AUC,Credibility,LagGlobal,MAP
50Traced_NONETRACED_RFUNDER_RAW_LSA_38_MEDIAN.csv,0.8741125418421336,0.800054880952381,2.2182539682539684,0.8540865652404261
