Technique,AUC,Credibility,LagGlobal,MAP
50Traced_NONETRACED_MAX_SINGLE_VSM_11_SUM.csv,0.973909405031854,0.7313653856441142,1.1746031746031746,0.9595867237232556
