Technique,AUC,Credibility,LagGlobal,MAP
50Traced_NONETRACED_SUM_RAW_LSA_80_MAX.csv,0.9477783176762768,0.4829622619047619,1.8333333333333333,0.9149441602006447
