Technique,AUC,Credibility,LagGlobal,MAP
50Traced_NONETRACED_MEDIAN_MULTI_LSA_60_MAX.csv,0.778202947845805,0.6757669047619047,2.2936507936507935,0.6795029757968524
