Technique,AUC,Credibility,LagGlobal,MAP
50Traced_NONETRACED_RFUNDER_MULTI_LSA_79_SUM.csv,0.8938424576179679,0.8165042043688877,2.2182539682539684,0.8348027834799876
