Technique,AUC,Credibility,LagGlobal,MAP
50Traced_NONETRACED_RFNONE_MULTI_LSA_81_MAX.csv,0.8961167800453516,0.8063772619047619,2.2936507936507935,0.8415440430977454
