Technique,AUC,Credibility,LagGlobal,MAP
50Traced_NONETRACED_RFNONE_RAW_VSM_98_SUM.csv,0.8717504859086491,0.7937627512262881,2.1785714285714284,0.8458404002633216
