Technique,AUC,Credibility,LagGlobal,MAP
50Traced_NONETRACED_RFNONE_MULTI_VSM_13_SUM.csv,0.9016642371234209,0.821835831581513,2.2182539682539684,0.8600745946737829
