Technique,AUC,Credibility,LagGlobal,MAP
50Traced_NONETRACED_RFNONE_SINGLE_LSA_84_SUM.csv,0.8586242036497138,0.7997476617006367,2.2936507936507935,0.8327634275893682
