Technique,AUC,Credibility,LagGlobal,MAP
50Traced_NONETRACED_RFNONE_SINGLE_VSM_96_SUM.csv,0.8718719630709426,0.8081259330347622,2.2182539682539684,0.8499690406076907
