Technique,AUC,Credibility,LagGlobal,MAP
50Traced_NONETRACED_RFSMOTE_MULTI_LSA_7_SUM.csv,0.8608175413022352,0.7751983092911432,2.123015873015873,0.8177686980933201
