Technique,AUC,Credibility,LagGlobal,MAP
50Traced_NONETRACED_RFNONE_SINGLE_LSA_45_MEDIAN.csv,0.906941744951949,0.806640119047619,2.0476190476190474,0.8831396693414015
