Technique,AUC,Credibility,LagGlobal,MAP
50Traced_NONETRACED_RFNONE_RAW_LSA_33_SUM.csv,0.9264793218874852,0.821074170551138,2.0476190476190474,0.9068359534666501
