Technique,AUC,Credibility,LagGlobal,MAP
50Traced_NONETRACED_MAX_SINGLE_LSA_31_SUM.csv,0.9660268869452544,0.7387361893152222,1.2341269841269842,0.943135862011582
