Technique,AUC,Credibility,LagGlobal,MAP
50Traced_NONETRACED_MAX_MULTI_LSA_77_SUM.csv,0.9644071914480078,0.7531023872998056,1.6587301587301588,0.9474062341396609
