Technique,AUC,Credibility,LagGlobal,MAP
50Traced_NONETRACED_SUM_RAW_VSM_70_SUM.csv,0.9443904545945362,0.7383005525147582,1.9246031746031746,0.916566351463863
