Technique,AUC,Credibility,LagGlobal,MAP
50Traced_NONETRACED_MAX_RAW_VSM_5_SUM.csv,0.9595919717093186,0.767796439352746,1.2976190476190477,0.938084802225267
