Technique,AUC,Credibility,LagGlobal,MAP
50Traced_NONETRACED_MEDIAN_SINGLE_LSA_97_SUM.csv,0.7813950977216284,0.6656195990321465,2.2976190476190474,0.6859071911445742
