Technique,AUC,Credibility,LagGlobal,MAP
50Traced_NONETRACED_RFNONE_RAW_LSA_99_SUM.csv,0.9019510582010581,0.7959393565487616,2.2936507936507935,0.878846169738676
