Technique,AUC,Credibility,LagGlobal,MAP
50Traced_NONETRACED_RFNONE_SINGLE_LSA_8_SUM.csv,0.88164412590433,0.7951776955183865,2.1547619047619047,0.850086413520079
