Technique,AUC,Credibility,LagGlobal,MAP
50Traced_NONETRACED_MAX_SINGLE_LSA_72_MAX.csv,0.9856994385055611,0.7638284523809524,0.8492063492063492,0.9770979248831618
