Technique,AUC,Credibility,LagGlobal,MAP
50Traced_NONETRACED_RFNONE_SINGLE_LSA_78_MAX.csv,0.8704850988014254,0.8069277380952381,2.2182539682539684,0.8463984829065895
