Technique,AUC,Credibility,LagGlobal,MAP
50Traced_NONETRACED_MEDIAN_MULTI_VSM_70_SUM.csv,0.7894868264766224,0.6677712431641705,2.2976190476190474,0.7004573665241519
