Technique,AUC,Credibility,LagGlobal,MAP
50Traced_NONETRACED_RFUNDER_SINGLE_VSM_10_SUM.csv,0.9045324478997948,0.8324990860067636,2.2182539682539684,0.8884333971857868
