Technique,AUC,Credibility,LagGlobal,MAP
50Traced_NONETRACED_SUM_MULTI_VSM_29_SUM.csv,0.9264084602094806,0.7248598895841475,2.0833333333333335,0.8804725616750027
