Technique,AUC,Credibility,LagGlobal,MAP
50Traced_NONETRACED_RFNONE_SINGLE_VSM_27_SUM.csv,0.8817048644854767,0.8088875940651372,2.2182539682539684,0.8631545083772555
