Technique,AUC,Credibility,LagGlobal,MAP
50Traced_NONETRACED_MAX_RAW_LSA_69_MEDIAN.csv,0.9632936507936508,0.8033079761904762,1.7023809523809523,0.9419512613913235
