Technique,AUC,Credibility,LagGlobal,MAP
50Traced_NONETRACED_MEDIAN_SINGLE_LSA_27_SUM.csv,0.7819721142425223,0.6645083735092616,2.2936507936507935,0.6872492659346885
