Technique,AUC,Credibility,LagGlobal,MAP
50Traced_NONETRACED_RFSMOTE_MULTI_VSM_50_SUM.csv,0.8770178706403196,0.7627828185752602,2.2182539682539684,0.799255415744427
