Technique,AUC,Credibility,LagGlobal,MAP
50Traced_NONETRACED_RFNONE_MULTI_LSA_13_MAX.csv,0.8946590540978296,0.8226097619047619,2.2182539682539684,0.8709251324650946
