Technique,AUC,Credibility,LagGlobal,MAP
50Traced_NONETRACED_RFSMOTE_SINGLE_VSM_76_SUM.csv,0.9078595724003886,0.8073642720043872,2.0476190476190474,0.8675765500634776
