Technique,AUC,Credibility,LagGlobal,MAP
50Traced_NONETRACED_SUM_RAW_LSA_46_SUM.csv,0.9487737555339596,0.7357434931526367,1.5714285714285714,0.9151954410849273
