Technique,AUC,Credibility,LagGlobal,MAP
50Traced_NONETRACED_RFSMOTE_RAW_LSA_45_SUM.csv,0.8636655058848937,0.781402745463006,2.2936507936507935,0.820586664825979
