Technique,AUC,Credibility,LagGlobal,MAP
50Traced_NONETRACED_SUM_SINGLE_LSA_32_SUM.csv,0.9690975596587842,0.75283197774377,0.8253968253968254,0.9407113413184047
