Technique,AUC,Credibility,LagGlobal,MAP
50Traced_NONETRACED_RFNONE_SINGLE_LSA_25_SUM.csv,0.8784755965878415,0.7881934886735129,2.2182539682539684,0.8534505771774956
