Technique,AUC,Credibility,LagGlobal,MAP
50Traced_NONETRACED_RFUNDER_SINGLE_VSM_88_SUM.csv,0.9270563384083792,0.839354035280139,2.2182539682539684,0.9124044740816011
