Technique,AUC,Credibility,LagGlobal,MAP
50Traced_NONETRACED_RFSMOTE_MULTI_VSM_62_SUM.csv,0.8411787333981211,0.7715662035767602,2.2936507936507935,0.8025848663956684
