Technique,AUC,Credibility,LagGlobal,MAP
50Traced_NONETRACED_MEDIAN_RAW_LSA_84_SUM.csv,0.7827178490443796,0.6651319789766528,2.2936507936507935,0.6853995116340926
