Technique,AUC,Credibility,LagGlobal,MAP
50Traced_NONETRACED_RFNONE_MULTI_VSM_77_SUM.csv,0.900091782744844,0.821835831581513,2.2182539682539684,0.8677677495863092
