Technique,AUC,Credibility,LagGlobal,MAP
50Traced_NONETRACED_RFNONE_SINGLE_LSA_48_SUM.csv,0.8776590001079797,0.784514441093136,2.2182539682539684,0.8501459478893886
