Technique,AUC,Credibility,LagGlobal,MAP
50Traced_NONETRACED_RFSMOTE_MULTI_VSM_67_MEDIAN.csv,0.9289122394989742,0.8514941666666667,2.2182539682539684,0.9093903075815831
