Technique,AUC,Credibility,LagGlobal,MAP
50Traced_NONETRACED_SUM_RAW_LSA_77_SUM.csv,0.9615356063060144,0.7413237562468795,1.9484126984126984,0.9317168363398858
