Technique,AUC,Credibility,LagGlobal,MAP
50Traced_NONETRACED_SUM_SINGLE_LSA_7_SUM.csv,0.9425379278695605,0.7422083145622225,1.7023809523809523,0.8860042375785488
