Technique,AUC,Credibility,LagGlobal,MAP
50Traced_NONETRACED_RFNONE_MULTI_LSA_19_MEDIAN.csv,0.8656968739876904,0.8016946428571429,2.2182539682539684,0.7802750511368113
