Technique,AUC,Credibility,LagGlobal,MAP
50Traced_NONETRACED_SUM_MULTI_LSA_38_MEDIAN.csv,0.931098828420257,-0.06524988095238095,2.1031746031746033,0.8777703174372562
