Technique,AUC,Credibility,LagGlobal,MAP
50Traced_NONETRACED_MAX_SINGLE_VSM_44_MAX.csv,0.9754211208292841,0.7516579761904761,1.0158730158730158,0.9563319993544205
