Technique,AUC,Credibility,LagGlobal,MAP
50Traced_NONETRACED_RFUNDER_RAW_LSA_4_MEDIAN.csv,0.8992920580930786,0.8269815476190476,2.1785714285714284,0.8828649266424596
