Technique,AUC,Credibility,LagGlobal,MAP
50Traced_NONETRACED_MAX_RAW_VSM_26_MAX.csv,0.9598754184213367,0.7968735714285714,2.3134920634920637,0.9394098895542063
