Technique,AUC,Credibility,LagGlobal,MAP
50Traced_NONETRACED_SUM_MULTI_VSM_23_MAX.csv,0.9303395961559227,-0.2277952380952381,1.7301587301587302,0.8788126187914312
