Technique,AUC,Credibility,LagGlobal,MAP
50Traced_NONETRACED_MEDIAN_MULTI_VSM_74_MEDIAN.csv,0.7782333171363783,0.6757891666666667,2.2936507936507935,0.6795088790779007
