Technique,AUC,Credibility,LagGlobal,MAP
50Traced_NONETRACED_RFSMOTE_MULTI_VSM_51_MEDIAN.csv,0.9045054529748408,0.8100347619047619,2.1547619047619047,0.8592374040981144
