Technique,AUC,Credibility,LagGlobal,MAP
50Traced_NONETRACED_RFUNDER_MULTI_VSM_11_MAX.csv,0.9079169366159161,0.8205888095238095,2.2182539682539684,0.7629051958958487
