Technique,AUC,Credibility,LagGlobal,MAP
50Traced_NONETRACED_RFNONE_RAW_VSM_62_MEDIAN.csv,0.8913892938127632,0.8050219047619047,2.2936507936507935,0.8723990720626642
