Technique,AUC,Credibility,LagGlobal,MAP
50Traced_NONETRACED_RFUNDER_SINGLE_VSM_35_MEDIAN.csv,0.9252847964582659,0.8561297619047619,2.2936507936507935,0.9171140514291487
