Technique,AUC,Credibility,LagGlobal,MAP
50Traced_NONETRACED_MAX_RAW_VSM_12_MAX.csv,0.9557755641939315,0.7968517857142857,1.7182539682539681,0.9402998003729808
