Technique,AUC,Credibility,LagGlobal,MAP
50Traced_NONETRACED_RFSMOTE_MULTI_VSM_16_MEDIAN.csv,0.8544231184537308,0.7856930952380953,2.2222222222222223,0.7759063744903667
