Technique,AUC,Credibility,LagGlobal,MAP
50Traced_NONETRACED_RFSMOTE_SINGLE_VSM_57_MAX.csv,0.8434665532879818,0.7593458333333334,2.2936507936507935,0.7638826947874677
