Technique,AUC,Credibility,LagGlobal,MAP
50Traced_NONETRACED_MAX_RAW_VSM_5_MAX.csv,0.9690638160025915,0.7884892857142857,1.2023809523809523,0.9489368658494481
