Technique,AUC,Credibility,LagGlobal,MAP
50Traced_NONETRACED_RFSMOTE_SINGLE_LSA_21_MAX.csv,0.8797511067919231,0.801339880952381,2.2182539682539684,0.844711234380142
