Technique,AUC,Credibility,LagGlobal,MAP
50Traced_NONETRACED_RFUNDER_SINGLE_LSA_54_SUM.csv,0.9206315462693013,0.8424006794016391,2.2182539682539684,0.9154926882526777
