Technique,AUC,Credibility,LagGlobal,MAP
50Traced_NONETRACED_RFUNDER_RAW_LSA_39_MAX.csv,0.8912543191879927,0.8120569047619047,2.2182539682539684,0.874811653884623
