Technique,AUC,Credibility,LagGlobal,MAP
50Traced_NONETRACED_SUM_MULTI_VSM_24_MEDIAN.csv,0.9286760339056257,-0.11512047619047619,1.4484126984126984,0.8710499838120033
