Technique,AUC,Credibility,LagGlobal,MAP
50Traced_NONETRACED_RFUNDER_MULTI_VSM_58_SUM.csv,0.9250350934024403,0.8271674587941382,2.123015873015873,0.8599611007260658
