Technique,AUC,Credibility,LagGlobal,MAP
50Traced_NONETRACED_SUM_SINGLE_VSM_95_SUM.csv,0.9561602418745275,0.745413387416654,1.003968253968254,0.9164889279513979
