Technique,AUC,Credibility,LagGlobal,MAP
50Traced_NONETRACED_RFSMOTE_RAW_VSM_32_MAX.csv,0.8590122556959292,0.768332738095238,2.2222222222222223,0.7910956023117067
