Technique,AUC,Credibility,LagGlobal,MAP
50Traced_NONETRACED_RFUNDER_SINGLE_VSM_29_MAX.csv,0.9055886243386244,0.8415163095238095,2.2182539682539684,0.8829859109156913
