Technique,AUC,Credibility,LagGlobal,MAP
50Traced_NONETRACED_MEDIAN_SINGLE_VSM_98_SUM.csv,0.7812466256343807,0.6734102492168139,2.2976190476190474,0.6894589653455367
