Technique,AUC,Credibility,LagGlobal,MAP
50Traced_NONETRACED_SUM_SINGLE_VSM_54_SUM.csv,0.9580026455026455,0.749052880030994,1.8095238095238095,0.9221403187869239
