Technique,AUC,Credibility,LagGlobal,MAP
50Traced_NONETRACED_MEDIAN_MULTI_VSM_16_SUM.csv,0.7869290573372206,0.6646110345978883,2.2936507936507935,0.6895372677765915
