Technique,AUC,Credibility,LagGlobal,MAP
50Traced_NONETRACED_SUM_RAW_LSA_57_MAX.csv,0.9661686103012633,0.4998660714285714,1.6111111111111112,0.9443197996908342
