Technique,AUC,Credibility,LagGlobal,MAP
50Traced_NONETRACED_MAX_RAW_LSA_96_SUM.csv,0.9246537900874636,0.7678931825878391,2.0992063492063493,0.9009370013331353
