Technique,AUC,Credibility,LagGlobal,MAP
50Traced_NONETRACED_MAX_SINGLE_LSA_82_SUM.csv,0.9718004265198144,0.7408344615544452,1.2301587301587302,0.952559764568971
