Technique,AUC,Credibility,LagGlobal,MAP
50Traced_NONETRACED_RFSMOTE_RAW_VSM_68_MAX.csv,0.8946590540978299,0.7966520238095238,2.2222222222222223,0.8479133230269257
