Technique,AUC,Credibility,LagGlobal,MAP
50Traced_NONETRACED_MAX_SINGLE_LSA_22_MEDIAN.csv,0.9529343483425116,0.7309019047619048,0.996031746031746,0.9252588990480803
