Technique,AUC,Credibility,LagGlobal,MAP
50Traced_NONETRACED_RFUNDER_SINGLE_LSA_5_SUM.csv,0.9137714609653385,0.8317374249763885,2.123015873015873,0.8976778675279483
