Technique,AUC,Credibility,LagGlobal,MAP
50Traced_NONETRACED_RFNONE_MULTI_VSM_40_SUM.csv,0.8948075261850773,0.822597492611888,2.2182539682539684,0.8770465374585961
