Technique,AUC,Credibility,LagGlobal,MAP
50Traced_NONETRACED_SUM_MULTI_LSA_9_MEDIAN.csv,0.9399902818270165,-0.1497295238095238,1.869047619047619,0.895044973409911
