Technique,AUC,Credibility,LagGlobal,MAP
50Traced_NONETRACED_SUM_RAW_VSM_33_SUM.csv,0.9630641939315409,0.7444103499454607,1.6785714285714286,0.9454109254591693
