Technique,AUC,Credibility,LagGlobal,MAP
50Traced_NONETRACED_RFSMOTE_SINGLE_LSA_64_SUM.csv,0.8477115052370154,0.745602295508118,2.2936507936507935,0.7941343063087032
