Technique,AUC,Credibility,LagGlobal,MAP
50Traced_NONETRACED_MAX_RAW_LSA_84_SUM.csv,0.9286895313681027,0.7568150717799635,1.9682539682539681,0.9049889677244459
