Technique,AUC,Credibility,LagGlobal,MAP
50Traced_NONETRACED_MEDIAN_SINGLE_VSM_47_SUM.csv,0.7828696954972465,0.6649232428317686,2.2936507936507935,0.6877868471350355
