Technique,AUC,Credibility,LagGlobal,MAP
50Traced_NONETRACED_RFNONE_RAW_VSM_66_SUM.csv,0.8953541734153978,0.8081259330347622,2.2936507936507935,0.8828715483738532
