Technique,AUC,Credibility,LagGlobal,MAP
50Traced_NONETRACED_RFSMOTE_MULTI_VSM_90_SUM.csv,0.9099550534499514,0.8302141029156385,2.2222222222222223,0.8912693986260058
