Technique,AUC,Credibility,LagGlobal,MAP
50Traced_NONETRACED_MAX_SINGLE_VSM_41_SUM.csv,0.975802424144261,0.7309853361270512,1.5753968253968254,0.9581112556146155
