Technique,AUC,Credibility,LagGlobal,MAP
50Traced_NONETRACED_RFUNDER_SINGLE_LSA_30_MEDIAN.csv,0.8937783446712019,0.8397484523809524,2.2182539682539684,0.8733096221748965
