Technique,AUC,Credibility,LagGlobal,MAP
50Traced_NONETRACED_RFUNDER_RAW_VSM_59_SUM.csv,0.8796161321671525,0.8058409499436371,2.2182539682539684,0.8601151291882684
