Technique,AUC,Credibility,LagGlobal,MAP
50Traced_NONETRACED_RFUNDER_SINGLE_VSM_15_SUM.csv,0.9285005668934241,0.8416390183712641,2.1785714285714284,0.9169306736747022
