Technique,AUC,Credibility,LagGlobal,MAP
50Traced_NONETRACED_RFSMOTE_RAW_VSM_40_MEDIAN.csv,0.9340513983371126,0.8438825,2.1785714285714284,0.9062363265139978
