Technique,AUC,Credibility,LagGlobal,MAP
50Traced_NONETRACED_SUM_SINGLE_VSM_63_SUM.csv,0.9658547942986718,0.7533372263084396,1.257936507936508,0.930395441723146
