Technique,AUC,Credibility,LagGlobal,MAP
50Traced_NONETRACED_RFUNDER_MULTI_LSA_21_MEDIAN.csv,0.881900577691394,0.7972698809523809,2.2936507936507935,0.7215261443633659
