Technique,AUC,Credibility,LagGlobal,MAP
50Traced_NONETRACED_RFUNDER_MULTI_VSM_85_SUM.csv,0.9032704351581902,0.8248824757030131,2.2182539682539684,0.8627685787686077
