Technique,AUC,Credibility,LagGlobal,MAP
50Traced_NONETRACED_SUM_SINGLE_LSA_62_SUM.csv,0.9616807040276427,0.7483307702031577,0.9126984126984127,0.9272060931919551
