Technique,AUC,Credibility,LagGlobal,MAP
50Traced_NONETRACED_RFUNDER_MULTI_LSA_65_SUM.csv,0.9288818702084007,0.8355457301282637,2.123015873015873,0.9008108207857604
