Technique,AUC,Credibility,LagGlobal,MAP
50Traced_NONETRACED_RFUNDER_SINGLE_LSA_22_MAX.csv,0.9171492009502215,0.8554940476190476,2.2182539682539684,0.9150058814073485
