Technique,AUC,Credibility,LagGlobal,MAP
50Traced_NONETRACED_SUM_RAW_VSM_63_MAX.csv,0.9279404222006263,0.49305714285714286,1.5912698412698412,0.8910862259843196
