Technique,AUC,Credibility,LagGlobal,MAP
50Traced_NONETRACED_SUM_SINGLE_VSM_11_MAX.csv,0.9666207752942446,-0.23391119047619047,1.119047619047619,0.9334798566563006
