Technique,AUC,Credibility,LagGlobal,MAP
50Traced_NONETRACED_RFSMOTE_SINGLE_LSA_73_SUM.csv,0.9010096101932836,0.7959393565487616,2.2182539682539684,0.8652262762911664
