Technique,AUC,Credibility,LagGlobal,MAP
50Traced_NONETRACED_MAX_SINGLE_VSM_0_MAX.csv,0.9873899956808121,0.7559707142857143,0.5714285714285714,0.9751572417257321
