Technique,AUC,Credibility,LagGlobal,MAP
50Traced_NONETRACED_RFSMOTE_MULTI_VSM_11_MAX.csv,0.8584521110031315,0.7707303571428571,2.2222222222222223,0.774514357644122
