Technique,AUC,Credibility,LagGlobal,MAP
50Traced_NONETRACED_RFSMOTE_SINGLE_LSA_22_SUM.csv,0.8324593726379441,0.7356450286955173,2.1785714285714284,0.7702402487154688
