Technique,AUC,Credibility,LagGlobal,MAP
50Traced_NONETRACED_RFNONE_MULTI_VSM_80_SUM.csv,0.8993966634272758,0.8172658653992627,2.2182539682539684,0.8854228822819756
