Technique,AUC,Credibility,LagGlobal,MAP
50Traced_NONETRACED_RFUNDER_MULTI_VSM_77_SUM.csv,0.9142202515927006,0.8347840690978887,2.2182539682539684,0.8877356629174913
