Technique,AUC,Credibility,LagGlobal,MAP
50Traced_NONETRACED_SUM_RAW_VSM_20_MAX.csv,0.951351770867077,0.42590630952380953,1.8849206349206349,0.9275048488927891
