Technique,AUC,Credibility,LagGlobal,MAP
50Traced_NONETRACED_RFSMOTE_MULTI_VSM_13_MEDIAN.csv,0.8622820159809956,0.7899228571428571,2.1547619047619047,0.7819118078399122
