Technique,AUC,Credibility,LagGlobal,MAP
50Traced_NONETRACED_RFUNDER_MULTI_LSA_54_MAX.csv,0.8570045081524672,0.7562552380952381,2.2936507936507935,0.627358391362044
