Technique,AUC,Credibility,LagGlobal,MAP
50Traced_NONETRACED_RFNONE_RAW_VSM_32_SUM.csv,0.8694694147500269,0.7913693903665113,2.2182539682539684,0.838926920766528
