Technique,AUC,Credibility,LagGlobal,MAP
50Traced_NONETRACED_SUM_RAW_LSA_4_MAX.csv,0.9546114080552857,0.4578696428571429,1.6388888888888888,0.9293510240936114
