Technique,AUC,Credibility,LagGlobal,MAP
50Traced_NONETRACED_MAX_RAW_VSM_86_SUM.csv,0.9392985368750675,0.7574806678762744,2.2738095238095237,0.9207198484138909
