Technique,AUC,Credibility,LagGlobal,MAP
50Traced_NONETRACED_RFNONE_SINGLE_VSM_29_SUM.csv,0.8898067163373286,0.8241208146726381,2.2182539682539684,0.8768073126958239
