Technique,AUC,Credibility,LagGlobal,MAP
50Traced_NONETRACED_SUM_RAW_VSM_92_SUM.csv,0.9215594968145988,0.740515495766652,1.869047619047619,0.8954237906497112
