Technique,AUC,Credibility,LagGlobal,MAP
50Traced_NONETRACED_MEDIAN_RAW_LSA_98_SUM.csv,0.7791815138753915,0.6639590235250812,2.2976190476190474,0.6839736365368514
