Technique,AUC,Credibility,LagGlobal,MAP
50Traced_NONETRACED_RFSMOTE_MULTI_LSA_91_SUM.csv,0.887009367238959,0.804317627882887,2.1547619047619047,0.8407132527183248
