Technique,AUC,Credibility,LagGlobal,MAP
50Traced_NONETRACED_MAX_SINGLE_VSM_83_SUM.csv,0.9745032933808444,0.7311836963908185,1.1666666666666667,0.9538485878348405
