Technique,AUC,Credibility,LagGlobal,MAP
50Traced_NONETRACED_SUM_SINGLE_LSA_42_SUM.csv,0.9741962261094914,0.75065613445221,0.6111111111111112,0.9387705947125708
