Technique,AUC,Credibility,LagGlobal,MAP
50Traced_NONETRACED_MEDIAN_MULTI_VSM_94_SUM.csv,0.7927768329554045,0.6675644929374948,2.2976190476190474,0.7023976247661362
