Technique,AUC,Credibility,LagGlobal,MAP
50Traced_NONETRACED_RFNONE_SINGLE_LSA_2_MAX.csv,0.8804192311845372,0.784372261904762,2.2182539682539684,0.8452638636910401
