Technique,AUC,Credibility,LagGlobal,MAP
50Traced_NONETRACED_RFSMOTE_SINGLE_VSM_26_SUM.csv,0.8255655436777884,0.7277521377291332,2.3015873015873014,0.728482800093637
