Technique,AUC,Credibility,LagGlobal,MAP
50Traced_NONETRACED_RFUNDER_SINGLE_LSA_47_MEDIAN.csv,0.8950639779721412,0.8187517857142858,2.2936507936507935,0.8659735152927123
