Technique,AUC,Credibility,LagGlobal,MAP
50Traced_NONETRACED_MEDIAN_RAW_LSA_37_SUM.csv,0.7822049454702517,0.664399898502918,2.2936507936507935,0.6837764390831989
