Technique,AUC,Credibility,LagGlobal,MAP
50Traced_NONETRACED_MAX_MULTI_LSA_60_MEDIAN.csv,0.9682944606413993,0.7479814285714286,1.5793650793650793,0.9528070193653416
