Technique,AUC,Credibility,LagGlobal,MAP
50Traced_NONETRACED_RFNONE_SINGLE_LSA_54_MEDIAN.csv,0.8928301479321887,0.828337619047619,2.2936507936507935,0.8745548152338549
