Technique,AUC,Credibility,LagGlobal,MAP
50Traced_NONETRACED_RFSMOTE_SINGLE_VSM_10_MEDIAN.csv,0.892934753266386,0.7823545238095239,2.0476190476190474,0.8335436900579023
