Technique,AUC,Credibility,LagGlobal,MAP
50Traced_NONETRACED_MAX_RAW_LSA_31_MAX.csv,0.9367508908325235,0.7830067857142857,2.3333333333333335,0.9160333475467045
