Technique,AUC,Credibility,LagGlobal,MAP
50Traced_NONETRACED_RFUNDER_SINGLE_LSA_81_MAX.csv,0.8997982129359681,0.8429133333333333,2.2182539682539684,0.8918906541050142
