Technique,AUC,Credibility,LagGlobal,MAP
50Traced_NONETRACED_MEDIAN_RAW_VSM_89_SUM.csv,0.7825761256883705,0.6642032479066227,2.2936507936507935,0.6853260370417966
