Technique,AUC,Credibility,LagGlobal,MAP
50Traced_NONETRACED_MAX_SINGLE_VSM_16_MEDIAN.csv,0.9817683025591188,0.7480946428571429,1.0198412698412698,0.9677536231739209
