Technique,AUC,Credibility,LagGlobal,MAP
50Traced_NONETRACED_RFUNDER_MULTI_VSM_8_SUM.csv,0.9189578609221466,0.8203125095207628,2.2182539682539684,0.8751330802334811
