Technique,AUC,Credibility,LagGlobal,MAP
50Traced_NONETRACED_MEDIAN_RAW_LSA_82_SUM.csv,0.7827043515819027,0.6644614311088556,2.2936507936507935,0.6843346185992766
