Technique,AUC,Credibility,LagGlobal,MAP
50Traced_NONETRACED_MEDIAN_MULTI_LSA_2_SUM.csv,0.779815894611813,0.6638786686966083,2.2936507936507935,0.6861519665697141
