Technique,AUC,Credibility,LagGlobal,MAP
50Traced_NONETRACED_RFSMOTE_RAW_VSM_71_MEDIAN.csv,0.8857979699816435,0.8071288095238095,2.2976190476190474,0.8424201551901944
