Technique,AUC,Credibility,LagGlobal,MAP
50Traced_NONETRACED_RFNONE_MULTI_VSM_61_SUM.csv,0.9068202677896555,0.8294524418852633,2.2936507936507935,0.8918432965487444
