Technique,AUC,Credibility,LagGlobal,MAP
50Traced_NONETRACED_MAX_RAW_VSM_25_MEDIAN.csv,0.9553335222978081,0.7989191666666666,1.8650793650793651,0.9427513436233382
