Technique,AUC,Credibility,LagGlobal,MAP
50Traced_NONETRACED_RFUNDER_MULTI_LSA_72_MAX.csv,0.8906975488608142,0.8258723809523809,2.2182539682539684,0.8184040932125024
