Technique,AUC,Credibility,LagGlobal,MAP
50Traced_NONETRACED_SUM_RAW_VSM_4_MAX.csv,0.9332854173415397,0.4700694047619048,2.246031746031746,0.9098540400670992
