Technique,AUC,Credibility,LagGlobal,MAP
50Traced_NONETRACED_RFSMOTE_SINGLE_LSA_21_SUM.csv,0.8806824317028399,0.7989860006702617,2.2182539682539684,0.8522470387818024
