Technique,AUC,Credibility,LagGlobal,MAP
50Traced_NONETRACED_RFSMOTE_MULTI_LSA_0_MEDIAN.csv,0.8590190044271677,0.7679236904761905,2.2936507936507935,0.7365023383934787
