Technique,AUC,Credibility,LagGlobal,MAP
50Traced_NONETRACED_RFSMOTE_MULTI_LSA_21_SUM.csv,0.8522972681135947,0.7381868819932345,2.2182539682539684,0.7485985740125259
