Technique,AUC,Credibility,LagGlobal,MAP
50Traced_NONETRACED_RFNONE_MULTI_VSM_57_MEDIAN.csv,0.9138456970089622,0.8381417857142857,2.2182539682539684,0.8925538715680819
