Technique,AUC,Credibility,LagGlobal,MAP
50Traced_NONETRACED_RFNONE_SINGLE_LSA_22_SUM.csv,0.925325288845697,0.8355457301282637,2.2182539682539684,0.9153810888001951
