Technique,AUC,Credibility,LagGlobal,MAP
50Traced_NONETRACED_RFNONE_SINGLE_LSA_38_MAX.csv,0.8964170985854659,0.7986559523809523,2.2182539682539684,0.8719108149141465
