Technique,AUC,Credibility,LagGlobal,MAP
50Traced_NONETRACED_MAX_SINGLE_LSA_10_SUM.csv,0.9768147338300399,0.7325420959684198,1.0277777777777777,0.9588631543039783
