Technique,AUC,Credibility,LagGlobal,MAP
50Traced_NONETRACED_MEDIAN_RAW_LSA_56_SUM.csv,0.7806324910916748,0.6636523388116309,2.2936507936507935,0.6840420020190421
