Technique,AUC,Credibility,LagGlobal,MAP
50Traced_NONETRACED_MEDIAN_SINGLE_LSA_73_SUM.csv,0.7802140697548862,0.664972139106638,2.2936507936507935,0.6832215461801302
