Technique,AUC,Credibility,LagGlobal,MAP
50Traced_NONETRACED_RFNONE_MULTI_VSM_93_MAX.csv,0.9375573642155275,0.8474391666666666,2.011904761904762,0.9068755546927251
