Technique,AUC,Credibility,LagGlobal,MAP
50Traced_NONETRACED_RFNONE_RAW_VSM_66_MEDIAN.csv,0.895354173415398,0.8155716666666667,2.2936507936507935,0.882871548373853
