Technique,AUC,Credibility,LagGlobal,MAP
50Traced_NONETRACED_RFUNDER_MULTI_VSM_29_SUM.csv,0.9117232210344455,0.8286907808548883,2.2182539682539684,0.8688744295299716
