Technique,AUC,Credibility,LagGlobal,MAP
50Traced_NONETRACED_RFUNDER_RAW_VSM_43_MEDIAN.csv,0.8569876363243709,0.7906505952380952,2.2936507936507935,0.8347396855613174
