Technique,AUC,Credibility,LagGlobal,MAP
50Traced_NONETRACED_MAX_RAW_VSM_35_MAX.csv,0.9442892236259582,0.7801554761904762,1.992063492063492,0.9247955701974735
