Technique,AUC,Credibility,LagGlobal,MAP
50Traced_NONETRACED_RFSMOTE_RAW_LSA_94_MEDIAN.csv,0.8579425817946227,0.7851984523809524,2.2936507936507935,0.8183085474135416
