Technique,AUC,Credibility,LagGlobal,MAP
50Traced_NONETRACED_MAX_MULTI_LSA_24_MEDIAN.csv,0.9528904815894612,0.7463738095238095,2.0714285714285716,0.9399887988922804
