Technique,AUC,Credibility,LagGlobal,MAP
50Traced_NONETRACED_SUM_MULTI_LSA_42_SUM.csv,0.9532076719576721,0.72326747446296,1.3373015873015872,0.9122357650963655
