Technique,AUC,Credibility,LagGlobal,MAP
50Traced_NONETRACED_RFNONE_MULTI_VSM_73_MEDIAN.csv,0.9078022081848612,0.8315835714285714,2.2936507936507935,0.8713219868380394
