Technique,AUC,Credibility,LagGlobal,MAP
50Traced_NONETRACED_RFSMOTE_MULTI_VSM_66_MEDIAN.csv,0.8596668826260663,0.7848683333333333,2.1865079365079363,0.7869053366491128
