Technique,AUC,Credibility,LagGlobal,MAP
50Traced_NONETRACED_RFSMOTE_MULTI_LSA_11_SUM.csv,0.8509272756721737,0.7558094462540716,2.2936507936507935,0.7478834714859933
