Technique,AUC,Credibility,LagGlobal,MAP
50Traced_NONETRACED_RFSMOTE_SINGLE_LSA_60_MAX.csv,0.8998994439045459,0.8057627380952381,2.2182539682539684,0.8751802158532415
