Technique,AUC,Credibility,LagGlobal,MAP
50Traced_NONETRACED_RFSMOTE_SINGLE_LSA_19_MEDIAN.csv,0.8308363027750783,0.7296579761904762,2.1785714285714284,0.6986619474508855
