Technique,AUC,Credibility,LagGlobal,MAP
50Traced_NONETRACED_RFSMOTE_MULTI_LSA_54_MEDIAN.csv,0.8410437587733505,0.7382988095238096,2.2182539682539684,0.739600137414856
