Technique,AUC,Credibility,LagGlobal,MAP
50Traced_NONETRACED_MAX_RAW_VSM_13_SUM.csv,0.9585661645610626,0.7767079595348563,1.9801587301587302,0.9380118415500944
