Technique,AUC,Credibility,LagGlobal,MAP
50Traced_NONETRACED_RFUNDER_RAW_VSM_73_MAX.csv,0.9008375175467013,0.8329821428571429,2.2182539682539684,0.8689860575155265
