Technique,AUC,Credibility,LagGlobal,MAP
50Traced_NONETRACED_RFUNDER_MULTI_LSA_56_SUM.csv,0.9057809631789223,0.8104109161258873,2.2182539682539684,0.821695013406351
