Technique,AUC,Credibility,LagGlobal,MAP
50Traced_NONETRACED_RFSMOTE_SINGLE_VSM_0_MEDIAN.csv,0.8667597991577584,0.7509339285714286,2.2936507936507935,0.7941499679211045
