Technique,AUC,Credibility,LagGlobal,MAP
50Traced_NONETRACED_SUM_RAW_VSM_12_SUM.csv,0.9570814436885865,0.7387593297438613,1.7777777777777777,0.9290910032521663
