Technique,AUC,Credibility,LagGlobal,MAP
50Traced_NONETRACED_SUM_SINGLE_VSM_88_MAX.csv,0.9664925494007126,-0.19493261904761905,1.2142857142857142,0.9305128371111702
