Technique,AUC,Credibility,LagGlobal,MAP
50Traced_NONETRACED_SUM_MULTI_VSM_14_MAX.csv,0.8997003563330095,-0.19980916666666668,2.2261904761904763,0.8542858799633776
