Technique,AUC,Credibility,LagGlobal,MAP
50Traced_NONETRACED_MAX_MULTI_LSA_28_SUM.csv,0.9465298023971493,0.7238464520204437,1.5198412698412698,0.9206239405016082
