Technique,AUC,Credibility,LagGlobal,MAP
50Traced_NONETRACED_MAX_RAW_VSM_11_SUM.csv,0.931520624122665,0.7742979448217128,2.0436507936507935,0.9054353364476219
