Technique,AUC,Credibility,LagGlobal,MAP
50Traced_NONETRACED_RFNONE_SINGLE_VSM_32_SUM.csv,0.912971736313573,0.8165042043688877,2.2182539682539684,0.8985400968769559
