Technique,AUC,Credibility,LagGlobal,MAP
50Traced_NONETRACED_MAX_MULTI_VSM_75_SUM.csv,0.9395718604902279,0.7275239565154842,2.261904761904762,0.9104926435369465
