Technique,AUC,Credibility,LagGlobal,MAP
50Traced_NONETRACED_MAX_RAW_VSM_55_SUM.csv,0.9431891804340784,0.7606935852026762,1.7936507936507937,0.9211780132456184
