Technique,AUC,Credibility,LagGlobal,MAP
50Traced_NONETRACED_MAX_MULTI_LSA_71_SUM.csv,0.9635973436993845,0.7485883199172405,1.8928571428571428,0.9446626643840581
