Technique,AUC,Credibility,LagGlobal,MAP
50Traced_NONETRACED_RFUNDER_RAW_VSM_61_SUM.csv,0.8820254292193068,0.8111725771562623,2.2182539682539684,0.8450522992961256
