Technique,AUC,Credibility,LagGlobal,MAP
50Traced_NONETRACED_RFUNDER_SINGLE_LSA_68_SUM.csv,0.8843571158622179,0.8134575602473875,2.2182539682539684,0.866136845900355
