Technique,AUC,Credibility,LagGlobal,MAP
50Traced_NONETRACED_MEDIAN_SINGLE_LSA_35_SUM.csv,0.7844455242414425,0.6669922506337297,2.2976190476190474,0.6871681042804062
