Technique,AUC,Credibility,LagGlobal,MAP
50Traced_NONETRACED_RFNONE_MULTI_VSM_52_MAX.csv,0.8898910754778102,0.8348958333333333,2.2182539682539684,0.8550496533882865
