Technique,AUC,Credibility,LagGlobal,MAP
50Traced_NONETRACED_RFSMOTE_MULTI_VSM_58_SUM.csv,0.8459939531368101,0.7555713219388843,2.2182539682539684,0.7785883088269849
