Technique,AUC,Credibility,LagGlobal,MAP
50Traced_NONETRACED_RFNONE_MULTI_VSM_3_SUM.csv,0.9322461127308066,0.839354035280139,2.2182539682539684,0.9062210088853067
