Technique,AUC,Credibility,LagGlobal,MAP
50Traced_NONETRACED_RFNONE_RAW_VSM_10_SUM.csv,0.8940280477270274,0.803555966852512,2.1785714285714284,0.8717772859037158
