Technique,AUC,Credibility,LagGlobal,MAP
50Traced_NONETRACED_RFUNDER_SINGLE_VSM_14_SUM.csv,0.8988905085843861,0.8317374249763885,2.2182539682539684,0.8912949605736057
