Technique,AUC,Credibility,LagGlobal,MAP
50Traced_NONETRACED_MAX_RAW_LSA_99_SUM.csv,0.9453926411834574,0.7623078274213976,2.1825396825396823,0.9212824340343548
