Technique,AUC,Credibility,LagGlobal,MAP
50Traced_NONETRACED_SUM_RAW_VSM_78_SUM.csv,0.9363290951301155,0.7476474723599421,2.3015873015873014,0.909697374680716
