Technique,AUC,Credibility,LagGlobal,MAP
50Traced_NONETRACED_RFUNDER_MULTI_VSM_0_MEDIAN.csv,0.8795418961235288,0.8236540476190476,2.2936507936507935,0.812819848597855
