Technique,AUC,Credibility,LagGlobal,MAP
50Traced_NONETRACED_RFNONE_MULTI_LSA_5_SUM.csv,0.8957455998272326,0.821835831581513,2.2936507936507935,0.8836937982118296
