Technique,AUC,Credibility,LagGlobal,MAP
50Traced_NONETRACED_RFSMOTE_RAW_VSM_99_SUM.csv,0.8468038008854335,0.7548096609085093,2.2222222222222223,0.7871415858846674
