Technique,AUC,Credibility,LagGlobal,MAP
50Traced_NONETRACED_MAX_RAW_LSA_26_MEDIAN.csv,0.9379521649929814,0.7820947619047619,1.996031746031746,0.9180626375526919
