Technique,AUC,Credibility,LagGlobal,MAP
50Traced_NONETRACED_SUM_SINGLE_VSM_87_MEDIAN.csv,0.961849422308606,-0.3691854761904762,1.1825396825396826,0.9203726946216764
