Technique,AUC,Credibility,LagGlobal,MAP
50Traced_NONETRACED_RFNONE_MULTI_LSA_40_MEDIAN.csv,0.9077313465068568,0.8401097619047619,2.2182539682539684,0.880313449846921
