Technique,AUC,Credibility,LagGlobal,MAP
50Traced_NONETRACED_SUM_RAW_VSM_46_MEDIAN.csv,0.9500863837598532,0.3922852380952381,1.6865079365079365,0.9263126487202825
