Technique,AUC,Credibility,LagGlobal,MAP
50Traced_NONETRACED_SUM_RAW_LSA_97_MEDIAN.csv,0.9462092376633193,0.46025083333333333,1.0992063492063493,0.9109417222878005
