Technique,AUC,Credibility,LagGlobal,MAP
50Traced_NONETRACED_SUM_RAW_LSA_62_MEDIAN.csv,0.9499277885757478,0.4693109523809524,2.0634920634920637,0.9166244122178575
