Technique,AUC,Credibility,LagGlobal,MAP
50Traced_NONETRACED_RFSMOTE_MULTI_VSM_41_SUM.csv,0.9007329122125041,0.8119342381866375,2.0476190476190474,0.8506547726683779
