Technique,AUC,Credibility,LagGlobal,MAP
50Traced_NONETRACED_MAX_SINGLE_VSM_58_MAX.csv,0.9821023647554261,0.7498040476190476,0.996031746031746,0.9690818197265436
