Technique,AUC,Credibility,LagGlobal,MAP
50Traced_NONETRACED_RFUNDER_MULTI_LSA_96_MEDIAN.csv,0.9011007180650038,0.8298292857142857,2.126984126984127,0.7972995941799472
