Technique,AUC,Credibility,LagGlobal,MAP
50Traced_NONETRACED_RFNONE_SINGLE_VSM_72_SUM.csv,0.8959919285174387,0.802794305822137,2.2936507936507935,0.8757844182189173
