Technique,AUC,Credibility,LagGlobal,MAP
50Traced_NONETRACED_SUM_SINGLE_LSA_5_MEDIAN.csv,0.9624703055825505,-0.24162607142857143,1.0833333333333333,0.9222244770205196
