Technique,AUC,Credibility,LagGlobal,MAP
50Traced_NONETRACED_RFSMOTE_RAW_LSA_92_MEDIAN.csv,0.89438235611705,0.8063547619047619,2.123015873015873,0.8447962174345037
