Technique,AUC,Credibility,LagGlobal,MAP
50Traced_NONETRACED_SUM_SINGLE_LSA_36_MAX.csv,0.9604558093078501,-0.29633738095238094,1.1666666666666667,0.9229442129853298
