Technique,AUC,Credibility,LagGlobal,MAP
50Traced_NONETRACED_RFNONE_RAW_VSM_64_SUM.csv,0.8626768167584493,0.7776594918197606,2.2936507936507935,0.8320877418856865
