Technique,AUC,Credibility,LagGlobal,MAP
50Traced_NONETRACED_RFUNDER_MULTI_LSA_90_SUM.csv,0.9043637296188316,0.8165042043688877,2.2936507936507935,0.8485644357723502
