Technique,AUC,Credibility,LagGlobal,MAP
50Traced_NONETRACED_MAX_MULTI_LSA_0_SUM.csv,0.9623859464420689,0.752715771291937,2.2182539682539684,0.9507621658741171
