Technique,AUC,Credibility,LagGlobal,MAP
50Traced_NONETRACED_MAX_SINGLE_LSA_53_SUM.csv,0.9712908973113055,0.7327669612337161,1.4126984126984128,0.9538693553735405
