Technique,AUC,Credibility,LagGlobal,MAP
50Traced_NONETRACED_RFSMOTE_MULTI_VSM_83_MAX.csv,0.9132551830255912,0.8207972619047619,2.2182539682539684,0.8804237554049572
