Technique,AUC,Credibility,LagGlobal,MAP
50Traced_NONETRACED_RFNONE_RAW_LSA_58_SUM.csv,0.8786915559874744,0.7997476617006367,2.2936507936507935,0.8584366892414378
