Technique,AUC,Credibility,LagGlobal,MAP
50Traced_NONETRACED_MEDIAN_SINGLE_LSA_47_MAX.csv,0.7781894503833279,0.6757588095238095,2.2976190476190474,0.6794983397536543
