Technique,AUC,Credibility,LagGlobal,MAP
50Traced_NONETRACED_MAX_SINGLE_VSM_91_SUM.csv,0.9728296080336897,0.7357953208003308,0.8571428571428571,0.9530972508074713
