Technique,AUC,Credibility,LagGlobal,MAP
50Traced_NONETRACED_RFSMOTE_RAW_VSM_4_SUM.csv,0.8695740200842242,0.7883227462450111,2.2222222222222223,0.8349190810591217
