Technique,AUC,Credibility,LagGlobal,MAP
50Traced_NONETRACED_RFSMOTE_SINGLE_LSA_41_MEDIAN.csv,0.8081909351042005,0.719842380952381,2.2936507936507935,0.6585315822877454
