Technique,AUC,Credibility,LagGlobal,MAP
50Traced_NONETRACED_RFNONE_RAW_LSA_20_SUM.csv,0.8957995896771407,0.8149808823081376,2.2936507936507935,0.881972261142705
