Technique,AUC,Credibility,LagGlobal,MAP
50Traced_NONETRACED_MEDIAN_RAW_LSA_29_SUM.csv,0.7802984288953677,0.6640782796244608,2.2936507936507935,0.6823032615801767
