Technique,AUC,Credibility,LagGlobal,MAP
50Traced_NONETRACED_SUM_SINGLE_LSA_24_SUM.csv,0.9766325180865998,0.7529754095503775,0.8928571428571429,0.9514097016917238
