Technique,AUC,Credibility,LagGlobal,MAP
50Traced_NONETRACED_MAX_RAW_VSM_6_SUM.csv,0.9328163805204623,0.7660370440310956,2.265873015873016,0.9133874325464579
