Technique,AUC,Credibility,LagGlobal,MAP
50Traced_NONETRACED_RFNONE_RAW_LSA_34_MEDIAN.csv,0.8991874527588813,0.8202629761904762,2.2182539682539684,0.8821298444652075
