Technique,AUC,Credibility,LagGlobal,MAP
50Traced_NONETRACED_MAX_MULTI_LSA_1_MAX.csv,0.959980023755534,0.7473558333333333,1.7261904761904763,0.9438815262550242
