Technique,AUC,Credibility,LagGlobal,MAP
50Traced_NONETRACED_MEDIAN_SINGLE_VSM_20_SUM.csv,0.779917125580391,0.6647170223464147,2.2936507936507935,0.6803129399273122
