Technique,AUC,Credibility,LagGlobal,MAP
50Traced_NONETRACED_RFNONE_RAW_LSA_2_SUM.csv,0.8869351311953353,0.7959393565487616,2.2182539682539684,0.8610782104868464
