Technique,AUC,Credibility,LagGlobal,MAP
50Traced_NONETRACED_SUM_MULTI_LSA_11_MAX.csv,0.9263038548752834,-0.2700436904761905,1.753968253968254,0.8650284955006627
