Technique,AUC,Credibility,LagGlobal,MAP
50Traced_NONETRACED_MEDIAN_MULTI_LSA_75_SUM.csv,0.783682917611489,0.6654864958448753,2.2976190476190474,0.690330568341692
