Technique,AUC,Credibility,LagGlobal,MAP
50Traced_NONETRACED_RFSMOTE_MULTI_LSA_56_MAX.csv,0.8996834845049131,0.8301179761904762,2.2222222222222223,0.8152993161957838
