Technique,AUC,Credibility,LagGlobal,MAP
50Traced_NONETRACED_MEDIAN_SINGLE_LSA_46_SUM.csv,0.780814706835115,0.6690807200929152,2.2936507936507935,0.6916154675106134
