Technique,AUC,Credibility,LagGlobal,MAP
50Traced_NONETRACED_RFNONE_MULTI_VSM_97_MAX.csv,0.9001828906165641,0.8263047619047619,2.2182539682539684,0.8811272348223952
