Technique,AUC,Credibility,LagGlobal,MAP
50Traced_NONETRACED_MEDIAN_MULTI_VSM_85_MEDIAN.csv,0.7781422092646583,0.6757286904761904,2.2936507936507935,0.679486422484353
