Technique,AUC,Credibility,LagGlobal,MAP
50Traced_NONETRACED_RFSMOTE_SINGLE_LSA_46_MEDIAN.csv,0.8102560468631897,0.7214816666666667,2.2936507936507935,0.7568062206079696
