Technique,AUC,Credibility,LagGlobal,MAP
50Traced_NONETRACED_RFSMOTE_RAW_VSM_18_MEDIAN.csv,0.8652953244789979,0.7879114285714286,2.2222222222222223,0.8173273251655472
