Technique,AUC,Credibility,LagGlobal,MAP
50Traced_NONETRACED_RFUNDER_SINGLE_VSM_83_SUM.csv,0.8985969387755102,0.8279291198245133,2.2182539682539684,0.8853815868865179
