Technique,AUC,Credibility,LagGlobal,MAP
50Traced_NONETRACED_SUM_RAW_VSM_15_MEDIAN.csv,0.9404390724543785,0.48751190476190476,1.5912698412698412,0.901672676152313
