Technique,AUC,Credibility,LagGlobal,MAP
50Traced_NONETRACED_RFSMOTE_RAW_VSM_33_SUM.csv,0.8370113918583306,0.7496050100822088,2.1865079365079363,0.7609385832826512
