Technique,AUC,Credibility,LagGlobal,MAP
50Traced_NONETRACED_RFNONE_RAW_LSA_26_SUM.csv,0.8676371342187669,0.787123117945239,2.2182539682539684,0.841173195591094
