Technique,AUC,Credibility,LagGlobal,MAP
50Traced_NONETRACED_RFUNDER_RAW_VSM_68_MEDIAN.csv,0.8718382194147499,0.8052123809523809,2.2936507936507935,0.8484614789505763
