Technique,AUC,Credibility,LagGlobal,MAP
50Traced_NONETRACED_MAX_RAW_LSA_94_SUM.csv,0.9565651657488392,0.7743522965035671,2.3055555555555554,0.9381349634418097
