Technique,AUC,Credibility,LagGlobal,MAP
50Traced_NONETRACED_RFNONE_SINGLE_VSM_39_MAX.csv,0.8858384623690745,0.8246136904761905,2.2936507936507935,0.8691947264943792
