Technique,AUC,Credibility,LagGlobal,MAP
50Traced_NONETRACED_MEDIAN_MULTI_LSA_88_MAX.csv,0.7787867130979377,0.6758091666666667,2.2976190476190474,0.6797514948733149
