Technique,AUC,Credibility,LagGlobal,MAP
50Traced_NONETRACED_RFUNDER_MULTI_VSM_94_MAX.csv,0.8846473113054745,0.8133816666666667,2.2936507936507935,0.7567945603112205
