Technique,AUC,Credibility,LagGlobal,MAP
50Traced_NONETRACED_MAX_SINGLE_VSM_6_SUM.csv,0.9742198466688263,0.7381665528835213,1.0198412698412698,0.9566775672065855
