Technique,AUC,Credibility,LagGlobal,MAP
50Traced_NONETRACED_MAX_SINGLE_LSA_76_SUM.csv,0.9768687236799483,0.7537286370989701,1.4126984126984128,0.9582203678047487
