Technique,AUC,Credibility,LagGlobal,MAP
50Traced_NONETRACED_MAX_MULTI_LSA_91_SUM.csv,0.963769436345967,0.7455858150598428,2.2023809523809526,0.9498531030882575
