Technique,AUC,Credibility,LagGlobal,MAP
50Traced_NONETRACED_MAX_RAW_VSM_32_SUM.csv,0.94771757909513,0.7746059247497625,2.3214285714285716,0.932255777878215
