Technique,AUC,Credibility,LagGlobal,MAP
50Traced_NONETRACED_RFUNDER_SINGLE_LSA_71_MEDIAN.csv,0.9182559928733398,0.8470064285714286,2.2182539682539684,0.8996006471147696
