Technique,AUC,Credibility,LagGlobal,MAP
50Traced_NONETRACED_RFUNDER_SINGLE_LSA_52_SUM.csv,0.9017114782420904,0.8332607470371386,2.2182539682539684,0.8863321580753628
