Technique,AUC,Credibility,LagGlobal,MAP
50Traced_NONETRACED_MEDIAN_SINGLE_LSA_9_SUM.csv,0.7791815138753915,0.6639285714285714,2.2936507936507935,0.680376434807102
