Technique,AUC,Credibility,LagGlobal,MAP
50Traced_NONETRACED_RFUNDER_SINGLE_LSA_9_MAX.csv,0.9073972843105497,0.8444184523809524,2.2182539682539684,0.8978102939015021
