Technique,AUC,Credibility,LagGlobal,MAP
50Traced_NONETRACED_RFNONE_RAW_VSM_38_SUM.csv,0.8906131897203325,0.8096492550955123,2.2182539682539684,0.8758763144703529
