Technique,AUC,Credibility,LagGlobal,MAP
50Traced_NONETRACED_RFSMOTE_RAW_LSA_87_MEDIAN.csv,0.8312884677680596,0.7475640476190476,2.2936507936507935,0.7438845487374999
