Technique,AUC,Credibility,LagGlobal,MAP
50Traced_NONETRACED_RFSMOTE_MULTI_VSM_28_MAX.csv,0.9067460317460319,0.8352752380952381,2.2936507936507935,0.8295193633548638
