Technique,AUC,Credibility,LagGlobal,MAP
50Traced_NONETRACED_RFUNDER_RAW_VSM_70_SUM.csv,0.8951314652845264,0.8134575602473875,2.2182539682539684,0.8750808500587158
