Technique,AUC,Credibility,LagGlobal,MAP
50Traced_NONETRACED_SUM_SINGLE_LSA_93_SUM.csv,0.9525631681243927,0.7483931746972649,1.3253968253968254,0.895134196733943
