Technique,AUC,Credibility,LagGlobal,MAP
50Traced_NONETRACED_RFSMOTE_MULTI_VSM_66_SUM.csv,0.8645124716553287,0.785276102123511,2.1865079365079363,0.8279594116248489
