Technique,AUC,Credibility,LagGlobal,MAP
50Traced_NONETRACED_RFNONE_MULTI_VSM_21_MAX.csv,0.8770583630277508,0.8123440476190477,2.2182539682539684,0.851270276466608
