Technique,AUC,Credibility,LagGlobal,MAP
50Traced_NONETRACED_RFUNDER_MULTI_VSM_25_SUM.csv,0.8774261688802504,0.7654729153337598,2.2182539682539684,0.793071279546022
