Technique,AUC,Credibility,LagGlobal,MAP
50Traced_NONETRACED_SUM_MULTI_LSA_29_MAX.csv,0.9408406219630709,-0.32896107142857145,1.6785714285714286,0.8904712167689763
