Technique,AUC,Credibility,LagGlobal,MAP
50Traced_NONETRACED_RFNONE_MULTI_LSA_35_SUM.csv,0.8756445038332794,0.7898460683057612,2.2936507936507935,0.805630956208393
