Technique,AUC,Credibility,LagGlobal,MAP
50Traced_NONETRACED_MAX_RAW_VSM_33_SUM.csv,0.9487197656840514,0.7798560409287681,2.0595238095238093,0.935620120755534
