Technique,AUC,Credibility,LagGlobal,MAP
50Traced_NONETRACED_SUM_SINGLE_LSA_94_MEDIAN.csv,0.9639145340675953,-0.23007119047619048,0.8015873015873016,0.9161979473660138
