Technique,AUC,Credibility,LagGlobal,MAP
50Traced_NONETRACED_RFSMOTE_MULTI_VSM_2_MEDIAN.csv,0.87055596047943,0.7909419047619047,2.2182539682539684,0.7768487445994959
