Technique,AUC,Credibility,LagGlobal,MAP
50Traced_NONETRACED_SUM_SINGLE_LSA_28_MAX.csv,0.9474003887269193,-0.25099940476190474,1.5396825396825398,0.9131050840223786
