Technique,AUC,Credibility,LagGlobal,MAP
50Traced_NONETRACED_RFNONE_SINGLE_VSM_92_MEDIAN.csv,0.8958839488176223,0.8165336904761905,2.2182539682539684,0.8771052417542775
