Technique,AUC,Credibility,LagGlobal,MAP
50Traced_NONETRACED_RFSMOTE_RAW_LSA_47_MEDIAN.csv,0.8695132815030774,0.7901827380952381,2.2182539682539684,0.803505654574747
