Technique,AUC,Credibility,LagGlobal,MAP
50Traced_NONETRACED_RFNONE_SINGLE_VSM_18_MAX.csv,0.8754184213367886,0.7925833333333333,2.2936507936507935,0.8455911126718916
