Technique,AUC,Credibility,LagGlobal,MAP
50Traced_NONETRACED_RFSMOTE_RAW_LSA_22_MAX.csv,0.8426634542705971,0.7729820238095239,2.2936507936507935,0.8009015693960158
