Technique,AUC,Credibility,LagGlobal,MAP
50Traced_NONETRACED_RFUNDER_SINGLE_VSM_38_MAX.csv,0.8976149983803046,0.8349665476190476,2.2182539682539684,0.8612854158287113
