Technique,AUC,Credibility,LagGlobal,MAP
50Traced_NONETRACED_RFNONE_RAW_VSM_72_MAX.csv,0.9110449735449736,0.8250453571428571,2.2936507936507935,0.8849762900166835
