Technique,AUC,Credibility,LagGlobal,MAP
50Traced_NONETRACED_RFUNDER_RAW_LSA_8_SUM.csv,0.8863007504589138,0.7982243396398867,2.2182539682539684,0.8624654729755103
