Technique,AUC,Credibility,LagGlobal,MAP
50Traced_NONETRACED_RFNONE_SINGLE_VSM_69_SUM.csv,0.8544501133786848,0.7589116643400031,2.2936507936507935,0.8163016433809582
