Technique,AUC,Credibility,LagGlobal,MAP
50Traced_NONETRACED_MEDIAN_SINGLE_LSA_91_SUM.csv,0.779009421228809,0.6641723758775269,2.2936507936507935,0.6802093027266691
