Technique,AUC,Credibility,LagGlobal,MAP
50Traced_NONETRACED_MAX_MULTI_VSM_80_SUM.csv,0.9585459183673468,0.7446603262619628,1.5714285714285714,0.9351158086324604
