Technique,AUC,Credibility,LagGlobal,MAP
50Traced_NONETRACED_RFUNDER_SINGLE_LSA_46_MAX.csv,0.9187250296944175,0.8537572619047619,2.2182539682539684,0.9072734499659207
