Technique,AUC,Credibility,LagGlobal,MAP
50Traced_NONETRACED_RFNONE_SINGLE_LSA_32_SUM.csv,0.9188735017816652,0.8271674587941382,2.123015873015873,0.9054349577802216
