Technique,AUC,Credibility,LagGlobal,MAP
50Traced_NONETRACED_RFNONE_RAW_VSM_4_MAX.csv,0.8714063006154842,0.8000928571428572,2.2936507936507935,0.8470481250625801
