Technique,AUC,Credibility,LagGlobal,MAP
50Traced_NONETRACED_SUM_RAW_VSM_40_SUM.csv,0.9475286146204513,0.7331819121141896,2.242063492063492,0.9250986448478989
