Technique,AUC,Credibility,LagGlobal,MAP
50Traced_NONETRACED_RFUNDER_SINGLE_LSA_37_SUM.csv,0.9069991091674765,0.8332607470371386,2.2182539682539684,0.888955411839791
