Technique,AUC,Credibility,LagGlobal,MAP
50Traced_NONETRACED_RFUNDER_RAW_LSA_18_SUM.csv,0.8966094374257639,0.802794305822137,2.2182539682539684,0.8501761650079984
