Technique,AUC,Credibility,LagGlobal,MAP
50Traced_NONETRACED_RFSMOTE_MULTI_LSA_62_SUM.csv,0.901077097505669,0.7898460683057612,2.0555555555555554,0.7997561629879413
