Technique,AUC,Credibility,LagGlobal,MAP
50Traced_NONETRACED_MAX_MULTI_VSM_18_SUM.csv,0.9580768815462692,0.7439222255382374,1.6904761904761905,0.9396193251987103
