Technique,AUC,Credibility,LagGlobal,MAP
50Traced_NONETRACED_MAX_RAW_VSM_18_MAX.csv,0.9536294676600799,0.7933107142857143,2.130952380952381,0.9388145012583422
