Technique,AUC,Credibility,LagGlobal,MAP
50Traced_NONETRACED_RFSMOTE_SINGLE_VSM_41_SUM.csv,0.8914466580282907,0.7775249728555917,2.1547619047619047,0.8472580264292489
