Technique,AUC,Credibility,LagGlobal,MAP
50Traced_NONETRACED_MAX_SINGLE_LSA_7_SUM.csv,0.9793218874851528,0.7471607016444997,1.0833333333333333,0.9627526594285657
