Technique,AUC,Credibility,LagGlobal,MAP
50Traced_NONETRACED_MAX_SINGLE_LSA_76_MAX.csv,0.9850515603066624,0.7644490476190476,0.8650793650793651,0.9704465967016326
