Technique,AUC,Credibility,LagGlobal,MAP
50Traced_NONETRACED_RFUNDER_SINGLE_VSM_97_MAX.csv,0.9037360976136486,0.8372860714285715,2.2936507936507935,0.8856830373351466
