Technique,AUC,Credibility,LagGlobal,MAP
50Traced_NONETRACED_MEDIAN_MULTI_VSM_10_MEDIAN.csv,0.7785235125796351,0.6758033333333333,2.2936507936507935,0.6795890083209845
