Technique,AUC,Credibility,LagGlobal,MAP
50Traced_NONETRACED_RFNONE_MULTI_VSM_95_SUM.csv,0.9252038116834035,0.8370690521890138,2.2182539682539684,0.9071174980162878
