Technique,AUC,Credibility,LagGlobal,MAP
50Traced_NONETRACED_RFSMOTE_MULTI_LSA_4_MAX.csv,0.8612730806608359,0.758885119047619,2.2182539682539684,0.809813588419744
