Technique,AUC,Credibility,LagGlobal,MAP
50Traced_NONETRACED_MEDIAN_SINGLE_VSM_65_SUM.csv,0.7794649605874095,0.6643402689672672,2.2936507936507935,0.685264078821173
