Technique,AUC,Credibility,LagGlobal,MAP
50Traced_NONETRACED_SUM_RAW_LSA_26_MAX.csv,0.9421667476514415,0.4396366666666667,2.123015873015873,0.9168978439117531
