Technique,AUC,Credibility,LagGlobal,MAP
50Traced_NONETRACED_RFNONE_MULTI_LSA_78_SUM.csv,0.9209217417125579,0.8416390183712641,2.1547619047619047,0.9049466177318678
