Technique,AUC,Credibility,LagGlobal,MAP
50Traced_NONETRACED_RFNONE_RAW_LSA_56_SUM.csv,0.8816070078825181,0.7989860006702617,2.1785714285714284,0.8530563939002103
