Technique,AUC,Credibility,LagGlobal,MAP
50Traced_NONETRACED_SUM_MULTI_VSM_80_MAX.csv,0.9447920041032286,-0.2717107142857143,1.1587301587301588,0.883966520498799
