Technique,AUC,Credibility,LagGlobal,MAP
50Traced_NONETRACED_MAX_MULTI_VSM_15_SUM.csv,0.9412927869560522,0.7251686884357301,2.253968253968254,0.9191996312358556
