Technique,AUC,Credibility,LagGlobal,MAP
50Traced_NONETRACED_SUM_SINGLE_LSA_49_SUM.csv,0.9635534769463341,0.7507851552775554,1.2896825396825398,0.9314614065855623
