Technique,AUC,Credibility,LagGlobal,MAP
50Traced_NONETRACED_RFUNDER_MULTI_LSA_50_SUM.csv,0.9373953946658027,0.8233591536422631,2.126984126984127,0.877555383606771
