Technique,AUC,Credibility,LagGlobal,MAP
50Traced_NONETRACED_RFNONE_RAW_VSM_5_MAX.csv,0.8672693283662671,0.7960188095238095,2.2936507936507935,0.8438430321489541
