Technique,AUC,Credibility,LagGlobal,MAP
50Traced_NONETRACED_RFSMOTE_RAW_LSA_60_MAX.csv,0.8753813033149768,0.8003969047619047,2.2182539682539684,0.8181996351900453
