Technique,AUC,Credibility,LagGlobal,MAP
50Traced_NONETRACED_RFSMOTE_MULTI_VSM_60_MAX.csv,0.9214211478242091,0.8328988095238096,2.2182539682539684,0.8898632202810409
