Technique,AUC,Credibility,LagGlobal,MAP
50Traced_NONETRACED_RFSMOTE_SINGLE_LSA_96_SUM.csv,0.903152332361516,0.802794305822137,2.2936507936507935,0.882644990583586
