Technique,AUC,Credibility,LagGlobal,MAP
50Traced_NONETRACED_RFUNDER_SINGLE_VSM_71_SUM.csv,0.9474779991361624,0.8538255948572647,2.0476190476190474,0.9391695332673313
