Technique,AUC,Credibility,LagGlobal,MAP
50Traced_NONETRACED_MEDIAN_MULTI_LSA_57_SUM.csv,0.7819991091674765,0.6642531442601594,2.2738095238095237,0.6887195648573927
