Technique,AUC,Credibility,LagGlobal,MAP
50Traced_NONETRACED_RFUNDER_RAW_VSM_0_MAX.csv,0.9050251052802073,0.8075242857142857,2.1547619047619047,0.8805684015470827
