Technique,AUC,Credibility,LagGlobal,MAP
50Traced_NONETRACED_RFSMOTE_MULTI_LSA_79_MAX.csv,0.8900496706619156,0.8175741666666667,2.2182539682539684,0.8115853149975546
