Technique,AUC,Credibility,LagGlobal,MAP
50Traced_NONETRACED_RFUNDER_RAW_VSM_71_SUM.csv,0.9034189072454379,0.821835831581513,2.2936507936507935,0.8903887216165991
