Technique,AUC,Credibility,LagGlobal,MAP
50Traced_NONETRACED_SUM_RAW_LSA_9_MAX.csv,0.9386202893855955,0.4048010714285714,1.6547619047619047,0.9095914647511403
