Technique,AUC,Credibility,LagGlobal,MAP
50Traced_NONETRACED_RFNONE_MULTI_LSA_17_SUM.csv,0.9417955674333225,0.8302141029156385,2.0198412698412698,0.9094430737614173
