Technique,AUC,Credibility,LagGlobal,MAP
50Traced_NONETRACED_MEDIAN_RAW_LSA_85_SUM.csv,0.7827009772162833,0.6644185063012772,2.2936507936507935,0.685879326961408
