Technique,AUC,Credibility,LagGlobal,MAP
50Traced_NONETRACED_RFUNDER_RAW_VSM_29_MEDIAN.csv,0.8563363837598531,0.7983653571428572,2.2936507936507935,0.8274833138849509
