Technique,AUC,Credibility,LagGlobal,MAP
50Traced_NONETRACED_MAX_RAW_LSA_35_MEDIAN.csv,0.9521042544001728,0.7939034523809524,1.9523809523809523,0.9332845718821868
