Technique,AUC,Credibility,LagGlobal,MAP
50Traced_NONETRACED_RFNONE_SINGLE_LSA_47_SUM.csv,0.8810637350178168,0.8149808823081376,2.2936507936507935,0.8572201512712702
