Technique,AUC,Credibility,LagGlobal,MAP
50Traced_NONETRACED_RFSMOTE_MULTI_LSA_31_SUM.csv,0.9064727081308714,0.7968633533632231,2.123015873015873,0.835474259630213
