Technique,AUC,Credibility,LagGlobal,MAP
50Traced_NONETRACED_MAX_RAW_LSA_61_MAX.csv,0.9676668286362164,0.7987259523809523,1.7857142857142858,0.951583446158417
