Technique,AUC,Credibility,LagGlobal,MAP
50Traced_NONETRACED_RFSMOTE_RAW_VSM_72_SUM.csv,0.8783946118129792,0.7867994241842611,2.2936507936507935,0.8413405446567861
