Technique,AUC,Credibility,LagGlobal,MAP
50Traced_NONETRACED_RFNONE_MULTI_VSM_1_MEDIAN.csv,0.900500080984775,0.8033154761904762,2.2182539682539684,0.803981685603677
