Technique,AUC,Credibility,LagGlobal,MAP
50Traced_NONETRACED_RFNONE_MULTI_LSA_39_SUM.csv,0.88686764388295,0.8172658653992627,2.1547619047619047,0.8525065344571923
