Technique,AUC,Credibility,LagGlobal,MAP
50Traced_NONETRACED_RFSMOTE_MULTI_VSM_93_SUM.csv,0.905457024079473,0.8241208146726381,2.2222222222222223,0.8826922907712966
