Technique,AUC,Credibility,LagGlobal,MAP
50Traced_NONETRACED_RFUNDER_RAW_VSM_25_SUM.csv,0.9038204567541301,0.8131415145821319,2.2182539682539684,0.88777909807058
