Technique,AUC,Credibility,LagGlobal,MAP
50Traced_NONETRACED_SUM_SINGLE_LSA_88_SUM.csv,0.9539669042220063,0.7478404390709513,1.8174603174603174,0.9086590795437038
