Technique,AUC,Credibility,LagGlobal,MAP
50Traced_NONETRACED_RFUNDER_SINGLE_LSA_96_MEDIAN.csv,0.9272520516142966,0.8518882142857143,2.2182539682539684,0.9032472076381342
