Technique,AUC,Credibility,LagGlobal,MAP
50Traced_NONETRACED_MEDIAN_MULTI_VSM_53_SUM.csv,0.7931918799265738,0.669467566864521,2.2976190476190474,0.7000495104404929
