Technique,AUC,Credibility,LagGlobal,MAP
50Traced_NONETRACED_RFSMOTE_RAW_VSM_84_SUM.csv,0.8703534985422741,0.7991888049659244,2.2182539682539684,0.8388232406791019
