Technique,AUC,Credibility,LagGlobal,MAP
50Traced_NONETRACED_MAX_SINGLE_VSM_25_MAX.csv,0.9817716769247381,0.7499011904761905,0.9722222222222222,0.9669912651945132
