Technique,AUC,Credibility,LagGlobal,MAP
50Traced_NONETRACED_RFSMOTE_SINGLE_LSA_14_SUM.csv,0.8445969657704351,0.7423683739423748,2.2936507936507935,0.7965249567019955
