Technique,AUC,Credibility,LagGlobal,MAP
50Traced_NONETRACED_RFNONE_RAW_VSM_56_MEDIAN.csv,0.8664426087895476,0.7847061904761905,2.2936507936507935,0.8392947374956298
