Technique,AUC,Credibility,LagGlobal,MAP
50Traced_NONETRACED_RFSMOTE_RAW_VSM_52_MAX.csv,0.8825417071590542,0.8062005952380953,2.2936507936507935,0.8550272101790539
