Technique,AUC,Credibility,LagGlobal,MAP
50Traced_NONETRACED_RFSMOTE_SINGLE_VSM_33_SUM.csv,0.8789615052370154,0.7619976476278415,2.2182539682539684,0.8344117024428719
