Technique,AUC,Credibility,LagGlobal,MAP
50Traced_NONETRACED_MEDIAN_MULTI_VSM_86_MEDIAN.csv,0.7779869884461722,0.6757178571428571,2.2936507936507935,0.6794197395325912
