Technique,AUC,Credibility,LagGlobal,MAP
50Traced_NONETRACED_RFNONE_SINGLE_VSM_81_MAX.csv,0.8610132545081525,0.7917623809523809,2.2182539682539684,0.8224100367973193
