Technique,AUC,Credibility,LagGlobal,MAP
50Traced_NONETRACED_RFNONE_RAW_VSM_26_SUM.csv,0.8999061926357845,0.8126958992170125,2.2182539682539684,0.8865501740805208
