Technique,AUC,Credibility,LagGlobal,MAP
50Traced_NONETRACED_MAX_SINGLE_LSA_10_MEDIAN.csv,0.983114674441205,0.7465411904761905,0.8492063492063492,0.9684436720957225
