Technique,AUC,Credibility,LagGlobal,MAP
50Traced_NONETRACED_MAX_RAW_LSA_58_MAX.csv,0.9549792139077853,0.7979123809523809,2.3055555555555554,0.9348367069856898
