Technique,AUC,Credibility,LagGlobal,MAP
50Traced_NONETRACED_SUM_RAW_LSA_49_MAX.csv,0.9395381168340352,0.4699685714285714,1.9444444444444444,0.8997745020217934
