Technique,AUC,Credibility,LagGlobal,MAP
50Traced_NONETRACED_SUM_MULTI_VSM_97_MAX.csv,0.94730590648958,-0.27942690476190474,1.992063492063492,0.9103174386468966
