Technique,AUC,Credibility,LagGlobal,MAP
50Traced_NONETRACED_MEDIAN_RAW_VSM_3_SUM.csv,0.7788811953352769,0.6636471284783896,2.2936507936507935,0.6817519403266298
