Technique,AUC,Credibility,LagGlobal,MAP
50Traced_NONETRACED_RFNONE_MULTI_LSA_54_MAX.csv,0.8967646582442501,0.8327641666666666,2.2182539682539684,0.8581982786252995
