Technique,AUC,Credibility,LagGlobal,MAP
50Traced_NONETRACED_SUM_RAW_VSM_3_MAX.csv,0.9496679624230644,0.47245761904761907,2.0595238095238093,0.9207465082464082
