Technique,AUC,Credibility,LagGlobal,MAP
50Traced_NONETRACED_RFUNDER_RAW_VSM_41_MEDIAN.csv,0.9308862433862434,0.8510180952380952,2.123015873015873,0.9089725837344382
