Technique,AUC,Credibility,LagGlobal,MAP
50Traced_NONETRACED_SUM_RAW_VSM_47_SUM.csv,0.9532954054637728,0.7478902364819014,1.3888888888888888,0.9196818878818956
