Technique,AUC,Credibility,LagGlobal,MAP
50Traced_NONETRACED_MEDIAN_MULTI_LSA_34_SUM.csv,0.7885251322751323,0.669084460854568,2.2936507936507935,0.6986155162496916
