Technique,AUC,Credibility,LagGlobal,MAP
50Traced_NONETRACED_MAX_MULTI_VSM_50_SUM.csv,0.9494013875391426,0.734222621902478,2.2222222222222223,0.9260912602644038
