Technique,AUC,Credibility,LagGlobal,MAP
50Traced_NONETRACED_RFNONE_MULTI_LSA_6_MEDIAN.csv,0.892270003239391,0.8181072619047619,2.2182539682539684,0.8606244091144422
