Technique,AUC,Credibility,LagGlobal,MAP
50Traced_NONETRACED_RFNONE_SINGLE_LSA_80_MEDIAN.csv,0.8990119857466796,0.8320345238095238,2.2182539682539684,0.8850918840624067
