Technique,AUC,Credibility,LagGlobal,MAP
50Traced_NONETRACED_RFNONE_SINGLE_VSM_34_MEDIAN.csv,0.8911497138537956,0.8304564285714285,2.2182539682539684,0.8776088474903586
