Technique,AUC,Credibility,LagGlobal,MAP
50Traced_NONETRACED_MAX_SINGLE_LSA_31_MAX.csv,0.9740848720440558,0.7403482142857143,0.876984126984127,0.9541914765990159
