Technique,AUC,Credibility,LagGlobal,MAP
50Traced_NONETRACED_MEDIAN_SINGLE_VSM_50_SUM.csv,0.7856096803800886,0.6661607772072888,2.2936507936507935,0.6914529297519183
