Technique,AUC,Credibility,LagGlobal,MAP
50Traced_NONETRACED_SUM_SINGLE_VSM_33_SUM.csv,0.9578879170715906,0.745780924002251,0.9444444444444444,0.8967553542900681
