Technique,AUC,Credibility,LagGlobal,MAP
50Traced_NONETRACED_MEDIAN_RAW_LSA_38_SUM.csv,0.7792726217471115,0.6637792861371902,2.2936507936507935,0.6815608484354401
