Technique,AUC,Credibility,LagGlobal,MAP
50Traced_NONETRACED_SUM_MULTI_LSA_52_SUM.csv,0.9403749595076125,0.7394297663716499,1.4761904761904763,0.8942386710997312
