Technique,AUC,Credibility,LagGlobal,MAP
50Traced_NONETRACED_SUM_MULTI_LSA_17_MEDIAN.csv,0.93598828420257,-0.14962845238095238,1.2936507936507937,0.8717913378056615
