Technique,AUC,Credibility,LagGlobal,MAP
50Traced_NONETRACED_RFUNDER_MULTI_VSM_39_SUM.csv,0.8944869614512472,0.8233591536422631,2.2182539682539684,0.8418789906167444
