Technique,AUC,Credibility,LagGlobal,MAP
50Traced_NONETRACED_RFSMOTE_MULTI_LSA_2_SUM.csv,0.8246139725731563,0.732852346624832,2.2976190476190474,0.7313071196404918
