Technique,AUC,Credibility,LagGlobal,MAP
50Traced_NONETRACED_MAX_MULTI_VSM_53_MEDIAN.csv,0.9542908433214555,0.744477619047619,1.7817460317460319,0.9407803055337391
