Technique,AUC,Credibility,LagGlobal,MAP
50Traced_NONETRACED_SUM_RAW_VSM_34_MAX.csv,0.9562547241118668,0.4938146428571428,1.5119047619047619,0.9236329493721829
