Technique,AUC,Credibility,LagGlobal,MAP
50Traced_NONETRACED_MAX_MULTI_LSA_36_SUM.csv,0.9430980725623583,0.7269012209377841,2.265873015873016,0.9243303481975017
