Technique,AUC,Credibility,LagGlobal,MAP
50Traced_NONETRACED_RFSMOTE_MULTI_LSA_8_MEDIAN.csv,0.8634731670445956,0.8081213095238096,2.2182539682539684,0.7898905694864602
