Technique,AUC,Credibility,LagGlobal,MAP
50Traced_NONETRACED_RFUNDER_RAW_VSM_89_MAX.csv,0.8906131897203327,0.8102291666666667,2.2182539682539684,0.8694730463179602
