Technique,AUC,Credibility,LagGlobal,MAP
50Traced_NONETRACED_RFUNDER_MULTI_VSM_65_SUM.csv,0.9324452003023431,0.8347840690978887,2.1547619047619047,0.8862934943098658
