Technique,AUC,Credibility,LagGlobal,MAP
50Traced_NONETRACED_RFUNDER_RAW_VSM_31_SUM.csv,0.8747806662347477,0.7967010175791366,2.1785714285714284,0.850665903892082
