Technique,AUC,Credibility,LagGlobal,MAP
50Traced_NONETRACED_MAX_SINGLE_LSA_25_SUM.csv,0.9768855955080445,0.7550331380583999,0.9007936507936508,0.958414273574874
