Technique,AUC,Credibility,LagGlobal,MAP
50Traced_NONETRACED_MAX_MULTI_LSA_89_SUM.csv,0.9594704945470252,0.7265245020163754,1.3611111111111112,0.9355447945719049
