Technique,AUC,Credibility,LagGlobal,MAP
50Traced_NONETRACED_MAX_RAW_VSM_56_SUM.csv,0.9480955080444876,0.7654185579758099,1.9841269841269842,0.9277253244130578
