Technique,AUC,Credibility,LagGlobal,MAP
50Traced_NONETRACED_RFUNDER_SINGLE_VSM_32_MAX.csv,0.9200410322859303,0.8472545238095238,2.1785714285714284,0.9061449997800736
