Technique,AUC,Credibility,LagGlobal,MAP
50Traced_NONETRACED_RFSMOTE_MULTI_VSM_14_SUM.csv,0.8423867562898175,0.7542583372111059,2.2222222222222223,0.7608608334485867
