Technique,AUC,Credibility,LagGlobal,MAP
50Traced_NONETRACED_RFSMOTE_RAW_VSM_51_MEDIAN.csv,0.8680015657056473,0.7895244047619048,2.2936507936507935,0.8162083563698328
