Technique,AUC,Credibility,LagGlobal,MAP
50Traced_NONETRACED_RFUNDER_SINGLE_VSM_90_SUM.csv,0.9066515495086923,0.8347840690978887,2.2936507936507935,0.8877954045384293
