Technique,AUC,Credibility,LagGlobal,MAP
50Traced_NONETRACED_RFNONE_RAW_LSA_11_SUM.csv,0.8806453136810279,0.7974626786095116,2.2936507936507935,0.8609194852267256
