Technique,AUC,Credibility,LagGlobal,MAP
50Traced_NONETRACED_MEDIAN_SINGLE_LSA_47_SUM.csv,0.780430029154519,0.6638737563134512,2.2976190476190474,0.6829449023648936
