Technique,AUC,Credibility,LagGlobal,MAP
50Traced_NONETRACED_RFSMOTE_SINGLE_LSA_8_SUM.csv,0.7812533743656193,0.6908091308416506,2.2976190476190474,0.6029049449788378
