Technique,AUC,Credibility,LagGlobal,MAP
50Traced_NONETRACED_SUM_SINGLE_LSA_46_SUM.csv,0.9531131897203327,0.7465339199872075,1.9563492063492063,0.9100127022949418
