Technique,AUC,Credibility,LagGlobal,MAP
50Traced_NONETRACED_RFUNDER_MULTI_LSA_64_SUM.csv,0.927859437425764,0.839354035280139,2.2936507936507935,0.8985953225161261
