Technique,AUC,Credibility,LagGlobal,MAP
50Traced_NONETRACED_RFNONE_RAW_VSM_24_MAX.csv,0.9079608033689666,0.8018394047619047,2.2936507936507935,0.8809781901688272
