Technique,AUC,Credibility,LagGlobal,MAP
50Traced_NONETRACED_SUM_SINGLE_LSA_2_MEDIAN.csv,0.9581106252024619,-0.40852369047619047,1.4246031746031746,0.9233936060606033
