Technique,AUC,Credibility,LagGlobal,MAP
50Traced_NONETRACED_MAX_MULTI_LSA_27_SUM.csv,0.9717666828636217,0.7482758786618933,1.246031746031746,0.9526223746960575
