Technique,AUC,Credibility,LagGlobal,MAP
50Traced_NONETRACED_MEDIAN_SINGLE_LSA_4_SUM.csv,0.7792861192095887,0.6649149389294342,2.2936507936507935,0.6834821979032324
