Technique,AUC,Credibility,LagGlobal,MAP
50Traced_NONETRACED_RFSMOTE_SINGLE_LSA_78_MAX.csv,0.8559719522729726,0.7795391666666667,2.2182539682539684,0.8068066634318954
