Technique,AUC,Credibility,LagGlobal,MAP
50Traced_NONETRACED_SUM_MULTI_LSA_73_MEDIAN.csv,0.9255479969765685,-0.28764892857142854,1.6944444444444444,0.870703341689028
