Technique,AUC,Credibility,LagGlobal,MAP
50Traced_NONETRACED_SUM_RAW_VSM_62_MAX.csv,0.9487366375121478,0.42167988095238096,2.1785714285714284,0.9297677985796787
