Technique,AUC,Credibility,LagGlobal,MAP
50Traced_NONETRACED_MAX_SINGLE_VSM_43_MEDIAN.csv,0.9764806716337328,0.750707380952381,1.0873015873015872,0.9636858267897781
