Technique,AUC,Credibility,LagGlobal,MAP
50Traced_NONETRACED_SUM_MULTI_VSM_34_MAX.csv,0.9408946118129792,-0.24313928571428572,1.9246031746031746,0.8966005616911693
