Technique,AUC,Credibility,LagGlobal,MAP
50Traced_NONETRACED_SUM_SINGLE_LSA_72_MAX.csv,0.9721682323723141,-0.22113380952380954,1.4523809523809523,0.9427497872375213
