Technique,AUC,Credibility,LagGlobal,MAP
50Traced_NONETRACED_MEDIAN_MULTI_VSM_27_SUM.csv,0.7803355469171795,0.6634644497148913,2.3015873015873014,0.6827108463772753
