Technique,AUC,Credibility,LagGlobal,MAP
50Traced_NONETRACED_RFNONE_RAW_LSA_36_MEDIAN.csv,0.9022986178598424,0.8043295238095238,2.2936507936507935,0.8850185662161019
