Technique,AUC,Credibility,LagGlobal,MAP
50Traced_NONETRACED_RFUNDER_RAW_LSA_42_MAX.csv,0.898043542813951,0.823030119047619,2.2936507936507935,0.8754194087505053
