Technique,AUC,Credibility,LagGlobal,MAP
50Traced_NONETRACED_RFNONE_MULTI_LSA_36_SUM.csv,0.8869992441421013,0.8081259330347622,2.2182539682539684,0.8135335127012555
