Technique,AUC,Credibility,LagGlobal,MAP
50Traced_NONETRACED_RFUNDER_RAW_VSM_12_MEDIAN.csv,0.8739674441205054,0.8009763095238095,2.2936507936507935,0.8513362521568645
