Technique,AUC,Credibility,LagGlobal,MAP
50Traced_NONETRACED_SUM_RAW_LSA_6_MEDIAN.csv,0.9392243008314436,0.4333358333333333,1.9722222222222223,0.9113922912515996
