Technique,AUC,Credibility,LagGlobal,MAP
50Traced_NONETRACED_SUM_RAW_VSM_29_MAX.csv,0.9703427005722924,0.5043057142857142,1.0833333333333333,0.9475435311637659
