Technique,AUC,Credibility,LagGlobal,MAP
50Traced_NONETRACED_SUM_SINGLE_VSM_2_MEDIAN.csv,0.9525395475650578,-0.2727465476190476,1.0952380952380953,0.9087473884739385
