Technique,AUC,Credibility,LagGlobal,MAP
50Traced_NONETRACED_RFSMOTE_SINGLE_VSM_72_MEDIAN.csv,0.8305798509880142,0.7316719047619048,2.2182539682539684,0.7446363262806837
