Technique,AUC,Credibility,LagGlobal,MAP
50Traced_NONETRACED_MEDIAN_SINGLE_LSA_57_SUM.csv,0.780672983479106,0.6644840565000423,2.2936507936507935,0.6826629794061774
