Technique,AUC,Credibility,LagGlobal,MAP
50Traced_NONETRACED_RFSMOTE_RAW_VSM_13_SUM.csv,0.8968557661159702,0.8081259330347622,2.123015873015873,0.8682185449983598
