Technique,AUC,Credibility,LagGlobal,MAP
50Traced_NONETRACED_RFNONE_SINGLE_LSA_13_MAX.csv,0.8790188694525429,0.7942627380952381,2.2936507936507935,0.8506895724528657
