Technique,AUC,Credibility,LagGlobal,MAP
50Traced_NONETRACED_RFSMOTE_SINGLE_LSA_22_MAX.csv,0.8322231670445955,0.7310019047619047,2.1785714285714284,0.7645372198093988
