Technique,AUC,Credibility,LagGlobal,MAP
50Traced_NONETRACED_RFSMOTE_RAW_LSA_61_MEDIAN.csv,0.889364674441205,0.8034886904761904,2.2936507936507935,0.8474565839322208
