Technique,AUC,Credibility,LagGlobal,MAP
50Traced_NONETRACED_SUM_MULTI_VSM_18_SUM.csv,0.9425615484288954,0.7319012046517102,2.0515873015873014,0.9073624860165969
