Technique,AUC,Credibility,LagGlobal,MAP
50Traced_NONETRACED_RFSMOTE_RAW_VSM_76_MAX.csv,0.86977648202138,0.7935836904761905,2.2936507936507935,0.8293956812940074
