Technique,AUC,Credibility,LagGlobal,MAP
50Traced_NONETRACED_MEDIAN_MULTI_LSA_55_SUM.csv,0.792604740308822,0.6682304295668597,2.2976190476190474,0.6896900219560075
