Technique,AUC,Credibility,LagGlobal,MAP
50Traced_NONETRACED_RFSMOTE_RAW_LSA_48_SUM.csv,0.8577974840729942,0.7883227462450111,2.2936507936507935,0.819065265061444
