Technique,AUC,Credibility,LagGlobal,MAP
50Traced_NONETRACED_MAX_SINGLE_LSA_4_MEDIAN.csv,0.9766527642803152,0.7483625,1.0198412698412698,0.9577170784590362
