Technique,AUC,Credibility,LagGlobal,MAP
50Traced_NONETRACED_SUM_RAW_LSA_66_SUM.csv,0.9482844725191663,0.7441236384565894,1.5634920634920635,0.9209969332376226
