Technique,AUC,Credibility,LagGlobal,MAP
50Traced_NONETRACED_MEDIAN_MULTI_LSA_48_SUM.csv,0.787944741388619,0.666677643569606,2.2976190476190474,0.6862206144611113
