Technique,AUC,Credibility,LagGlobal,MAP
50Traced_NONETRACED_RFSMOTE_MULTI_VSM_84_MAX.csv,0.9189916045783393,0.8318096428571429,2.0476190476190474,0.8810590651750408
