Technique,AUC,Credibility,LagGlobal,MAP
50Traced_NONETRACED_RFUNDER_SINGLE_VSM_3_MAX.csv,0.9214548914804017,0.8486065476190476,2.0476190476190474,0.8911648738494039
