Technique,AUC,Credibility,LagGlobal,MAP
50Traced_NONETRACED_RFUNDER_MULTI_VSM_5_MEDIAN.csv,0.8713050696469063,0.7856482142857143,2.2936507936507935,0.684153935855862
