Technique,AUC,Credibility,LagGlobal,MAP
50Traced_NONETRACED_RFSMOTE_SINGLE_LSA_11_SUM.csv,0.8857372314004966,0.7657362136392656,2.2222222222222223,0.8344940894036408
