Technique,AUC,Credibility,LagGlobal,MAP
50Traced_NONETRACED_RFSMOTE_MULTI_VSM_91_MEDIAN.csv,0.8624743548212936,0.7566264285714286,2.1785714285714284,0.7752772326240078
