Technique,AUC,Credibility,LagGlobal,MAP
50Traced_NONETRACED_RFUNDER_SINGLE_LSA_20_SUM.csv,0.9093274214447684,0.8264057977637632,2.2182539682539684,0.9005705216971276
