Technique,AUC,Credibility,LagGlobal,MAP
50Traced_NONETRACED_MEDIAN_SINGLE_VSM_66_SUM.csv,0.7872597451679084,0.6661910690992868,2.2261904761904763,0.6896741229750153
