Technique,AUC,Credibility,LagGlobal,MAP
50Traced_NONETRACED_RFSMOTE_MULTI_LSA_4_SUM.csv,0.8611583522297808,0.7586179660603845,2.2182539682539684,0.8101640226729776
