Technique,AUC,Credibility,LagGlobal,MAP
50Traced_NONETRACED_MAX_SINGLE_VSM_33_MAX.csv,0.9837085627901954,0.7548430952380952,0.9047619047619048,0.9704217540099057
