Technique,AUC,Credibility,LagGlobal,MAP
50Traced_NONETRACED_SUM_MULTI_VSM_90_SUM.csv,0.9097863351689883,0.7244434199041574,2.257936507936508,0.851147137109168
