Technique,AUC,Credibility,LagGlobal,MAP
50Traced_NONETRACED_RFSMOTE_SINGLE_VSM_56_SUM.csv,0.8263652683295539,0.7148474312299741,2.2182539682539684,0.6970064186566752
