Technique,AUC,Credibility,LagGlobal,MAP
50Traced_NONETRACED_SUM_SINGLE_LSA_29_MAX.csv,0.9692055393586007,-0.3164263095238095,0.7222222222222222,0.9305359074376424
