Technique,AUC,Credibility,LagGlobal,MAP
50Traced_NONETRACED_RFNONE_MULTI_LSA_51_SUM.csv,0.9003178652413346,0.821074170551138,2.2182539682539684,0.8814769087415952
