Technique,AUC,Credibility,LagGlobal,MAP
50Traced_NONETRACED_RFNONE_MULTI_LSA_69_MEDIAN.csv,0.8943621099233343,0.8256241666666667,2.2182539682539684,0.8658333712120089
