Technique,AUC,Credibility,LagGlobal,MAP
50Traced_NONETRACED_RFUNDER_RAW_LSA_92_SUM.csv,0.9006316812439261,0.8172658653992627,2.2182539682539684,0.8836071183533794
