Technique,AUC,Credibility,LagGlobal,MAP
50Traced_NONETRACED_RFUNDER_RAW_LSA_6_MEDIAN.csv,0.9408777399848828,0.8566319047619048,2.2182539682539684,0.9253776805691561
