Technique,AUC,Credibility,LagGlobal,MAP
50Traced_NONETRACED_RFNONE_MULTI_VSM_14_MEDIAN.csv,0.8890204891480402,0.8138901190476191,2.2182539682539684,0.8657000520457037
