Technique,AUC,Credibility,LagGlobal,MAP
50Traced_NONETRACED_RFNONE_SINGLE_VSM_52_MAX.csv,0.8864188532555879,0.8212035714285715,2.2936507936507935,0.870579713637765
