Technique,AUC,Credibility,LagGlobal,MAP
50Traced_NONETRACED_RFUNDER_SINGLE_VSM_92_MAX.csv,0.9217957024079473,0.8542235714285714,2.2182539682539684,0.9062526617218083
