Technique,AUC,Credibility,LagGlobal,MAP
50Traced_NONETRACED_RFSMOTE_SINGLE_VSM_50_SUM.csv,0.8603620019436347,0.7454339315060793,2.2261904761904763,0.7624800086875297
