Technique,AUC,Credibility,LagGlobal,MAP
50Traced_NONETRACED_RFUNDER_RAW_LSA_74_MEDIAN.csv,0.8818668340352014,0.8075357142857142,2.2182539682539684,0.8542624365526527
