Technique,AUC,Credibility,LagGlobal,MAP
50Traced_NONETRACED_MAX_RAW_VSM_96_MEDIAN.csv,0.9481326260662997,0.7862367857142857,1.6507936507936507,0.9247736451355039
