Technique,AUC,Credibility,LagGlobal,MAP
50Traced_NONETRACED_RFSMOTE_RAW_LSA_81_SUM.csv,0.8860206781125148,0.8119342381866375,2.2222222222222223,0.87099417974841
