Technique,AUC,Credibility,LagGlobal,MAP
50Traced_NONETRACED_MEDIAN_MULTI_VSM_89_SUM.csv,0.7877861462045136,0.6644218895373425,2.3015873015873014,0.6908773692120318
