Technique,AUC,Credibility,LagGlobal,MAP
50Traced_NONETRACED_RFSMOTE_SINGLE_LSA_1_SUM.csv,0.8034836950653277,0.7212965755720074,2.2261904761904763,0.7001278882561841
