Technique,AUC,Credibility,LagGlobal,MAP
50Traced_NONETRACED_RFNONE_RAW_VSM_54_MAX.csv,0.8711329770003239,0.7780207142857143,2.2936507936507935,0.8418239431948882
