Technique,AUC,Credibility,LagGlobal,MAP
50Traced_NONETRACED_SUM_MULTI_LSA_98_MAX.csv,0.9369533527696793,-0.1732295238095238,1.3611111111111112,0.8747604827977101
