Technique,AUC,Credibility,LagGlobal,MAP
50Traced_NONETRACED_MEDIAN_SINGLE_VSM_35_SUM.csv,0.7804401522513768,0.6663308655670236,2.2936507936507935,0.6833387145468144
