Technique,AUC,Credibility,LagGlobal,MAP
50Traced_NONETRACED_SUM_SINGLE_LSA_26_MAX.csv,0.9693810063708023,-0.2778114285714286,0.5793650793650794,0.9306583093884171
