Technique,AUC,Credibility,LagGlobal,MAP
50Traced_NONETRACED_RFNONE_RAW_VSM_70_MAX.csv,0.8668711532231941,0.7793863095238095,2.2936507936507935,0.8382081119654785
