Technique,AUC,Credibility,LagGlobal,MAP
50Traced_NONETRACED_SUM_MULTI_LSA_29_SUM.csv,0.9387383921822697,0.7301864016592038,1.8095238095238095,0.8880957526176873
