Technique,AUC,Credibility,LagGlobal,MAP
50Traced_NONETRACED_RFUNDER_MULTI_VSM_94_SUM.csv,0.898748785228377,0.8111725771562623,2.2936507936507935,0.8498904754554157
