Technique,AUC,Credibility,LagGlobal,MAP
50Traced_NONETRACED_RFUNDER_RAW_VSM_53_MAX.csv,0.8628792786956052,0.7946739285714286,2.2936507936507935,0.8422894947502877
