Technique,AUC,Credibility,LagGlobal,MAP
50Traced_NONETRACED_SUM_SINGLE_VSM_78_SUM.csv,0.9558430515063168,0.7457054115420043,1.3293650793650793,0.9029355814005126
