Technique,AUC,Credibility,LagGlobal,MAP
50Traced_NONETRACED_SUM_RAW_LSA_58_MEDIAN.csv,0.9532616618075802,0.4786728571428571,1.8134920634920635,0.9234634054419422
