Technique,AUC,Credibility,LagGlobal,MAP
50Traced_NONETRACED_RFUNDER_MULTI_LSA_70_SUM.csv,0.9012998056365404,0.8104109161258873,2.2182539682539684,0.8212413967311918
