Technique,AUC,Credibility,LagGlobal,MAP
50Traced_NONETRACED_RFSMOTE_SINGLE_VSM_25_SUM.csv,0.859265333117374,0.7511561191251745,2.1825396825396823,0.7864400613701181
