Technique,AUC,Credibility,LagGlobal,MAP
50Traced_NONETRACED_RFUNDER_SINGLE_LSA_42_MEDIAN.csv,0.9076469873663751,0.8424830952380953,2.2182539682539684,0.8797834902091819
