Technique,AUC,Credibility,LagGlobal,MAP
50Traced_NONETRACED_MAX_RAW_LSA_59_MAX.csv,0.9185326908541194,0.7716553571428572,2.111111111111111,0.897070244655485
