Technique,AUC,Credibility,LagGlobal,MAP
50Traced_NONETRACED_MEDIAN_RAW_VSM_60_SUM.csv,0.7855455674333226,0.6649632073077899,2.2976190476190474,0.6909067705766565
