Technique,AUC,Credibility,LagGlobal,MAP
50Traced_NONETRACED_MAX_SINGLE_VSM_74_MEDIAN.csv,0.9848153547133139,0.7484188095238096,1.0119047619047619,0.9729090152453388
