Technique,AUC,Credibility,LagGlobal,MAP
50Traced_NONETRACED_SUM_SINGLE_LSA_61_MEDIAN.csv,0.9654802397149336,-0.2978107142857143,1.5357142857142858,0.9286248604805931
