Technique,AUC,Credibility,LagGlobal,MAP
50Traced_NONETRACED_MEDIAN_SINGLE_LSA_66_SUM.csv,0.7833049886621316,0.665528380346305,2.2936507936507935,0.6908757194427979
