Technique,AUC,Credibility,LagGlobal,MAP
50Traced_NONETRACED_RFUNDER_RAW_LSA_15_MEDIAN.csv,0.8733701814058956,0.7938915476190476,2.2936507936507935,0.8489685617807619
