Technique,AUC,Credibility,LagGlobal,MAP
50Traced_NONETRACED_RFNONE_MULTI_VSM_59_SUM.csv,0.9098167044595615,0.8264057977637632,2.2936507936507935,0.8871247642080364
