Technique,AUC,Credibility,LagGlobal,MAP
50Traced_NONETRACED_RFUNDER_MULTI_VSM_34_SUM.csv,0.8979254400172768,0.8241208146726381,2.2936507936507935,0.8654047221435721
