Technique,AUC,Credibility,LagGlobal,MAP
50Traced_NONETRACED_SUM_RAW_LSA_76_MAX.csv,0.9365113108735558,0.49308166666666664,1.8531746031746033,0.9160750457204807
