Technique,AUC,Credibility,LagGlobal,MAP
50Traced_NONETRACED_MAX_MULTI_VSM_35_SUM.csv,0.9604119425547997,0.7312174142613689,1.2261904761904763,0.9335375620954705
