Technique,AUC,Credibility,LagGlobal,MAP
50Traced_NONETRACED_MEDIAN_SINGLE_VSM_94_SUM.csv,0.7794649605874097,0.6642948067326397,2.3015873015873014,0.6820435466386274
