Technique,AUC,Credibility,LagGlobal,MAP
50Traced_NONETRACED_SUM_RAW_VSM_99_MEDIAN.csv,0.9519085411942555,0.44534083333333335,1.3928571428571428,0.9248295663965084
