Technique,AUC,Credibility,LagGlobal,MAP
50Traced_NONETRACED_RFSMOTE_MULTI_LSA_6_SUM.csv,0.8616240146852392,0.7612383279044517,2.2182539682539684,0.7910419184373341
