Technique,AUC,Credibility,LagGlobal,MAP
50Traced_NONETRACED_MAX_RAW_VSM_68_MAX.csv,0.9594367508908326,0.793045,1.9603174603174602,0.9397856719556426
