Technique,AUC,Credibility,LagGlobal,MAP
50Traced_NONETRACED_MEDIAN_MULTI_LSA_52_MEDIAN.csv,0.7782434402332362,0.6757792857142857,2.2936507936507935,0.6795162086102849
