Technique,AUC,Credibility,LagGlobal,MAP
50Traced_NONETRACED_MAX_MULTI_VSM_20_MAX.csv,0.9827367454918476,0.7565486904761904,1.369047619047619,0.9732909119300014
