Technique,AUC,Credibility,LagGlobal,MAP
50Traced_NONETRACED_RFSMOTE_SINGLE_LSA_80_SUM.csv,0.8697899794838571,0.7776594918197606,2.2182539682539684,0.8412330158360561
