Technique,AUC,Credibility,LagGlobal,MAP
50Traced_NONETRACED_MAX_RAW_LSA_41_MEDIAN.csv,0.9572164183133571,0.79108,2.0595238095238093,0.9424316250706359
