Technique,AUC,Credibility,LagGlobal,MAP
50Traced_NONETRACED_MEDIAN_MULTI_VSM_62_MAX.csv,0.778216445308282,0.6757844047619047,2.2936507936507935,0.6795061474664048
