Technique,AUC,Credibility,LagGlobal,MAP
50Traced_NONETRACED_MAX_MULTI_LSA_94_MAX.csv,0.9882538332793435,0.7631320238095238,0.9682539682539683,0.9814915453619544
