Technique,AUC,Credibility,LagGlobal,MAP
50Traced_NONETRACED_RFNONE_SINGLE_VSM_37_SUM.csv,0.8864829662023539,0.8142192212777626,2.2936507936507935,0.8729779483807837
