Technique,AUC,Credibility,LagGlobal,MAP
50Traced_NONETRACED_RFNONE_RAW_VSM_55_SUM.csv,0.9167071590540978,0.8058409499436371,2.2936507936507935,0.8977611563661082
