Technique,AUC,Credibility,LagGlobal,MAP
50Traced_NONETRACED_MAX_MULTI_LSA_32_MAX.csv,0.9626289007666559,0.7478746428571429,1.4246031746031746,0.9461731676194133
