Technique,AUC,Credibility,LagGlobal,MAP
50Traced_NONETRACED_RFUNDER_SINGLE_VSM_20_SUM.csv,0.9510008368426736,0.8515406117661396,2.2182539682539684,0.942599194461953
