Technique,AUC,Credibility,LagGlobal,MAP
50Traced_NONETRACED_MAX_RAW_VSM_60_SUM.csv,0.9545068027210886,0.7847315521386389,2.1785714285714284,0.9387593856439245
