Technique,AUC,Credibility,LagGlobal,MAP
50Traced_NONETRACED_MEDIAN_RAW_VSM_13_SUM.csv,0.784681729834791,0.6662688863788898,2.2976190476190474,0.6911608317329221
