Technique,AUC,Credibility,LagGlobal,MAP
50Traced_NONETRACED_SUM_RAW_VSM_91_MEDIAN.csv,0.9624905517762661,0.4326552380952381,1.3095238095238095,0.9341397057895184
