Technique,AUC,Credibility,LagGlobal,MAP
50Traced_NONETRACED_RFSMOTE_RAW_LSA_13_SUM.csv,0.8840264280315301,0.785276102123511,2.1865079365079363,0.8367831519830201
