Technique,AUC,Credibility,LagGlobal,MAP
50Traced_NONETRACED_RFNONE_MULTI_LSA_38_MEDIAN.csv,0.870491847532664,0.8062686904761904,2.2182539682539684,0.8469236030183138
