Technique,AUC,Credibility,LagGlobal,MAP
50Traced_NONETRACED_MAX_SINGLE_VSM_60_SUM.csv,0.9802937047835008,0.7185260273635967,0.9603174603174603,0.9636630832680383
