Technique,AUC,Credibility,LagGlobal,MAP
50Traced_NONETRACED_SUM_MULTI_LSA_62_MAX.csv,0.9277852013821402,-0.21565857142857142,2.0555555555555554,0.8716931791312225
