Technique,AUC,Credibility,LagGlobal,MAP
50Traced_NONETRACED_RFUNDER_SINGLE_VSM_11_SUM.csv,0.9138591944714394,0.8378307132193888,2.2182539682539684,0.9016127329288266
