Technique,AUC,Credibility,LagGlobal,MAP
50Traced_NONETRACED_MAX_SINGLE_VSM_9_SUM.csv,0.9628144908757154,0.7301615211806971,1.2857142857142858,0.9427882410166096
