Technique,AUC,Credibility,LagGlobal,MAP
50Traced_NONETRACED_MAX_SINGLE_VSM_36_MAX.csv,0.9811069268977431,0.7506994047619048,0.9761904761904762,0.9658539088211908
