Technique,AUC,Credibility,LagGlobal,MAP
50Traced_NONETRACED_RFSMOTE_RAW_VSM_86_MAX.csv,0.8950032393909945,0.8236679761904762,2.2182539682539684,0.8705710229583327
