Technique,AUC,Credibility,LagGlobal,MAP
50Traced_NONETRACED_RFUNDER_MULTI_VSM_22_SUM.csv,0.8990389806716338,0.8172658653992627,2.2182539682539684,0.8387514199359227
