Technique,AUC,Credibility,LagGlobal,MAP
50Traced_NONETRACED_RFSMOTE_RAW_VSM_29_MAX.csv,0.8485112298887809,0.7765779761904762,2.2936507936507935,0.7760587788612815
