Technique,AUC,Credibility,LagGlobal,MAP
50Traced_NONETRACED_MAX_SINGLE_VSM_50_MAX.csv,0.9858884029802397,0.7457111904761905,0.5238095238095238,0.9716486792905272
