Technique,AUC,Credibility,LagGlobal,MAP
50Traced_NONETRACED_RFUNDER_MULTI_VSM_87_SUM.csv,0.9145880574452003,0.8264057977637632,2.2936507936507935,0.8840443979117426
