Technique,AUC,Credibility,LagGlobal,MAP
50Traced_NONETRACED_SUM_MULTI_LSA_74_MEDIAN.csv,0.942531179138322,-0.15784404761904763,1.6865079365079365,0.9083548182127225
