Technique,AUC,Credibility,LagGlobal,MAP
50Traced_NONETRACED_MAX_SINGLE_LSA_90_SUM.csv,0.9764435536119209,0.7432039966560561,1.257936507936508,0.959331467073489
