Technique,AUC,Credibility,LagGlobal,MAP
50Traced_NONETRACED_SUM_MULTI_VSM_87_MEDIAN.csv,0.9356069808875931,-0.2431497619047619,1.8134920634920635,0.8892748665065016
