Technique,AUC,Credibility,LagGlobal,MAP
50Traced_NONETRACED_RFSMOTE_RAW_VSM_89_SUM.csv,0.866422362595832,0.7883827361563518,2.2936507936507935,0.8365041732697232
