Technique,AUC,Credibility,LagGlobal,MAP
50Traced_NONETRACED_RFSMOTE_SINGLE_VSM_82_MEDIAN.csv,0.8564004967066192,0.7760140476190476,2.2222222222222223,0.7817008341768524
