Technique,AUC,Credibility,LagGlobal,MAP
50Traced_NONETRACED_SUM_RAW_VSM_80_MAX.csv,0.9351885595508045,0.49583297619047617,2.257936507936508,0.9115026779482922
