Technique,AUC,Credibility,LagGlobal,MAP
50Traced_NONETRACED_RFSMOTE_RAW_LSA_8_SUM.csv,0.865464042759961,0.7619815793227045,2.2182539682539684,0.8002467116713599
