Technique,AUC,Credibility,LagGlobal,MAP
50Traced_NONETRACED_MEDIAN_MULTI_VSM_0_SUM.csv,0.785667044595616,0.6653513336883381,2.2936507936507935,0.6871343817977195
