Technique,AUC,Credibility,LagGlobal,MAP
50Traced_NONETRACED_RFNONE_RAW_VSM_0_SUM.csv,0.8912981859410432,0.7953130522947557,2.2936507936507935,0.870072893679185
