Technique,AUC,Credibility,LagGlobal,MAP
50Traced_NONETRACED_MEDIAN_RAW_LSA_48_SUM.csv,0.7801330849800239,0.6638530829738645,2.2936507936507935,0.6841713735676727
