Technique,AUC,Credibility,LagGlobal,MAP
50Traced_NONETRACED_RFUNDER_RAW_VSM_95_MEDIAN.csv,0.8987015441097074,0.8288883333333333,2.2182539682539684,0.8832347984745853
