Technique,AUC,Credibility,LagGlobal,MAP
50Traced_NONETRACED_RFNONE_RAW_VSM_72_SUM.csv,0.9117130979375878,0.8165042043688877,2.2936507936507935,0.8929474044760187
