Technique,AUC,Credibility,LagGlobal,MAP
50Traced_NONETRACED_RFNONE_MULTI_LSA_3_SUM.csv,0.9027946496058741,0.8294524418852633,2.2182539682539684,0.887349440038028
