Technique,AUC,Credibility,LagGlobal,MAP
50Traced_NONETRACED_RFUNDER_RAW_VSM_91_MEDIAN.csv,0.873859464420689,0.8092378571428571,2.2936507936507935,0.8223191069282547
