Technique,AUC,Credibility,LagGlobal,MAP
50Traced_NONETRACED_RFNONE_MULTI_LSA_7_MEDIAN.csv,0.9040667854443364,0.8374733333333333,2.2936507936507935,0.8925706363841062
