Technique,AUC,Credibility,LagGlobal,MAP
50Traced_NONETRACED_RFSMOTE_RAW_VSM_47_MAX.csv,0.9101102742684375,0.8211788095238095,2.2936507936507935,0.8763509019667955
