Technique,AUC,Credibility,LagGlobal,MAP
50Traced_NONETRACED_RFNONE_SINGLE_VSM_28_SUM.csv,0.8984855847100746,0.8203125095207628,2.2182539682539684,0.8871281816734317
