Technique,AUC,Credibility,LagGlobal,MAP
50Traced_NONETRACED_RFNONE_RAW_VSM_20_MAX.csv,0.871467039196631,0.8089178571428571,2.2182539682539684,0.8546891244598498
