Technique,AUC,Credibility,LagGlobal,MAP
50Traced_NONETRACED_RFNONE_MULTI_VSM_81_MAX.csv,0.9238810603606522,0.8369283333333334,2.0198412698412698,0.8709908033062688
