Technique,AUC,Credibility,LagGlobal,MAP
50Traced_NONETRACED_RFUNDER_SINGLE_VSM_70_MAX.csv,0.9064828312277291,0.8472630952380953,2.2182539682539684,0.8839043388235032
