Technique,AUC,Credibility,LagGlobal,MAP
50Traced_NONETRACED_RFSMOTE_SINGLE_LSA_45_SUM.csv,0.8185569862865781,0.7198074042477209,2.2936507936507935,0.7344674521581649
