Technique,AUC,Credibility,LagGlobal,MAP
50Traced_NONETRACED_SUM_RAW_VSM_94_SUM.csv,0.9754616132167153,0.7455611395067722,1.130952380952381,0.9567612278919472
