Technique,AUC,Credibility,LagGlobal,MAP
50Traced_NONETRACED_MAX_SINGLE_VSM_50_SUM.csv,0.9803173253428356,0.7322905655391121,0.7976190476190477,0.9617092128337825
