Technique,AUC,Credibility,LagGlobal,MAP
50Traced_NONETRACED_RFSMOTE_SINGLE_LSA_51_MEDIAN.csv,0.8757322373393802,0.783007380952381,2.2182539682539684,0.8372235067305867
