Technique,AUC,Credibility,LagGlobal,MAP
50Traced_NONETRACED_MAX_SINGLE_VSM_2_MAX.csv,0.9730658136270381,0.7405601190476191,0.873015873015873,0.9528900219684981
