Technique,AUC,Credibility,LagGlobal,MAP
50Traced_NONETRACED_MEDIAN_MULTI_LSA_30_MEDIAN.csv,0.7782231940395206,0.6757932142857143,2.2936507936507935,0.679506930577638
