Technique,AUC,Credibility,LagGlobal,MAP
50Traced_NONETRACED_RFNONE_SINGLE_VSM_77_MEDIAN.csv,0.8816643720980456,0.7959939285714286,2.1547619047619047,0.8545223051917548
