Technique,AUC,Credibility,LagGlobal,MAP
50Traced_NONETRACED_RFSMOTE_SINGLE_VSM_12_MEDIAN.csv,0.8695976406435589,0.8143030952380952,2.2182539682539684,0.8226602298944519
