Technique,AUC,Credibility,LagGlobal,MAP
50Traced_NONETRACED_RFSMOTE_SINGLE_LSA_13_SUM.csv,0.8350745059928735,0.7216850473088258,2.2936507936507935,0.7522533846849419
