Technique,AUC,Credibility,LagGlobal,MAP
50Traced_NONETRACED_SUM_RAW_VSM_57_SUM.csv,0.9425682971601339,0.7418231612930002,2.1547619047619047,0.9158022531390702
