Technique,AUC,Credibility,LagGlobal,MAP
50Traced_NONETRACED_RFUNDER_MULTI_VSM_95_MEDIAN.csv,0.8919561872367994,0.8274817857142858,2.2936507936507935,0.8072411782437934
