Technique,AUC,Credibility,LagGlobal,MAP
50Traced_NONETRACED_SUM_MULTI_VSM_16_SUM.csv,0.9456052262174712,0.722563938266779,1.3373015873015872,0.8984152839424647
