Technique,AUC,Credibility,LagGlobal,MAP
50Traced_NONETRACED_RFNONE_SINGLE_LSA_1_SUM.csv,0.8647183079581038,0.7807061359412607,2.2182539682539684,0.8267339790996127
