Technique,AUC,Credibility,LagGlobal,MAP
50Traced_NONETRACED_RFUNDER_RAW_VSM_27_SUM.csv,0.8967376633192959,0.8073642720043872,2.2182539682539684,0.8717152121139473
