Technique,AUC,Credibility,LagGlobal,MAP
50Traced_NONETRACED_MAX_MULTI_VSM_43_SUM.csv,0.9372367994816975,0.7359532794855256,2.0674603174603177,0.9179777483448442
