Technique,AUC,Credibility,LagGlobal,MAP
50Traced_NONETRACED_RFNONE_RAW_VSM_59_MEDIAN.csv,0.870248893208077,0.7858546428571429,2.1785714285714284,0.8419003068563313
