Technique,AUC,Credibility,LagGlobal,MAP
50Traced_NONETRACED_RFSMOTE_RAW_LSA_14_MEDIAN.csv,0.8877820969657705,0.8027894047619047,2.2976190476190474,0.8332720187881721
