Technique,AUC,Credibility,LagGlobal,MAP
50Traced_NONETRACED_SUM_RAW_LSA_29_MEDIAN.csv,0.9509535957240038,0.4803894047619048,1.8412698412698412,0.9185684970142904
