Technique,AUC,Credibility,LagGlobal,MAP
50Traced_NONETRACED_RFUNDER_RAW_VSM_62_SUM.csv,0.8913994169096211,0.8038397081713269,2.2936507936507935,0.871990455316421
