Technique,AUC,Credibility,LagGlobal,MAP
50Traced_NONETRACED_RFSMOTE_MULTI_VSM_15_SUM.csv,0.865322319403952,0.7944160344880115,2.2182539682539684,0.8336738787623706
