Technique,AUC,Credibility,LagGlobal,MAP
50Traced_NONETRACED_RFNONE_SINGLE_VSM_8_SUM.csv,0.896059415829824,0.8170172672533006,2.123015873015873,0.878477412259265
