Technique,AUC,Credibility,LagGlobal,MAP
50Traced_NONETRACED_RFUNDER_SINGLE_LSA_42_SUM.csv,0.9090372260015117,0.8340224080675136,2.2182539682539684,0.893171125187033
