Technique,AUC,Credibility,LagGlobal,MAP
50Traced_NONETRACED_RFUNDER_SINGLE_LSA_55_SUM.csv,0.9154822643343051,0.8309757639460135,2.2182539682539684,0.8978198693330336
