Technique,AUC,Credibility,LagGlobal,MAP
50Traced_NONETRACED_RFUNDER_MULTI_LSA_18_MAX.csv,0.7764718982831227,0.6562704761904762,2.2023809523809526,0.5009227376857887
