Technique,AUC,Credibility,LagGlobal,MAP
50Traced_NONETRACED_RFUNDER_MULTI_LSA_68_MAX.csv,0.890208265846021,0.8260672619047619,2.2182539682539684,0.7951443052168151
