Technique,AUC,Credibility,LagGlobal,MAP
50Traced_NONETRACED_MAX_SINGLE_LSA_44_SUM.csv,0.9832563977972141,0.7342116115303132,0.9722222222222222,0.9705393296594811
