Technique,AUC,Credibility,LagGlobal,MAP
50Traced_NONETRACED_SUM_RAW_LSA_2_SUM.csv,0.9370478350070186,0.7372887223824192,2.3214285714285716,0.9151384769363613
