Technique,AUC,Credibility,LagGlobal,MAP
50Traced_NONETRACED_SUM_MULTI_VSM_73_MAX.csv,0.915904060036713,-0.19405809523809525,2.1984126984126986,0.8530280416998199
