Technique,AUC,Credibility,LagGlobal,MAP
50Traced_NONETRACED_RFUNDER_SINGLE_LSA_31_SUM.csv,0.9024369668502321,0.8294524418852633,2.123015873015873,0.8855171104371119
