Technique,AUC,Credibility,LagGlobal,MAP
50Traced_NONETRACED_MAX_SINGLE_LSA_8_MEDIAN.csv,0.9811305474570781,0.7419129761904761,1.1904761904761905,0.9715178877913571
