Technique,AUC,Credibility,LagGlobal,MAP
50Traced_NONETRACED_MAX_RAW_VSM_79_SUM.csv,0.9730995572832307,0.7829391400613572,1.3253968253968254,0.9571545604467316
