Technique,AUC,Credibility,LagGlobal,MAP
50Traced_NONETRACED_RFNONE_MULTI_LSA_26_MAX.csv,0.8938896987366375,0.8330414285714286,2.2182539682539684,0.8600741055384912
