Technique,AUC,Credibility,LagGlobal,MAP
50Traced_NONETRACED_RFNONE_MULTI_VSM_48_MAX.csv,0.9272453028830581,0.8469161904761905,2.2182539682539684,0.8932898180823203
