Technique,AUC,Credibility,LagGlobal,MAP
50Traced_NONETRACED_MAX_RAW_LSA_49_MEDIAN.csv,0.955127685995033,0.7818991666666667,1.8492063492063493,0.9317192992853353
