Technique,AUC,Credibility,LagGlobal,MAP
50Traced_NONETRACED_RFSMOTE_RAW_VSM_60_SUM.csv,0.8776083846236907,0.7805851921443144,2.2936507936507935,0.834091112020176
