Technique,AUC,Credibility,LagGlobal,MAP
50Traced_NONETRACED_RFNONE_RAW_LSA_65_SUM.csv,0.8981177788575748,0.8104109161258873,2.2182539682539684,0.881506249876241
