Technique,AUC,Credibility,LagGlobal,MAP
50Traced_NONETRACED_SUM_MULTI_LSA_28_SUM.csv,0.9374966256343809,0.7382774156783132,2.2817460317460316,0.902429813831611
