Technique,AUC,Credibility,LagGlobal,MAP
50Traced_NONETRACED_RFUNDER_MULTI_LSA_17_SUM.csv,0.9212794244681999,0.8248824757030131,1.9642857142857142,0.8609151732807125
