Technique,AUC,Credibility,LagGlobal,MAP
50Traced_NONETRACED_RFNONE_MULTI_LSA_94_SUM.csv,0.8951112190908109,0.7974626786095116,2.2182539682539684,0.8692812962949634
