Technique,AUC,Credibility,LagGlobal,MAP
50Traced_NONETRACED_MAX_MULTI_VSM_9_MAX.csv,0.9426695281287119,0.7333302380952381,1.9047619047619047,0.9221320089014783
