Technique,AUC,Credibility,LagGlobal,MAP
50Traced_NONETRACED_RFSMOTE_MULTI_LSA_25_MEDIAN.csv,0.8523073912104525,0.754215238095238,2.126984126984127,0.7432258538077106
