Technique,AUC,Credibility,LagGlobal,MAP
50Traced_NONETRACED_RFSMOTE_RAW_LSA_56_SUM.csv,0.8892600691070079,0.802794305822137,2.2182539682539684,0.8754030101973516
