Technique,AUC,Credibility,LagGlobal,MAP
50Traced_NONETRACED_SUM_SINGLE_VSM_43_SUM.csv,0.9739229024943311,0.752522101702249,1.0238095238095237,0.9413874434797569
