Technique,AUC,Credibility,LagGlobal,MAP
50Traced_NONETRACED_RFSMOTE_SINGLE_VSM_45_MEDIAN.csv,0.8580775564193932,0.7695470238095238,2.2182539682539684,0.7735610362992781
