Technique,AUC,Credibility,LagGlobal,MAP
50Traced_NONETRACED_RFSMOTE_MULTI_LSA_39_SUM.csv,0.9033480455674333,0.821835831581513,2.2222222222222223,0.8716493031345947
