Technique,AUC,Credibility,LagGlobal,MAP
50Traced_NONETRACED_SUM_RAW_VSM_14_MEDIAN.csv,0.9309942230860597,0.47621511904761904,1.9126984126984128,0.8964440227868815
