Technique,AUC,Credibility,LagGlobal,MAP
50Traced_NONETRACED_RFUNDER_SINGLE_VSM_68_MAX.csv,0.9073972843105497,0.839912380952381,2.2182539682539684,0.8834450979663104
