Technique,AUC,Credibility,LagGlobal,MAP
50Traced_NONETRACED_RFNONE_SINGLE_LSA_21_SUM.csv,0.8729821293596804,0.7798100416100807,2.2182539682539684,0.8426068980552571
