Technique,AUC,Credibility,LagGlobal,MAP
50Traced_NONETRACED_RFSMOTE_MULTI_LSA_18_MAX.csv,0.8877584764064356,0.8258146428571429,2.2936507936507935,0.8401180919426544
