Technique,AUC,Credibility,LagGlobal,MAP
50Traced_NONETRACED_MAX_MULTI_VSM_51_SUM.csv,0.9428247489471978,0.7362725392179225,2.2817460317460316,0.9247562061851516
