Technique,AUC,Credibility,LagGlobal,MAP
50Traced_NONETRACED_SUM_RAW_LSA_22_MAX.csv,0.9599462800993414,0.44488738095238095,1.6825396825396826,0.9387376476864291
