Technique,AUC,Credibility,LagGlobal,MAP
50Traced_NONETRACED_RFNONE_SINGLE_VSM_1_MAX.csv,0.8403891318432135,0.7489044047619048,2.2182539682539684,0.7963447906108524
