Technique,AUC,Credibility,LagGlobal,MAP
50Traced_NONETRACED_RFNONE_SINGLE_VSM_42_SUM.csv,0.9009421228808983,0.8010262172645114,2.0198412698412698,0.8763294261151204
