Technique,AUC,Credibility,LagGlobal,MAP
50Traced_NONETRACED_SUM_SINGLE_VSM_85_SUM.csv,0.9757720548536876,0.760998724725552,0.7658730158730159,0.9471924506367522
