Technique,AUC,Credibility,LagGlobal,MAP
50Traced_NONETRACED_MEDIAN_SINGLE_VSM_99_SUM.csv,0.7793671039844509,0.6639917956525416,2.2976190476190474,0.6811984576716053
