Technique,AUC,Credibility,LagGlobal,MAP
50Traced_NONETRACED_RFUNDER_SINGLE_LSA_84_MAX.csv,0.9327995086923658,0.860347380952381,2.2182539682539684,0.9254523478719101
