Technique,AUC,Credibility,LagGlobal,MAP
50Traced_NONETRACED_MEDIAN_MULTI_VSM_55_MAX.csv,0.7781658298239932,0.675729880952381,2.2976190476190474,0.679493478160488
