Technique,AUC,Credibility,LagGlobal,MAP
50Traced_NONETRACED_RFUNDER_MULTI_VSM_35_MAX.csv,0.8698001025807147,0.7877845238095238,2.2222222222222223,0.6868710455931623
