Technique,AUC,Credibility,LagGlobal,MAP
50Traced_NONETRACED_RFNONE_MULTI_LSA_1_MEDIAN.csv,0.8971527102904654,0.8268991666666666,2.2182539682539684,0.8456478729961914
