Technique,AUC,Credibility,LagGlobal,MAP
50Traced_NONETRACED_MAX_SINGLE_LSA_59_SUM.csv,0.9608776050102581,0.7386248498585765,1.3095238095238095,0.9380872697391656
