Technique,AUC,Credibility,LagGlobal,MAP
50Traced_NONETRACED_MAX_RAW_VSM_73_MEDIAN.csv,0.954449438505561,0.7879315476190476,2.130952380952381,0.9371844358044442
