Technique,AUC,Credibility,LagGlobal,MAP
50Traced_NONETRACED_MAX_SINGLE_LSA_94_SUM.csv,0.9747732426303856,0.7266371486639631,0.873015873015873,0.9568347437323138
