Technique,AUC,Credibility,LagGlobal,MAP
50Traced_NONETRACED_SUM_RAW_LSA_30_MEDIAN.csv,0.9580903790087463,0.4151263095238095,1.9087301587301588,0.9382184706534229
