Technique,AUC,Credibility,LagGlobal,MAP
50Traced_NONETRACED_RFNONE_RAW_VSM_21_SUM.csv,0.870903520138214,0.7953130522947557,2.2182539682539684,0.8518049799715853
