Technique,AUC,Credibility,LagGlobal,MAP
50Traced_NONETRACED_MEDIAN_SINGLE_VSM_70_SUM.csv,0.7809766763848397,0.664543263131185,2.2976190476190474,0.6837829873291383
