Technique,AUC,Credibility,LagGlobal,MAP
50Traced_NONETRACED_RFUNDER_MULTI_VSM_15_MAX.csv,0.9180096641831336,0.8395465476190476,2.2182539682539684,0.8219137809711923
