Technique,AUC,Credibility,LagGlobal,MAP
50Traced_NONETRACED_RFUNDER_MULTI_VSM_52_SUM.csv,0.9218800615484289,0.8309757639460135,2.2182539682539684,0.8699971518148876
