Technique,AUC,Credibility,LagGlobal,MAP
50Traced_NONETRACED_RFUNDER_RAW_LSA_94_MEDIAN.csv,0.8714467930029155,0.810055,2.2182539682539684,0.8535809964792985
