Technique,AUC,Credibility,LagGlobal,MAP
50Traced_NONETRACED_RFUNDER_RAW_LSA_43_MAX.csv,0.8935050210560415,0.813427738095238,2.2936507936507935,0.8731555674739941
