Technique,AUC,Credibility,LagGlobal,MAP
50Traced_NONETRACED_RFNONE_MULTI_LSA_70_SUM.csv,0.8955161429651225,0.8172658653992627,2.2182539682539684,0.8656249686151725
