Technique,AUC,Credibility,LagGlobal,MAP
50Traced_NONETRACED_SUM_SINGLE_VSM_79_MAX.csv,0.9533865133354928,-0.2428897619047619,1.1111111111111112,0.903835131550836
