Technique,AUC,Credibility,LagGlobal,MAP
50Traced_NONETRACED_MAX_RAW_VSM_84_MAX.csv,0.9689052208184861,0.8155255952380952,2.2063492063492065,0.9599211266432216
