Technique,AUC,Credibility,LagGlobal,MAP
50Traced_NONETRACED_RFNONE_MULTI_LSA_87_MEDIAN.csv,0.9018565759637188,0.8186728571428571,2.2936507936507935,0.8239167031936148
