Technique,AUC,Credibility,LagGlobal,MAP
50Traced_NONETRACED_MEDIAN_SINGLE_VSM_2_SUM.csv,0.7787698412698413,0.6703071806048174,2.2936507936507935,0.6827242554443388
