Technique,AUC,Credibility,LagGlobal,MAP
50Traced_NONETRACED_MAX_RAW_VSM_81_SUM.csv,0.9457165802829068,0.7620821185617104,2.0317460317460316,0.924556905683876
