Technique,AUC,Credibility,LagGlobal,MAP
50Traced_NONETRACED_RFNONE_MULTI_LSA_90_MAX.csv,0.9026158082280531,0.8308571428571428,2.2182539682539684,0.847119600022377
