Technique,AUC,Credibility,LagGlobal,MAP
50Traced_NONETRACED_RFUNDER_MULTI_LSA_88_MEDIAN.csv,0.8609457671957672,0.7921045238095238,2.2936507936507935,0.7138679652311118
