Technique,AUC,Credibility,LagGlobal,MAP
50Traced_NONETRACED_MAX_MULTI_VSM_82_SUM.csv,0.9718915343915344,0.7516686362792878,1.2380952380952381,0.9532733611597339
