Technique,AUC,Credibility,LagGlobal,MAP
50Traced_NONETRACED_RFUNDER_MULTI_VSM_46_SUM.csv,0.9126714177734586,0.7906077293361362,2.123015873015873,0.8129378792708879
