Technique,AUC,Credibility,LagGlobal,MAP
50Traced_NONETRACED_MEDIAN_SINGLE_VSM_95_SUM.csv,0.7896555447575857,0.6663414922549368,2.2976190476190474,0.6947550731154699
