Technique,AUC,Credibility,LagGlobal,MAP
50Traced_NONETRACED_MAX_MULTI_VSM_19_SUM.csv,0.9646670176006911,0.7452221592255899,1.7698412698412698,0.9468630422437032
