Technique,AUC,Credibility,LagGlobal,MAP
50Traced_NONETRACED_RFSMOTE_SINGLE_VSM_85_MAX.csv,0.8629973814922793,0.7688413095238095,2.2182539682539684,0.7894296549119003
