Technique,AUC,Credibility,LagGlobal,MAP
50Traced_NONETRACED_MEDIAN_MULTI_VSM_38_MEDIAN.csv,0.7778722600151171,0.6756510714285714,2.2936507936507935,0.6793901463605707
