Technique,AUC,Credibility,LagGlobal,MAP
50Traced_NONETRACED_MAX_MULTI_LSA_23_SUM.csv,0.979811170499946,0.7496848313304223,0.876984126984127,0.9636359950091506
