Technique,AUC,Credibility,LagGlobal,MAP
50Traced_NONETRACED_RFSMOTE_MULTI_LSA_74_MEDIAN.csv,0.9252982939207429,0.8360664285714285,2.0595238095238093,0.8473017261503376
