Technique,AUC,Credibility,LagGlobal,MAP
50Traced_NONETRACED_MEDIAN_SINGLE_LSA_5_MEDIAN.csv,0.7782366915019977,0.6757870238095238,2.2936507936507935,0.6795387125851584
