Technique,AUC,Credibility,LagGlobal,MAP
50Traced_NONETRACED_MAX_SINGLE_VSM_14_MEDIAN.csv,0.9757079419069214,0.7453938095238095,1.0317460317460319,0.9562671553387235
