Technique,AUC,Credibility,LagGlobal,MAP
50Traced_NONETRACED_RFNONE_MULTI_VSM_80_MAX.csv,0.8992751862649822,0.8244926190476191,2.2182539682539684,0.8834512098686635
