Technique,AUC,Credibility,LagGlobal,MAP
50Traced_NONETRACED_RFSMOTE_RAW_LSA_47_SUM.csv,0.8721115430299105,0.7891118480208856,2.2182539682539684,0.8306689283049377
