Technique,AUC,Credibility,LagGlobal,MAP
50Traced_NONETRACED_RFSMOTE_SINGLE_VSM_39_SUM.csv,0.8744803476946335,0.7700428815160101,2.2261904761904763,0.8242740488093818
