Technique,AUC,Credibility,LagGlobal,MAP
50Traced_NONETRACED_RFUNDER_SINGLE_VSM_14_MAX.csv,0.8982527534823452,0.8400192857142857,2.2182539682539684,0.8844011270465088
