Technique,AUC,Credibility,LagGlobal,MAP
50Traced_NONETRACED_RFSMOTE_SINGLE_VSM_19_SUM.csv,0.8859498164345102,0.8020326447917618,2.2182539682539684,0.8581183630254479
