Technique,AUC,Credibility,LagGlobal,MAP
50Traced_NONETRACED_MEDIAN_RAW_LSA_47_SUM.csv,0.7815030774214446,0.6653059470608457,2.2936507936507935,0.6854893886402844
