Technique,AUC,Credibility,LagGlobal,MAP
50Traced_NONETRACED_RFUNDER_RAW_VSM_76_MAX.csv,0.882298752834467,0.8181188095238096,2.2182539682539684,0.8672250623840624
