Technique,AUC,Credibility,LagGlobal,MAP
50Traced_NONETRACED_RFNONE_RAW_VSM_53_MEDIAN.csv,0.8676067649281936,0.7972521428571429,2.2182539682539684,0.847528936438794
