Technique,AUC,Credibility,LagGlobal,MAP
50Traced_NONETRACED_MAX_SINGLE_LSA_4_SUM.csv,0.969478862973761,0.7349857442149867,0.9404761904761905,0.9454052928030023
