Technique,AUC,Credibility,LagGlobal,MAP
50Traced_NONETRACED_RFUNDER_SINGLE_VSM_44_SUM.csv,0.9254197710830363,0.840877357340889,2.2936507936507935,0.918802316147557
