Technique,AUC,Credibility,LagGlobal,MAP
50Traced_NONETRACED_RFNONE_RAW_LSA_22_MEDIAN.csv,0.8899923064463882,0.812064761904762,2.2182539682539684,0.8749172331885778
