Technique,AUC,Credibility,LagGlobal,MAP
50Traced_NONETRACED_RFUNDER_SINGLE_VSM_24_MAX.csv,0.9126275510204082,0.8474363095238096,2.2182539682539684,0.9062878625682526
