Technique,AUC,Credibility,LagGlobal,MAP
50Traced_NONETRACED_RFNONE_RAW_LSA_46_SUM.csv,0.8782225191663967,0.8005093227310118,2.2182539682539684,0.8543487034850843
