Technique,AUC,Credibility,LagGlobal,MAP
50Traced_NONETRACED_SUM_SINGLE_LSA_36_SUM.csv,0.958060009718173,0.7507992124547523,1.3015873015873016,0.9187041846767858
