Technique,AUC,Credibility,LagGlobal,MAP
50Traced_NONETRACED_SUM_SINGLE_LSA_15_MAX.csv,0.96210587409567,-0.2125922619047619,1.6071428571428572,0.9141492829158935
