Technique,AUC,Credibility,LagGlobal,MAP
50Traced_NONETRACED_RFSMOTE_SINGLE_LSA_27_MEDIAN.csv,0.8309071644530829,0.7364134523809523,2.2936507936507935,0.7448926009587149
