Technique,AUC,Credibility,LagGlobal,MAP
50Traced_NONETRACED_RFNONE_SINGLE_LSA_61_SUM.csv,0.8890879764604254,0.8165042043688877,2.2182539682539684,0.8711799447655659
