Technique,AUC,Credibility,LagGlobal,MAP
50Traced_NONETRACED_RFUNDER_MULTI_LSA_24_MAX.csv,0.8573925601986826,0.7788032142857143,2.2936507936507935,0.6796381889911807
