Technique,AUC,Credibility,LagGlobal,MAP
50Traced_NONETRACED_RFNONE_MULTI_VSM_99_MAX.csv,0.8519733290141454,0.8089138095238095,2.2936507936507935,0.8340222327662224
