Technique,AUC,Credibility,LagGlobal,MAP
50Traced_NONETRACED_RFSMOTE_MULTI_LSA_88_MEDIAN.csv,0.8711363513659431,0.7631708333333334,2.2182539682539684,0.7114981057976104
