Technique,AUC,Credibility,LagGlobal,MAP
50Traced_NONETRACED_RFSMOTE_MULTI_VSM_3_MAX.csv,0.8640603066623475,0.7547660714285714,2.2182539682539684,0.7572481406035844
