Technique,AUC,Credibility,LagGlobal,MAP
50Traced_NONETRACED_MAX_RAW_LSA_97_SUM.csv,0.9342066191555988,0.7593522648006641,2.130952380952381,0.9120264022555595
