Technique,AUC,Credibility,LagGlobal,MAP
50Traced_NONETRACED_RFUNDER_MULTI_VSM_38_SUM.csv,0.916939990281827,0.7875610852146361,1.8888888888888888,0.8251448592877171
