Technique,AUC,Credibility,LagGlobal,MAP
50Traced_NONETRACED_SUM_MULTI_VSM_32_MEDIAN.csv,0.9419339164237124,-0.24359857142857144,1.8055555555555556,0.8997475620863953
