Technique,AUC,Credibility,LagGlobal,MAP
50Traced_NONETRACED_MEDIAN_SINGLE_LSA_43_SUM.csv,0.7792928679408271,0.6640639008711833,2.2936507936507935,0.682589643567368
