Technique,AUC,Credibility,LagGlobal,MAP
50Traced_NONETRACED_RFNONE_MULTI_LSA_0_SUM.csv,0.9307883867832848,0.8134575602473875,2.1785714285714284,0.889367401950203
