Technique,AUC,Credibility,LagGlobal,MAP
50Traced_NONETRACED_MEDIAN_SINGLE_LSA_84_MAX.csv,0.7781422092646583,0.6757180952380952,2.2936507936507935,0.679488429719501
