Technique,AUC,Credibility,LagGlobal,MAP
50Traced_NONETRACED_MAX_SINGLE_VSM_37_MAX.csv,0.9665904060036714,0.7381961904761905,1.0992063492063493,0.9444668960157836
