Technique,AUC,Credibility,LagGlobal,MAP
50Traced_NONETRACED_MAX_SINGLE_VSM_62_SUM.csv,0.9631384299751646,0.7329337738233297,1.4047619047619047,0.9419283165173479
