Technique,AUC,Credibility,LagGlobal,MAP
50Traced_NONETRACED_RFSMOTE_MULTI_LSA_29_MEDIAN.csv,0.8962787495950761,0.7982313095238095,2.2182539682539684,0.8204804370231502
