Technique,AUC,Credibility,LagGlobal,MAP
50Traced_NONETRACED_MAX_MULTI_LSA_33_SUM.csv,0.983357628765792,0.7467790405856871,1.1507936507936507,0.9717183515568474
