Technique,AUC,Credibility,LagGlobal,MAP
50Traced_NONETRACED_RFNONE_RAW_VSM_26_MAX.csv,0.8999061926357845,0.8200466666666667,2.2182539682539684,0.8865501740805208
