Technique,AUC,Credibility,LagGlobal,MAP
50Traced_NONETRACED_RFSMOTE_SINGLE_VSM_7_MAX.csv,0.8749291383219955,0.7725161904761905,2.2182539682539684,0.8029806507062284
