Technique,AUC,Credibility,LagGlobal,MAP
50Traced_NONETRACED_MAX_SINGLE_VSM_34_SUM.csv,0.9795479699816435,0.7442682836374425,0.8849206349206349,0.9628595010450227
