Technique,AUC,Credibility,LagGlobal,MAP
50Traced_NONETRACED_MAX_RAW_LSA_38_MAX.csv,0.9675487258395421,0.8013672619047619,1.619047619047619,0.9510083501907386
