Technique,AUC,Credibility,LagGlobal,MAP
50Traced_NONETRACED_RFNONE_RAW_LSA_67_MEDIAN.csv,0.8644112406867509,0.7769236904761905,2.2182539682539684,0.8339636968892957
