Technique,AUC,Credibility,LagGlobal,MAP
50Traced_NONETRACED_SUM_SINGLE_LSA_10_MEDIAN.csv,0.9683585735881654,-0.28309142857142855,1.5992063492063493,0.9419248602280578
