Technique,AUC,Credibility,LagGlobal,MAP
50Traced_NONETRACED_RFNONE_SINGLE_VSM_60_SUM.csv,0.9135824964906598,0.8066026109740121,2.2936507936507935,0.8929859366167822
