Technique,AUC,Credibility,LagGlobal,MAP
50Traced_NONETRACED_RFUNDER_SINGLE_LSA_10_SUM.csv,0.9223153547133138,0.8370690521890138,2.2182539682539684,0.9051569963491877
