Technique,AUC,Credibility,LagGlobal,MAP
50Traced_NONETRACED_SUM_RAW_LSA_7_SUM.csv,0.9497961883165964,0.740063797403164,1.7936507936507937,0.9221896194838604
