Technique,AUC,Credibility,LagGlobal,MAP
50Traced_NONETRACED_RFUNDER_MULTI_VSM_77_MEDIAN.csv,0.9133699114566463,0.8446658333333333,2.2182539682539684,0.8696007541602918
