Technique,AUC,Credibility,LagGlobal,MAP
50Traced_NONETRACED_RFUNDER_MULTI_LSA_94_SUM.csv,0.9068742576395639,0.8165042043688877,2.2182539682539684,0.8402617050191666
