Technique,AUC,Credibility,LagGlobal,MAP
50Traced_NONETRACED_RFNONE_MULTI_VSM_3_MEDIAN.csv,0.931213556851312,0.8509061904761904,2.2182539682539684,0.8912091374063246
