Technique,AUC,Credibility,LagGlobal,MAP
50Traced_NONETRACED_RFUNDER_RAW_LSA_61_SUM.csv,0.8557391210452434,0.7921310513968863,2.2936507936507935,0.8349324860580238
