Technique,AUC,Credibility,LagGlobal,MAP
50Traced_NONETRACED_RFSMOTE_MULTI_VSM_79_MEDIAN.csv,0.8801526563006155,0.8040333333333334,2.2976190476190474,0.8012494512212477
