Technique,AUC,Credibility,LagGlobal,MAP
50Traced_NONETRACED_SUM_MULTI_VSM_21_MAX.csv,0.9292597991577585,-0.17719071428571428,1.8214285714285714,0.8748617255021146
