Technique,AUC,Credibility,LagGlobal,MAP
50Traced_NONETRACED_SUM_RAW_LSA_73_SUM.csv,0.9359444174495195,0.7404432978175023,1.8174603174603174,0.9063254602391472
