Technique,AUC,Credibility,LagGlobal,MAP
50Traced_NONETRACED_RFSMOTE_SINGLE_VSM_70_SUM.csv,0.8729112676816759,0.7730895256375103,2.2182539682539684,0.8288020872920209
