Technique,AUC,Credibility,LagGlobal,MAP
50Traced_NONETRACED_SUM_MULTI_LSA_93_SUM.csv,0.9472350448115754,0.73089226291929,1.9801587301587302,0.908316050924928
