Technique,AUC,Credibility,LagGlobal,MAP
50Traced_NONETRACED_RFUNDER_MULTI_LSA_36_SUM.csv,0.9205303153007235,0.821074170551138,2.3015873015873014,0.8813081052552162
