Technique,AUC,Credibility,LagGlobal,MAP
50Traced_NONETRACED_MEDIAN_SINGLE_LSA_68_SUM.csv,0.7788305798509881,0.6642193182779328,2.2936507936507935,0.683250092581797
