Technique,AUC,Credibility,LagGlobal,MAP
50Traced_NONETRACED_RFUNDER_RAW_LSA_48_SUM.csv,0.9248022621747111,0.8286907808548883,2.123015873015873,0.9105913343339445
