Technique,AUC,Credibility,LagGlobal,MAP
50Traced_NONETRACED_MEDIAN_RAW_LSA_90_SUM.csv,0.7808754454162616,0.6666302973194138,2.2976190476190474,0.6850943683860935
