Technique,AUC,Credibility,LagGlobal,MAP
50Traced_NONETRACED_SUM_SINGLE_VSM_96_MAX.csv,0.955347019760285,-0.24116690476190475,1.7023809523809523,0.9175365030178425
