Technique,AUC,Credibility,LagGlobal,MAP
50Traced_NONETRACED_RFSMOTE_RAW_VSM_56_SUM.csv,0.8739539466580283,0.7768978307893855,2.2182539682539684,0.8422416848482606
