Technique,AUC,Credibility,LagGlobal,MAP
50Traced_NONETRACED_RFUNDER_SINGLE_LSA_9_SUM.csv,0.9073972843105496,0.8355457301282637,2.2182539682539684,0.897810293901502
