Technique,AUC,Credibility,LagGlobal,MAP
50Traced_NONETRACED_RFNONE_MULTI_VSM_5_MEDIAN.csv,0.8837294838570349,0.8240761904761905,2.2182539682539684,0.859297814522194
