Technique,AUC,Credibility,LagGlobal,MAP
50Traced_NONETRACED_RFSMOTE_SINGLE_LSA_69_MEDIAN.csv,0.838155301803261,0.7399651190476191,2.2182539682539684,0.773821153505905
