Technique,AUC,Credibility,LagGlobal,MAP
50Traced_NONETRACED_MEDIAN_MULTI_VSM_72_SUM.csv,0.7855421930677033,0.6637490207843725,2.2936507936507935,0.6778509037709963
