Technique,AUC,Credibility,LagGlobal,MAP
50Traced_NONETRACED_SUM_SINGLE_VSM_51_MAX.csv,0.9570578231292517,-0.2779617857142857,1.6984126984126984,0.9261909332407011
