Technique,AUC,Credibility,LagGlobal,MAP
50Traced_NONETRACED_RFNONE_RAW_VSM_97_MEDIAN.csv,0.851200599287334,0.7845544047619047,2.2936507936507935,0.8238416469857748
