Technique,AUC,Credibility,LagGlobal,MAP
50Traced_NONETRACED_RFSMOTE_MULTI_LSA_87_SUM.csv,0.8495640319619912,0.7468432972802274,2.2182539682539684,0.7678904696567943
