Technique,AUC,Credibility,LagGlobal,MAP
50Traced_NONETRACED_RFUNDER_RAW_VSM_15_MEDIAN.csv,0.8831355955080444,0.8105267857142857,2.2182539682539684,0.8644580776000224
