Technique,AUC,Credibility,LagGlobal,MAP
50Traced_NONETRACED_MAX_MULTI_VSM_23_SUM.csv,0.9613702623906706,0.7478659068019833,1.3928571428571428,0.9406355442105239
