Technique,AUC,Credibility,LagGlobal,MAP
50Traced_NONETRACED_RFUNDER_RAW_LSA_90_MEDIAN.csv,0.9240970197602851,0.8351688095238096,2.2182539682539684,0.9124167416782434
