Technique,AUC,Credibility,LagGlobal,MAP
50Traced_NONETRACED_SUM_MULTI_LSA_73_SUM.csv,0.926617670877875,0.7249155897469423,1.7936507936507937,0.8725179306100832
