Technique,AUC,Credibility,LagGlobal,MAP
50Traced_NONETRACED_RFSMOTE_MULTI_VSM_7_MAX.csv,0.8942676276859951,0.7908732142857143,2.2182539682539684,0.747846053038127
