Technique,AUC,Credibility,LagGlobal,MAP
50Traced_NONETRACED_RFNONE_RAW_VSM_71_MAX.csv,0.881107601770867,0.8059682142857143,2.2936507936507935,0.860832185150243
