Technique,AUC,Credibility,LagGlobal,MAP
50Traced_NONETRACED_RFNONE_RAW_LSA_82_SUM.csv,0.88869992441421,0.7913693903665113,2.2936507936507935,0.8621024286096527
