Technique,AUC,Credibility,LagGlobal,MAP
50Traced_NONETRACED_RFNONE_SINGLE_LSA_2_SUM.csv,0.880351743872152,0.7807061359412607,2.2182539682539684,0.8469465948703168
