Technique,AUC,Credibility,LagGlobal,MAP
50Traced_NONETRACED_RFSMOTE_RAW_VSM_62_MEDIAN.csv,0.8885919447143937,0.7996407142857143,2.2976190476190474,0.8225121350732391
