Technique,AUC,Credibility,LagGlobal,MAP
50Traced_NONETRACED_MEDIAN_MULTI_VSM_39_MEDIAN.csv,0.7783345481049564,0.6757589285714286,2.2976190476190474,0.6794763147496942
