Technique,AUC,Credibility,LagGlobal,MAP
50Traced_NONETRACED_MEDIAN_MULTI_VSM_9_SUM.csv,0.786588246409675,0.6630592841163311,2.3015873015873014,0.6865160556480611
