Technique,AUC,Credibility,LagGlobal,MAP
50Traced_NONETRACED_MEDIAN_SINGLE_LSA_71_SUM.csv,0.7816313033149767,0.6651526685274465,2.2936507936507935,0.6867274397864718
