Technique,AUC,Credibility,LagGlobal,MAP
50Traced_NONETRACED_RFSMOTE_RAW_VSM_88_MEDIAN.csv,0.8931068459129685,0.806470119047619,2.2182539682539684,0.8463125233916396
