Technique,AUC,Credibility,LagGlobal,MAP
50Traced_NONETRACED_RFSMOTE_SINGLE_VSM_79_MEDIAN.csv,0.8931540870316379,0.7994230952380952,2.2182539682539684,0.839770236128912
