Technique,AUC,Credibility,LagGlobal,MAP
50Traced_NONETRACED_RFNONE_RAW_VSM_90_MAX.csv,0.8652885757477594,0.7700301190476191,2.2936507936507935,0.8347347704803946
