Technique,AUC,Credibility,LagGlobal,MAP
50Traced_NONETRACED_SUM_SINGLE_LSA_3_MEDIAN.csv,0.9577765630061549,-0.2402404761904762,1.2658730158730158,0.9095236574035158
