Technique,AUC,Credibility,LagGlobal,MAP
50Traced_NONETRACED_MAX_MULTI_VSM_90_MEDIAN.csv,0.9712132869020623,0.7437709523809524,1.5634920634920635,0.9529152197328767
