Technique,AUC,Credibility,LagGlobal,MAP
50Traced_NONETRACED_RFUNDER_RAW_LSA_21_SUM.csv,0.8595386567325343,0.7914372996235869,2.2936507936507935,0.8218932856680619
