Technique,AUC,Credibility,LagGlobal,MAP
50Traced_NONETRACED_RFUNDER_SINGLE_LSA_84_SUM.csv,0.9329547295108519,0.8477323066142644,2.2182539682539684,0.9274489682184233
