Technique,AUC,Credibility,LagGlobal,MAP
50Traced_NONETRACED_RFNONE_MULTI_LSA_27_MAX.csv,0.908477081308714,0.8229921428571428,2.123015873015873,0.8531004357164185
