Technique,AUC,Credibility,LagGlobal,MAP
50Traced_NONETRACED_RFUNDER_RAW_VSM_60_SUM.csv,0.8866516844833171,0.8111725771562623,2.2936507936507935,0.873409063520567
