Technique,AUC,Credibility,LagGlobal,MAP
50Traced_NONETRACED_RFSMOTE_MULTI_LSA_27_MAX.csv,0.8280726973329015,0.7294155952380952,2.2182539682539684,0.7396377200019453
