Technique,AUC,Credibility,LagGlobal,MAP
50Traced_NONETRACED_MAX_MULTI_LSA_91_MAX.csv,0.9685812817190368,0.7505994047619048,2.1587301587301586,0.957398191973205
