Technique,AUC,Credibility,LagGlobal,MAP
50Traced_NONETRACED_SUM_RAW_LSA_82_MAX.csv,0.9248798725839543,0.41730119047619046,2.265873015873016,0.8997206515963824
