Technique,AUC,Credibility,LagGlobal,MAP
50Traced_NONETRACED_RFNONE_MULTI_VSM_28_SUM.csv,0.9003752294568622,0.821835831581513,2.2182539682539684,0.8655588996874236
