Technique,AUC,Credibility,LagGlobal,MAP
50Traced_NONETRACED_SUM_RAW_VSM_17_MEDIAN.csv,0.9539500323939099,0.43635714285714283,1.380952380952381,0.925035774310811
