Technique,AUC,Credibility,LagGlobal,MAP
50Traced_NONETRACED_MAX_SINGLE_VSM_87_MAX.csv,0.9845285336356764,0.7445704761904762,0.8531746031746031,0.9716484113354977
