Technique,AUC,Credibility,LagGlobal,MAP
50Traced_NONETRACED_RFNONE_RAW_LSA_4_MAX.csv,0.8819613162725407,0.8031547619047619,2.2182539682539684,0.8661003739060846
