Technique,AUC,Credibility,LagGlobal,MAP
50Traced_NONETRACED_RFUNDER_SINGLE_VSM_46_MEDIAN.csv,0.9188465068567111,0.8450334523809524,2.2182539682539684,0.8993737897390501
