Technique,AUC,Credibility,LagGlobal,MAP
50Traced_NONETRACED_RFSMOTE_SINGLE_VSM_53_MAX.csv,0.8861556527372854,0.7924745238095238,2.2182539682539684,0.8299802502175098
