Technique,AUC,Credibility,LagGlobal,MAP
50Traced_NONETRACED_SUM_SINGLE_VSM_80_SUM.csv,0.9598180542058093,0.7430818269691878,0.6904761904761905,0.9152192190710402
