Technique,AUC,Credibility,LagGlobal,MAP
50Traced_NONETRACED_RFNONE_RAW_VSM_51_MEDIAN.csv,0.8842322643343051,0.79505,2.2936507936507935,0.8604924934616056
