Technique,AUC,Credibility,LagGlobal,MAP
50Traced_NONETRACED_RFNONE_SINGLE_VSM_23_SUM.csv,0.8692467066191557,0.7982243396398867,2.2182539682539684,0.8464523459473292
