Technique,AUC,Credibility,LagGlobal,MAP
50Traced_NONETRACED_MAX_MULTI_VSM_47_SUM.csv,0.96059415829824,0.7463463203463203,1.6468253968253967,0.9423903892487725
