Technique,AUC,Credibility,LagGlobal,MAP
50Traced_NONETRACED_RFNONE_SINGLE_VSM_25_MEDIAN.csv,0.8869756235827664,0.8283911904761905,2.2936507936507935,0.8774595469314653
