Technique,AUC,Credibility,LagGlobal,MAP
50Traced_NONETRACED_MAX_RAW_VSM_13_MAX.csv,0.9635366051182377,0.8028207142857143,1.9246031746031746,0.9453429052430715
