Technique,AUC,Credibility,LagGlobal,MAP
50Traced_NONETRACED_RFSMOTE_RAW_VSM_78_MEDIAN.csv,0.8661760339056257,0.7758310714285714,2.2182539682539684,0.804759721132974
