Technique,AUC,Credibility,LagGlobal,MAP
50Traced_NONETRACED_MEDIAN_MULTI_VSM_78_SUM.csv,0.7840372260015116,0.6651068402821251,2.2976190476190474,0.6951000864382471
