Technique,AUC,Credibility,LagGlobal,MAP
50Traced_NONETRACED_MAX_RAW_VSM_51_SUM.csv,0.9589947089947091,0.7652809425802737,1.876984126984127,0.9410656035844929
