Technique,AUC,Credibility,LagGlobal,MAP
50Traced_NONETRACED_SUM_RAW_VSM_27_MEDIAN.csv,0.940945227297268,0.47918511904761907,1.2658730158730158,0.9042046267530405
