Technique,AUC,Credibility,LagGlobal,MAP
50Traced_NONETRACED_RFUNDER_SINGLE_VSM_90_MAX.csv,0.9065503185401145,0.8439882142857142,2.2936507936507935,0.8814488504095637
