Technique,AUC,Credibility,LagGlobal,MAP
50Traced_NONETRACED_RFSMOTE_MULTI_VSM_55_SUM.csv,0.8987724057877119,0.7833812154518885,2.0238095238095237,0.8196852143904049
