Technique,AUC,Credibility,LagGlobal,MAP
50Traced_NONETRACED_RFNONE_MULTI_VSM_9_SUM.csv,0.8953373015873016,0.821835831581513,2.2182539682539684,0.8769340473876229
