Technique,AUC,Credibility,LagGlobal,MAP
50Traced_NONETRACED_MAX_MULTI_VSM_11_MAX.csv,0.938114134542706,0.7414559523809524,2.1865079365079363,0.9182383563276608
