Technique,AUC,Credibility,LagGlobal,MAP
50Traced_NONETRACED_MEDIAN_MULTI_VSM_29_SUM.csv,0.7786854821293597,0.6622261467928077,2.3015873015873014,0.681829598531495
