Technique,AUC,Credibility,LagGlobal,MAP
50Traced_NONETRACED_RFNONE_RAW_LSA_84_SUM.csv,0.875307067271353,0.7936543734576365,2.1785714285714284,0.8499159876425678
