Technique,AUC,Credibility,LagGlobal,MAP
50Traced_NONETRACED_RFUNDER_SINGLE_LSA_63_MEDIAN.csv,0.9135150091782744,0.8445271428571428,2.2182539682539684,0.881302845912386
