Technique,AUC,Credibility,LagGlobal,MAP
50Traced_NONETRACED_MEDIAN_SINGLE_VSM_31_SUM.csv,0.7872529964366699,0.6654077771583979,2.3015873015873014,0.6910108801870601
