Technique,AUC,Credibility,LagGlobal,MAP
50Traced_NONETRACED_SUM_SINGLE_VSM_32_MEDIAN.csv,0.9571725515603067,-0.11177190476190477,1.5317460317460319,0.9143953183124404
