Technique,AUC,Credibility,LagGlobal,MAP
50Traced_NONETRACED_MEDIAN_SINGLE_VSM_56_SUM.csv,0.7799913616240146,0.6658687812474388,2.3015873015873014,0.6843758693052898
