Technique,AUC,Credibility,LagGlobal,MAP
50Traced_NONETRACED_MAX_SINGLE_LSA_71_SUM.csv,0.9761297376093295,0.7293400125726859,1.1944444444444444,0.9583899375604475
