Technique,AUC,Credibility,LagGlobal,MAP
50Traced_NONETRACED_RFSMOTE_RAW_LSA_57_MAX.csv,0.8780909189072454,0.7902786904761905,2.0555555555555554,0.8011581745524953
