Technique,AUC,Credibility,LagGlobal,MAP
50Traced_NONETRACED_RFSMOTE_SINGLE_VSM_9_MAX.csv,0.8498710992333441,0.7679775,2.2936507936507935,0.7566130724857222
