Technique,AUC,Credibility,LagGlobal,MAP
50Traced_NONETRACED_RFNONE_MULTI_VSM_53_MEDIAN.csv,0.8881634002807473,0.8268135714285715,2.1785714285714284,0.8651444600995806
