Technique,AUC,Credibility,LagGlobal,MAP
50Traced_NONETRACED_SUM_RAW_VSM_24_MEDIAN.csv,0.9583400820645718,0.4908711904761905,1.6468253968253967,0.9332621327842506
