Technique,AUC,Credibility,LagGlobal,MAP
50Traced_NONETRACED_RFSMOTE_SINGLE_LSA_26_SUM.csv,0.8478768491523593,0.7596421347855855,2.2936507936507935,0.8060070917885047
