Technique,AUC,Credibility,LagGlobal,MAP
50Traced_NONETRACED_RFNONE_MULTI_LSA_99_SUM.csv,0.9113722870100421,0.8302141029156385,2.2222222222222223,0.8739149168386476
