Technique,AUC,Credibility,LagGlobal,MAP
50Traced_NONETRACED_RFNONE_MULTI_VSM_64_SUM.csv,0.8981818918043408,0.8157425433385126,2.2936507936507935,0.8515065130292901
