Technique,AUC,Credibility,LagGlobal,MAP
50Traced_NONETRACED_MAX_MULTI_VSM_89_MEDIAN.csv,0.9834082442500809,0.7482285714285715,1.1865079365079365,0.9730981269271589
