Technique,AUC,Credibility,LagGlobal,MAP
50Traced_NONETRACED_SUM_SINGLE_VSM_76_SUM.csv,0.9651293056905301,0.7390823832555997,1.8452380952380953,0.9298451712035675
