Technique,AUC,Credibility,LagGlobal,MAP
50Traced_NONETRACED_RFNONE_SINGLE_LSA_5_MAX.csv,0.8827036767087789,0.7894403571428571,2.2182539682539684,0.8557334994748014
