Technique,AUC,Credibility,LagGlobal,MAP
50Traced_NONETRACED_MAX_RAW_LSA_44_SUM.csv,0.9614040060468632,0.7741524378675773,1.6785714285714286,0.9407735647790043
