Technique,AUC,Credibility,LagGlobal,MAP
50Traced_NONETRACED_MAX_MULTI_VSM_36_MEDIAN.csv,0.9467592592592593,0.7311678571428571,2.234126984126984,0.9364317334303776
