Technique,AUC,Credibility,LagGlobal,MAP
50Traced_NONETRACED_SUM_MULTI_LSA_31_MEDIAN.csv,0.9304610733182161,-0.17020976190476192,1.6626984126984128,0.886664241278714
