Technique,AUC,Credibility,LagGlobal,MAP
50Traced_NONETRACED_MAX_MULTI_LSA_98_SUM.csv,0.9546923928301478,0.7314898668264999,1.6825396825396826,0.9365814588610919
