Technique,AUC,Credibility,LagGlobal,MAP
50Traced_NONETRACED_RFSMOTE_SINGLE_VSM_1_SUM.csv,0.898785903250189,0.7945871723282146,2.2222222222222223,0.8586095505527629
