Technique,AUC,Credibility,LagGlobal,MAP
50Traced_NONETRACED_RFSMOTE_MULTI_LSA_28_MAX.csv,0.8598862163913183,0.784112380952381,2.2222222222222223,0.7998929581170721
