Technique,AUC,Credibility,LagGlobal,MAP
50Traced_NONETRACED_RFNONE_MULTI_VSM_10_MAX.csv,0.9238979321887485,0.8366140476190477,2.2182539682539684,0.9102504866116717
