Technique,AUC,Credibility,LagGlobal,MAP
50Traced_NONETRACED_RFUNDER_RAW_LSA_56_SUM.csv,0.8663852445740201,0.782135493212782,2.2182539682539684,0.8372536371098062
