Technique,AUC,Credibility,LagGlobal,MAP
50Traced_NONETRACED_RFUNDER_RAW_LSA_18_MEDIAN.csv,0.8954689018464528,0.8084913095238095,2.2182539682539684,0.8337506804390623
