Technique,AUC,Credibility,LagGlobal,MAP
50Traced_NONETRACED_SUM_MULTI_VSM_24_SUM.csv,0.9290910808767952,0.7273376324082571,1.4563492063492063,0.8714632181651116
