Technique,AUC,Credibility,LagGlobal,MAP
50Traced_NONETRACED_MAX_MULTI_VSM_23_MEDIAN.csv,0.9674204999460102,0.7524986904761904,1.5476190476190477,0.9530370630076361
