Technique,AUC,Credibility,LagGlobal,MAP
50Traced_NONETRACED_RFUNDER_RAW_LSA_96_SUM.csv,0.8878259637188208,0.8134575602473875,2.2182539682539684,0.8719338983232543
