Technique,AUC,Credibility,LagGlobal,MAP
50Traced_NONETRACED_SUM_SINGLE_VSM_6_MEDIAN.csv,0.9671303045027535,-0.22726202380952382,1.126984126984127,0.937322941315374
