Technique,AUC,Credibility,LagGlobal,MAP
50Traced_NONETRACED_MAX_SINGLE_VSM_49_MEDIAN.csv,0.9787853633516899,0.7482659523809524,0.9603174603174603,0.9624413814080081
