Technique,AUC,Credibility,LagGlobal,MAP
50Traced_NONETRACED_RFSMOTE_MULTI_LSA_16_MAX.csv,0.8163973922902494,0.7065013095238095,2.2936507936507935,0.6703552581807259
