Technique,AUC,Credibility,LagGlobal,MAP
50Traced_NONETRACED_RFUNDER_MULTI_VSM_51_SUM.csv,0.9106940395205702,0.8317374249763885,2.1785714285714284,0.8710710547147251
