Technique,AUC,Credibility,LagGlobal,MAP
50Traced_NONETRACED_MAX_SINGLE_VSM_85_SUM.csv,0.9794399902818269,0.7344292973574303,1.1865079365079365,0.9656975942509751
