Technique,AUC,Credibility,LagGlobal,MAP
50Traced_NONETRACED_RFNONE_SINGLE_LSA_46_MAX.csv,0.8952833117373934,0.8178304761904762,2.1785714285714284,0.8605628406528171
