Technique,AUC,Credibility,LagGlobal,MAP
50Traced_NONETRACED_RFSMOTE_MULTI_VSM_32_MAX.csv,0.9244513281503077,0.8346761904761905,2.2222222222222223,0.8585737015857866
