Technique,AUC,Credibility,LagGlobal,MAP
50Traced_NONETRACED_MAX_SINGLE_VSM_66_SUM.csv,0.968672389590757,0.7267983756002401,0.8373015873015873,0.9455217836906789
