Technique,AUC,Credibility,LagGlobal,MAP
50Traced_NONETRACED_RFSMOTE_SINGLE_LSA_56_SUM.csv,0.8193702084008205,0.7289131858757578,2.2182539682539684,0.7588939154686405
