Technique,AUC,Credibility,LagGlobal,MAP
50Traced_NONETRACED_SUM_MULTI_VSM_36_SUM.csv,0.9369162347478674,0.7228349773312094,1.6666666666666667,0.8886727283167746
