Technique,AUC,Credibility,LagGlobal,MAP
50Traced_NONETRACED_MAX_MULTI_VSM_83_MEDIAN.csv,0.9542132329122124,0.744072261904762,1.873015873015873,0.9351974413833737
