Technique,AUC,Credibility,LagGlobal,MAP
50Traced_NONETRACED_RFNONE_SINGLE_LSA_89_SUM.csv,0.905507639563762,0.8324990860067636,2.2936507936507935,0.8781560729975951
