Technique,AUC,Credibility,LagGlobal,MAP
50Traced_NONETRACED_RFUNDER_RAW_VSM_99_MEDIAN.csv,0.852891156462585,0.781112380952381,2.2182539682539684,0.816330534454774
