Technique,AUC,Credibility,LagGlobal,MAP
50Traced_NONETRACED_MAX_RAW_VSM_8_MEDIAN.csv,0.937985908649174,0.7850096428571428,2.123015873015873,0.9201700213822465
