Technique,AUC,Credibility,LagGlobal,MAP
50Traced_NONETRACED_MEDIAN_MULTI_LSA_44_SUM.csv,0.7820632221142425,0.6668287107708446,2.2936507936507935,0.685067426255153
