Technique,AUC,Credibility,LagGlobal,MAP
50Traced_NONETRACED_MEDIAN_MULTI_LSA_80_SUM.csv,0.7844488986070618,0.6660661139455782,2.2936507936507935,0.68926666651796
