Technique,AUC,Credibility,LagGlobal,MAP
50Traced_NONETRACED_MEDIAN_RAW_LSA_42_SUM.csv,0.7828730698628658,0.6644305590797598,2.2936507936507935,0.6869501976017518
