Technique,AUC,Credibility,LagGlobal,MAP
50Traced_NONETRACED_MAX_SINGLE_LSA_86_SUM.csv,0.9792139077853363,0.7326890663642235,1.1746031746031746,0.9621121759765486
