Technique,AUC,Credibility,LagGlobal,MAP
50Traced_NONETRACED_MAX_SINGLE_LSA_15_SUM.csv,0.9770171957671957,0.7407764618134588,1.1706349206349207,0.9604668307484984
