Technique,AUC,Credibility,LagGlobal,MAP
50Traced_NONETRACED_RFNONE_SINGLE_LSA_33_MAX.csv,0.8665708346830796,0.8080426190476191,2.2182539682539684,0.8446762104883319
