Technique,AUC,Credibility,LagGlobal,MAP
50Traced_NONETRACED_SUM_RAW_VSM_12_MAX.csv,0.9553402710290465,0.46690440476190476,1.619047619047619,0.9258037135750291
