Technique,AUC,Credibility,LagGlobal,MAP
50Traced_NONETRACED_SUM_MULTI_VSM_9_SUM.csv,0.9382288629737608,0.7303450366917613,1.6349206349206349,0.8986879603413787
