Technique,AUC,Credibility,LagGlobal,MAP
50Traced_NONETRACED_SUM_RAW_LSA_94_MAX.csv,0.9473801425332038,0.5120516666666667,1.6071428571428572,0.9128365670845591
