Technique,AUC,Credibility,LagGlobal,MAP
50Traced_NONETRACED_RFUNDER_RAW_VSM_90_SUM.csv,0.9000377928949357,0.8131415145821319,2.2936507936507935,0.8850166475395123
