Technique,AUC,Credibility,LagGlobal,MAP
50Traced_NONETRACED_RFNONE_SINGLE_VSM_65_SUM.csv,0.9010669744088111,0.8149808823081376,2.1785714285714284,0.885513110804277
