Technique,AUC,Credibility,LagGlobal,MAP
50Traced_NONETRACED_MAX_SINGLE_LSA_66_SUM.csv,0.9648661051722276,0.7340121198842943,1.1150793650793651,0.9429789972696091
