Technique,AUC,Credibility,LagGlobal,MAP
50Traced_NONETRACED_RFUNDER_MULTI_LSA_58_MEDIAN.csv,0.8843773620559334,0.8082896428571429,2.2936507936507935,0.7338297623248674
