Technique,AUC,Credibility,LagGlobal,MAP
50Traced_NONETRACED_SUM_RAW_VSM_36_MEDIAN.csv,0.9555258611381061,0.47321440476190474,1.6944444444444444,0.9322614511117235
