Technique,AUC,Credibility,LagGlobal,MAP
50Traced_NONETRACED_MAX_RAW_LSA_69_SUM.csv,0.9620518842457619,0.7793698317650414,1.2936507936507937,0.9379714156680676
