Technique,AUC,Credibility,LagGlobal,MAP
50Traced_NONETRACED_RFNONE_SINGLE_LSA_35_MEDIAN.csv,0.8999871774106468,0.8160747619047619,2.2182539682539684,0.8836422533490552
