Technique,AUC,Credibility,LagGlobal,MAP
50Traced_NONETRACED_RFSMOTE_RAW_LSA_70_SUM.csv,0.9129886081416694,0.8050792889132621,2.1785714285714284,0.8679717052734437
