Technique,AUC,Credibility,LagGlobal,MAP
50Traced_NONETRACED_RFUNDER_RAW_VSM_27_MAX.csv,0.8954925224057877,0.8130467857142857,2.2182539682539684,0.8587831486693118
