Technique,AUC,Credibility,LagGlobal,MAP
50Traced_NONETRACED_MAX_RAW_VSM_57_MAX.csv,0.9596425871936076,0.7938077380952381,2.1944444444444446,0.9446115311920306
