Technique,AUC,Credibility,LagGlobal,MAP
50Traced_NONETRACED_RFSMOTE_MULTI_LSA_91_MAX.csv,0.8801087895475651,0.8067376190476191,2.1547619047619047,0.7828408286570312
