Technique,AUC,Credibility,LagGlobal,MAP
50Traced_NONETRACED_SUM_MULTI_VSM_74_SUM.csv,0.9410127146096534,0.7233599202106874,1.3055555555555556,0.8881295053085173
