Technique,AUC,Credibility,LagGlobal,MAP
50Traced_NONETRACED_RFSMOTE_MULTI_VSM_41_MEDIAN.csv,0.8998184591296836,0.8181290476190476,2.0476190476190474,0.8354687869096024
