Technique,AUC,Credibility,LagGlobal,MAP
50Traced_NONETRACED_RFUNDER_RAW_VSM_26_MAX.csv,0.8959953028830581,0.8178572619047619,2.2182539682539684,0.880764809376716
