Technique,AUC,Credibility,LagGlobal,MAP
50Traced_NONETRACED_RFUNDER_SINGLE_LSA_73_MEDIAN.csv,0.8965790681351906,0.8309722619047619,2.2182539682539684,0.8407513676320423
