Technique,AUC,Credibility,LagGlobal,MAP
50Traced_NONETRACED_RFUNDER_MULTI_LSA_51_MEDIAN.csv,0.8711667206565166,0.796039880952381,2.2936507936507935,0.7028548025108998
