Technique,AUC,Credibility,LagGlobal,MAP
50Traced_NONETRACED_MEDIAN_SINGLE_VSM_25_SUM.csv,0.780237690314221,0.664686601785084,2.2976190476190474,0.6858019522210419
