Technique,AUC,Credibility,LagGlobal,MAP
50Traced_NONETRACED_SUM_RAW_LSA_83_MAX.csv,0.9604929273296621,0.4922745238095238,1.3611111111111112,0.9332877479428472
