Technique,AUC,Credibility,LagGlobal,MAP
50Traced_NONETRACED_MEDIAN_SINGLE_LSA_89_MAX.csv,0.778945308282043,0.6758633333333334,2.2936507936507935,0.6805268940650511
