Technique,AUC,Credibility,LagGlobal,MAP
50Traced_NONETRACED_RFNONE_MULTI_LSA_88_SUM.csv,0.9033109275456215,0.8286907808548883,2.2182539682539684,0.8652282277343125
