Technique,AUC,Credibility,LagGlobal,MAP
50Traced_NONETRACED_MAX_SINGLE_VSM_20_MEDIAN.csv,0.9629528398661052,0.7348002380952381,1.1428571428571428,0.94238104777678
