Technique,AUC,Credibility,LagGlobal,MAP
50Traced_NONETRACED_MEDIAN_MULTI_VSM_2_MEDIAN.csv,0.7782434402332362,0.6757783333333334,2.2936507936507935,0.6795122854349639
