Technique,AUC,Credibility,LagGlobal,MAP
50Traced_NONETRACED_RFUNDER_RAW_LSA_3_MEDIAN.csv,0.8773384353741497,0.8122138095238095,2.2936507936507935,0.8631922071547873
