Technique,AUC,Credibility,LagGlobal,MAP
50Traced_NONETRACED_MAX_MULTI_LSA_80_SUM.csv,0.9736259583198359,0.7472209428427703,1.0833333333333333,0.9552949235442467
