Technique,AUC,Credibility,LagGlobal,MAP
50Traced_NONETRACED_RFNONE_SINGLE_VSM_78_SUM.csv,0.8973889158838138,0.8104109161258873,2.2182539682539684,0.8675018176310546
