Technique,AUC,Credibility,LagGlobal,MAP
50Traced_NONETRACED_SUM_MULTI_VSM_67_SUM.csv,0.9294555123636756,0.728872073715308,2.138888888888889,0.8824713399063266
