Technique,AUC,Credibility,LagGlobal,MAP
50Traced_NONETRACED_RFUNDER_SINGLE_LSA_7_SUM.csv,0.89447346398877,0.8347840690978887,2.2182539682539684,0.8878518816338825
