Technique,AUC,Credibility,LagGlobal,MAP
50Traced_NONETRACED_SUM_SINGLE_LSA_96_SUM.csv,0.9708927221682324,0.7485645782364615,1.2817460317460319,0.9406569941012505
