Technique,AUC,Credibility,LagGlobal,MAP
50Traced_NONETRACED_RFUNDER_RAW_LSA_49_MEDIAN.csv,0.8891250944822373,0.8066396428571428,2.2936507936507935,0.8576973478340169
