Technique,AUC,Credibility,LagGlobal,MAP
50Traced_NONETRACED_RFSMOTE_SINGLE_LSA_11_MAX.csv,0.8849408811143505,0.765385,2.2222222222222223,0.8232729982095868
