Technique,AUC,Credibility,LagGlobal,MAP
50Traced_NONETRACED_RFUNDER_MULTI_VSM_27_MEDIAN.csv,0.9141831335708888,0.8365845238095239,2.2936507936507935,0.8289000551929371
