Technique,AUC,Credibility,LagGlobal,MAP
50Traced_NONETRACED_MAX_SINGLE_VSM_81_SUM.csv,0.9828312277291869,0.7450241859273141,1.2976190476190477,0.9704308865163942
