Technique,AUC,Credibility,LagGlobal,MAP
50Traced_NONETRACED_SUM_RAW_VSM_40_MAX.csv,0.9463070942662779,0.4518460714285714,2.1904761904761907,0.9244020150934057
