Technique,AUC,Credibility,LagGlobal,MAP
50Traced_NONETRACED_RFNONE_RAW_VSM_8_SUM.csv,0.9032569376957131,0.8007391060343919,2.2936507936507935,0.8820683691566947
