Technique,AUC,Credibility,LagGlobal,MAP
50Traced_NONETRACED_RFNONE_SINGLE_LSA_98_SUM.csv,0.8968861354065436,0.8104109161258873,2.2182539682539684,0.8803371741940992
