Technique,AUC,Credibility,LagGlobal,MAP
50Traced_NONETRACED_MEDIAN_MULTI_VSM_36_MAX.csv,0.7781152143397041,0.6757603571428571,2.2936507936507935,0.6794649943183328
