Technique,AUC,Credibility,LagGlobal,MAP
50Traced_NONETRACED_MEDIAN_MULTI_LSA_77_SUM.csv,0.7840574721952273,0.6663083639124383,2.2936507936507935,0.6912524247234705
