Technique,AUC,Credibility,LagGlobal,MAP
50Traced_NONETRACED_MAX_RAW_VSM_46_SUM.csv,0.9573783878630817,0.7756107096165595,1.5793650793650793,0.9386919693337582
