Technique,AUC,Credibility,LagGlobal,MAP
50Traced_NONETRACED_RFUNDER_SINGLE_VSM_15_MAX.csv,0.9283250998812224,0.8530634523809524,2.1785714285714284,0.9138234699766642
