Technique,AUC,Credibility,LagGlobal,MAP
50Traced_NONETRACED_SUM_RAW_VSM_27_SUM.csv,0.942365835222978,0.7437162451257816,1.2976190476190477,0.9079518762723003
