Technique,AUC,Credibility,LagGlobal,MAP
50Traced_NONETRACED_RFNONE_SINGLE_VSM_4_MEDIAN.csv,0.8940752888456971,0.8327890476190476,2.2936507936507935,0.8862036134218622
