Technique,AUC,Credibility,LagGlobal,MAP
50Traced_NONETRACED_MEDIAN_MULTI_LSA_47_MAX.csv,0.7785808767951626,0.6758114285714286,2.2936507936507935,0.67971901438973
