Technique,AUC,Credibility,LagGlobal,MAP
50Traced_NONETRACED_SUM_MULTI_VSM_38_MEDIAN.csv,0.9336194795378469,-0.25093714285714286,1.8333333333333333,0.8631783422673729
