Technique,AUC,Credibility,LagGlobal,MAP
50Traced_NONETRACED_MEDIAN_MULTI_VSM_34_SUM.csv,0.7876309253860274,0.664687287414966,2.2976190476190474,0.6894280999176441
