Technique,AUC,Credibility,LagGlobal,MAP
50Traced_NONETRACED_SUM_RAW_LSA_24_SUM.csv,0.9519692797754022,0.7438901914810473,1.9206349206349207,0.9304968265511622
