Technique,AUC,Credibility,LagGlobal,MAP
50Traced_NONETRACED_RFNONE_RAW_LSA_76_SUM.csv,0.8993392992117482,0.8012709837613868,2.2936507936507935,0.8786822208969517
