Technique,AUC,Credibility,LagGlobal,MAP
50Traced_NONETRACED_RFSMOTE_MULTI_VSM_26_SUM.csv,0.8696043893747976,0.7784211528501356,2.2261904761904763,0.801443831069592
