Technique,AUC,Credibility,LagGlobal,MAP
50Traced_NONETRACED_RFUNDER_RAW_VSM_14_MAX.csv,0.8664999730050751,0.7967985714285715,2.2936507936507935,0.8455576995264817
