Technique,AUC,Credibility,LagGlobal,MAP
50Traced_NONETRACED_SUM_MULTI_VSM_0_MEDIAN.csv,0.9152460587409568,-0.17022785714285715,1.746031746031746,0.8512759771178147
