Technique,AUC,Credibility,LagGlobal,MAP
50Traced_NONETRACED_SUM_MULTI_LSA_33_SUM.csv,0.9300494007126661,0.7265449145859169,2.2023809523809526,0.8944776151099073
