Technique,AUC,Credibility,LagGlobal,MAP
50Traced_NONETRACED_MAX_SINGLE_VSM_99_MAX.csv,0.969377632005183,0.7344192857142857,1.0873015873015872,0.9501235613251192
