Technique,AUC,Credibility,LagGlobal,MAP
50Traced_NONETRACED_RFSMOTE_SINGLE_VSM_84_MAX.csv,0.874294757585574,0.7701723809523809,2.2182539682539684,0.7791704784693715
