Technique,AUC,Credibility,LagGlobal,MAP
50Traced_NONETRACED_RFSMOTE_MULTI_LSA_93_SUM.csv,0.8770516142965122,0.7867863964181844,2.2182539682539684,0.817716929591165
