Technique,AUC,Credibility,LagGlobal,MAP
50Traced_NONETRACED_RFNONE_MULTI_LSA_25_SUM.csv,0.9206619155598748,0.8332607470371386,2.123015873015873,0.8816040513598029
