Technique,AUC,Credibility,LagGlobal,MAP
50Traced_NONETRACED_RFNONE_MULTI_VSM_23_MEDIAN.csv,0.9052410646798402,0.8322245238095238,2.2182539682539684,0.8905311481143894
