Technique,AUC,Credibility,LagGlobal,MAP
50Traced_NONETRACED_MEDIAN_RAW_VSM_19_SUM.csv,0.7795122017060793,0.6636820181003129,2.2936507936507935,0.6826863982944001
