Technique,AUC,Credibility,LagGlobal,MAP
50Traced_NONETRACED_MAX_MULTI_LSA_47_SUM.csv,0.9501774916315733,0.7390274011381219,2.2817460317460316,0.9254039462700262
