Technique,AUC,Credibility,LagGlobal,MAP
50Traced_NONETRACED_MAX_RAW_LSA_70_SUM.csv,0.9222040006478783,0.7610485819959919,2.1547619047619047,0.9000402757713063
