Technique,AUC,Credibility,LagGlobal,MAP
50Traced_NONETRACED_MAX_MULTI_VSM_1_SUM.csv,0.9585864107547781,0.7494319865089675,2.3055555555555554,0.9448110797318148
