Technique,AUC,Credibility,LagGlobal,MAP
50Traced_NONETRACED_RFSMOTE_RAW_VSM_52_SUM.csv,0.8835101500917828,0.8036117078410311,2.2936507936507935,0.8636517681680966
