Technique,AUC,Credibility,LagGlobal,MAP
50Traced_NONETRACED_RFNONE_MULTI_VSM_55_MEDIAN.csv,0.8888686426951733,0.821857619047619,2.1785714285714284,0.837465377795531
