Technique,AUC,Credibility,LagGlobal,MAP
50Traced_NONETRACED_SUM_RAW_LSA_36_MAX.csv,0.940253482345319,0.48696357142857144,2.0317460317460316,0.9139741267099531
