Technique,AUC,Credibility,LagGlobal,MAP
50Traced_NONETRACED_RFUNDER_SINGLE_LSA_39_MAX.csv,0.9211916909620991,0.8485528571428571,2.1825396825396823,0.9043816087877031
