Technique,AUC,Credibility,LagGlobal,MAP
50Traced_NONETRACED_RFUNDER_RAW_LSA_87_MAX.csv,0.8903736097613648,0.8078641666666667,2.1785714285714284,0.8678932386606539
