Technique,AUC,Credibility,LagGlobal,MAP
50Traced_NONETRACED_RFUNDER_MULTI_LSA_48_SUM.csv,0.9049103768491524,0.8096492550955123,2.2182539682539684,0.816778268789133
