Technique,AUC,Credibility,LagGlobal,MAP
50Traced_NONETRACED_RFNONE_SINGLE_LSA_76_SUM.csv,0.9009016304934673,0.8077154608424956,2.2182539682539684,0.8851088502061226
