Technique,AUC,Credibility,LagGlobal,MAP
50Traced_NONETRACED_MEDIAN_RAW_LSA_0_SUM.csv,0.7801668286362164,0.6653229776759189,2.2936507936507935,0.6818067884024955
