Technique,AUC,Credibility,LagGlobal,MAP
50Traced_NONETRACED_SUM_RAW_VSM_67_SUM.csv,0.9786807580174927,0.7427422492808118,1.1150793650793651,0.9626583289786516
