Technique,AUC,Credibility,LagGlobal,MAP
50Traced_NONETRACED_MEDIAN_SINGLE_LSA_29_MEDIAN.csv,0.7784054097829608,0.6758047619047619,2.2936507936507935,0.6795549053922098
