Technique,AUC,Credibility,LagGlobal,MAP
50Traced_NONETRACED_RFSMOTE_MULTI_VSM_21_MAX.csv,0.8017087787495951,0.7224413095238095,2.2936507936507935,0.677914440930859
