Technique,AUC,Credibility,LagGlobal,MAP
50Traced_NONETRACED_RFSMOTE_RAW_VSM_55_MEDIAN.csv,0.893768221574344,0.8138575,2.1785714285714284,0.8569372925640306
