Technique,AUC,Credibility,LagGlobal,MAP
50Traced_NONETRACED_RFSMOTE_MULTI_LSA_24_SUM.csv,0.8130905139833713,0.7403381013313834,2.2936507936507935,0.7309375455422064
