Technique,AUC,Credibility,LagGlobal,MAP
50Traced_NONETRACED_RFNONE_RAW_LSA_79_MAX.csv,0.8759684429327286,0.8053053571428571,2.2936507936507935,0.8589372955218181
