Technique,AUC,Credibility,LagGlobal,MAP
50Traced_NONETRACED_RFUNDER_MULTI_LSA_85_MEDIAN.csv,0.9226426681783825,0.8389980952380952,2.2182539682539684,0.8192259388085477
