Technique,AUC,Credibility,LagGlobal,MAP
50Traced_NONETRACED_RFUNDER_SINGLE_VSM_21_MAX.csv,0.9084332145556635,0.8442927380952381,2.2182539682539684,0.8924377396375043
