Technique,AUC,Credibility,LagGlobal,MAP
50Traced_NONETRACED_RFSMOTE_MULTI_LSA_84_MAX.csv,0.8600178166504697,0.7728298809523809,2.0238095238095237,0.7204125870880745
