Technique,AUC,Credibility,LagGlobal,MAP
50Traced_NONETRACED_RFNONE_SINGLE_LSA_4_SUM.csv,0.9360119047619048,0.840877357340889,2.123015873015873,0.9286896625581558
