Technique,AUC,Credibility,LagGlobal,MAP
50Traced_NONETRACED_MEDIAN_SINGLE_LSA_0_SUM.csv,0.7786618615700247,0.6641070371310158,2.2936507936507935,0.681393119427746
