Technique,AUC,Credibility,LagGlobal,MAP
50Traced_NONETRACED_MAX_MULTI_LSA_34_SUM.csv,0.9564875553395962,0.7467003862930772,1.6388888888888888,0.9356373022767208
