Technique,AUC,Credibility,LagGlobal,MAP
50Traced_NONETRACED_MEDIAN_MULTI_LSA_79_SUM.csv,0.7828494493035311,0.6665877215083564,2.2936507936507935,0.6869547189761503
