Technique,AUC,Credibility,LagGlobal,MAP
50Traced_NONETRACED_RFSMOTE_RAW_VSM_71_SUM.csv,0.8883996058740957,0.802794305822137,2.2976190476190474,0.8641453219451732
