Technique,AUC,Credibility,LagGlobal,MAP
50Traced_NONETRACED_RFSMOTE_RAW_VSM_29_SUM.csv,0.8518552262174711,0.7768978307893855,2.2936507936507935,0.811351213051211
