Technique,AUC,Credibility,LagGlobal,MAP
50Traced_NONETRACED_SUM_SINGLE_LSA_80_MAX.csv,0.9596594590217039,-0.2086636904761905,1.2936507936507937,0.9194113241307686
