Technique,AUC,Credibility,LagGlobal,MAP
50Traced_NONETRACED_RFUNDER_SINGLE_VSM_69_MEDIAN.csv,0.8934645286686103,0.8337176190476191,2.2182539682539684,0.8733689119832503
