Technique,AUC,Credibility,LagGlobal,MAP
50Traced_NONETRACED_RFNONE_MULTI_LSA_10_SUM.csv,0.8920574182053774,0.8180275264296377,2.2182539682539684,0.8494701657924506
