Technique,AUC,Credibility,LagGlobal,MAP
50Traced_NONETRACED_RFNONE_MULTI_VSM_56_SUM.csv,0.890528830579851,0.8165042043688877,2.2936507936507935,0.8614663368353287
