Technique,AUC,Credibility,LagGlobal,MAP
50Traced_NONETRACED_RFNONE_SINGLE_LSA_24_MEDIAN.csv,0.8791774646366484,0.8145383333333334,2.2182539682539684,0.8587801098745466
