Technique,AUC,Credibility,LagGlobal,MAP
50Traced_NONETRACED_SUM_MULTI_LSA_31_SUM.csv,0.932404707914912,0.7321894793344068,1.5436507936507937,0.8873023156527673
