Technique,AUC,Credibility,LagGlobal,MAP
50Traced_NONETRACED_MAX_MULTI_VSM_57_MAX.csv,0.9529410970737502,0.7444645238095238,1.880952380952381,0.9361804585866852
