Technique,AUC,Credibility,LagGlobal,MAP
50Traced_NONETRACED_RFUNDER_MULTI_VSM_92_SUM.csv,0.8959109437425763,0.7989860006702617,2.2182539682539684,0.8111740087649193
