Technique,AUC,Credibility,LagGlobal,MAP
50Traced_NONETRACED_RFNONE_SINGLE_LSA_31_SUM.csv,0.8803078771191015,0.7807061359412607,2.2182539682539684,0.8486645679568945
