Technique,AUC,Credibility,LagGlobal,MAP
50Traced_NONETRACED_MAX_RAW_LSA_19_MEDIAN.csv,0.9586673955296404,0.8059954761904762,2.3333333333333335,0.9426379630134256
