Technique,AUC,Credibility,LagGlobal,MAP
50Traced_NONETRACED_RFNONE_RAW_VSM_93_SUM.csv,0.8634900388726919,0.7898460683057612,2.2936507936507935,0.8341127111950166
