Technique,AUC,Credibility,LagGlobal,MAP
50Traced_NONETRACED_MAX_SINGLE_LSA_21_SUM.csv,0.9773107655760717,0.7491921739778445,0.8849206349206349,0.95812688234231
