Technique,AUC,Credibility,LagGlobal,MAP
50Traced_NONETRACED_MEDIAN_SINGLE_LSA_11_SUM.csv,0.7827549670661916,0.6656711501168515,2.2976190476190474,0.6843565470120261
