Technique,AUC,Credibility,LagGlobal,MAP
50Traced_NONETRACED_RFUNDER_RAW_LSA_21_MAX.csv,0.8586107061872369,0.7913261904761905,2.2936507936507935,0.8089050566159274
