Technique,AUC,Credibility,LagGlobal,MAP
50Traced_NONETRACED_RFNONE_SINGLE_VSM_95_MEDIAN.csv,0.9107277831767628,0.8167047619047619,2.2182539682539684,0.8922380672572834
