Technique,AUC,Credibility,LagGlobal,MAP
50Traced_NONETRACED_RFNONE_SINGLE_VSM_97_SUM.csv,0.8536233938019653,0.7906077293361362,2.2936507936507935,0.8329735740233748
