Technique,AUC,Credibility,LagGlobal,MAP
50Traced_NONETRACED_RFSMOTE_MULTI_LSA_83_MAX.csv,0.8799738149227945,0.7611388095238095,2.2222222222222223,0.7942698953151472
