Technique,AUC,Credibility,LagGlobal,MAP
50Traced_NONETRACED_RFSMOTE_MULTI_VSM_72_SUM.csv,0.8639118345750999,0.7730895256375103,2.2222222222222223,0.8115602391793009
