Technique,AUC,Credibility,LagGlobal,MAP
50Traced_NONETRACED_SUM_MULTI_VSM_66_MAX.csv,0.9555292355037253,-0.20272619047619048,1.003968253968254,0.9082562731284127
