Technique,AUC,Credibility,LagGlobal,MAP
50Traced_NONETRACED_RFUNDER_MULTI_LSA_41_SUM.csv,0.8928571428571429,0.7959393565487616,2.2222222222222223,0.8008960402586587
