Technique,AUC,Credibility,LagGlobal,MAP
50Traced_NONETRACED_RFNONE_MULTI_LSA_6_SUM.csv,0.8929853687506748,0.8119342381866375,2.2182539682539684,0.8686232761059168
