Technique,AUC,Credibility,LagGlobal,MAP
50Traced_NONETRACED_RFSMOTE_SINGLE_VSM_43_MEDIAN.csv,0.8829230104740309,0.7832955952380952,2.2222222222222223,0.8291821840578748
