Technique,AUC,Credibility,LagGlobal,MAP
50Traced_NONETRACED_SUM_MULTI_VSM_31_MAX.csv,0.9468773620559335,-0.1768388095238095,1.6547619047619047,0.9027108084181189
