Technique,AUC,Credibility,LagGlobal,MAP
50Traced_NONETRACED_MAX_MULTI_VSM_47_MEDIAN.csv,0.9675217309145882,0.7554432142857143,1.6904761904761905,0.9552139753916312
