Technique,AUC,Credibility,LagGlobal,MAP
50Traced_NONETRACED_MAX_SINGLE_VSM_55_SUM.csv,0.9738351689882302,0.7366305604383423,0.9642857142857143,0.9560990790676263
