Technique,AUC,Credibility,LagGlobal,MAP
50Traced_NONETRACED_MAX_RAW_LSA_68_SUM.csv,0.9323169744088111,0.7622713375836706,2.130952380952381,0.91000947804599
