Technique,AUC,Credibility,LagGlobal,MAP
50Traced_NONETRACED_RFSMOTE_SINGLE_LSA_23_MEDIAN.csv,0.8754285444336465,0.8122921428571429,2.2182539682539684,0.8320689834471003
