Technique,AUC,Credibility,LagGlobal,MAP
50Traced_NONETRACED_MEDIAN_SINGLE_LSA_23_SUM.csv,0.7828528236691502,0.6686220498837833,2.2936507936507935,0.680973285318808
