Technique,AUC,Credibility,LagGlobal,MAP
50Traced_NONETRACED_RFUNDER_SINGLE_LSA_61_SUM.csv,0.9073939099449302,0.8302141029156385,2.2936507936507935,0.8901589056626993
