Technique,AUC,Credibility,LagGlobal,MAP
50Traced_NONETRACED_RFNONE_SINGLE_LSA_5_SUM.csv,0.8827036767087787,0.7860560725919032,2.2182539682539684,0.8557334994748012
