Technique,AUC,Credibility,LagGlobal,MAP
50Traced_NONETRACED_MAX_MULTI_LSA_52_SUM.csv,0.9758260447035957,0.7455842535314409,1.6944444444444444,0.959488011832959
