Technique,AUC,Credibility,LagGlobal,MAP
50Traced_NONETRACED_SUM_RAW_LSA_17_MEDIAN.csv,0.9361704999460102,0.5136077380952381,1.4563492063492063,0.894459601020993
