Technique,AUC,Credibility,LagGlobal,MAP
50Traced_NONETRACED_SUM_SINGLE_LSA_23_MAX.csv,0.9646231508476407,-0.24747690476190476,0.9880952380952381,0.9222535878858107
