Technique,AUC,Credibility,LagGlobal,MAP
50Traced_NONETRACED_MEDIAN_MULTI_VSM_23_SUM.csv,0.7832003833279344,0.6646499374888373,2.3055555555555554,0.6840549247138479
