Technique,AUC,Credibility,LagGlobal,MAP
50Traced_NONETRACED_SUM_SINGLE_LSA_23_SUM.csv,0.9627132599071374,0.7511920295874853,1.0158730158730158,0.9195440688047924
