Technique,AUC,Credibility,LagGlobal,MAP
50Traced_NONETRACED_RFNONE_RAW_LSA_89_MEDIAN.csv,0.9328737447359896,0.8335020238095238,2.1547619047619047,0.913314313464028
