Technique,AUC,Credibility,LagGlobal,MAP
50Traced_NONETRACED_SUM_SINGLE_LSA_44_SUM.csv,0.9448392452218983,0.7446733488332041,1.1507936507936507,0.8879733924246969
