Technique,AUC,Credibility,LagGlobal,MAP
50Traced_NONETRACED_RFNONE_MULTI_VSM_83_SUM.csv,0.8910181135946442,0.8177924177875343,2.2182539682539684,0.8724079087134302
