Technique,AUC,Credibility,LagGlobal,MAP
50Traced_NONETRACED_RFNONE_RAW_LSA_22_SUM.csv,0.8899923064463882,0.8077154608424956,2.2182539682539684,0.874917233188578
