Technique,AUC,Credibility,LagGlobal,MAP
50Traced_NONETRACED_SUM_MULTI_VSM_41_SUM.csv,0.9394436345966959,0.7390411163581572,1.373015873015873,0.8821907137489119
