Technique,AUC,Credibility,LagGlobal,MAP
50Traced_NONETRACED_RFNONE_SINGLE_VSM_62_SUM.csv,0.9361907461397256,0.8347840690978887,2.2182539682539684,0.9256511355621326
