Technique,AUC,Credibility,LagGlobal,MAP
50Traced_NONETRACED_RFUNDER_MULTI_LSA_10_SUM.csv,0.9211275780153332,0.8317374249763885,2.2182539682539684,0.8702569980440228
