Technique,AUC,Credibility,LagGlobal,MAP
50Traced_NONETRACED_RFUNDER_RAW_VSM_8_MEDIAN.csv,0.8847147986178598,0.8149515476190476,2.2182539682539684,0.8673408801973187
