Technique,AUC,Credibility,LagGlobal,MAP
50Traced_NONETRACED_SUM_RAW_LSA_78_MAX.csv,0.9400240254832091,0.4126647619047619,2.1547619047619047,0.9129450454127318
