Technique,AUC,Credibility,LagGlobal,MAP
50Traced_NONETRACED_RFUNDER_RAW_LSA_30_MEDIAN.csv,0.8723814922794515,0.7993528571428571,2.2182539682539684,0.8517812315668685
