Technique,AUC,Credibility,LagGlobal,MAP
50Traced_NONETRACED_RFNONE_SINGLE_LSA_89_MAX.csv,0.9050925925925928,0.8410414285714286,2.2936507936507935,0.8693883399862041
