Technique,AUC,Credibility,LagGlobal,MAP
50Traced_NONETRACED_RFNONE_RAW_LSA_13_MAX.csv,0.8613169474138862,0.7821408333333333,2.2182539682539684,0.8288372732384577
