Technique,AUC,Credibility,LagGlobal,MAP
50Traced_NONETRACED_MAX_RAW_LSA_42_SUM.csv,0.944758260447036,0.7723473634937503,2.0674603174603177,0.9173554397447491
