Technique,AUC,Credibility,LagGlobal,MAP
50Traced_NONETRACED_MAX_RAW_VSM_97_SUM.csv,0.949482372314005,0.7732638725559371,1.8611111111111112,0.9291360253265
