Technique,AUC,Credibility,LagGlobal,MAP
50Traced_NONETRACED_SUM_MULTI_VSM_47_SUM.csv,0.945912293488824,0.7304852471700092,1.0912698412698412,0.9015534131779911
