Technique,AUC,Credibility,LagGlobal,MAP
50Traced_NONETRACED_RFSMOTE_MULTI_LSA_19_MAX.csv,0.8810738581146744,0.8002579761904762,2.2936507936507935,0.7884310970241276
