Technique,AUC,Credibility,LagGlobal,MAP
50Traced_NONETRACED_RFNONE_MULTI_LSA_46_MAX.csv,0.904431216931217,0.8347657142857143,2.2182539682539684,0.8592086976577279
