Technique,AUC,Credibility,LagGlobal,MAP
50Traced_NONETRACED_MAX_MULTI_VSM_24_MEDIAN.csv,0.9458583036389159,0.7451345238095238,2.126984126984127,0.9318733077979637
