Technique,AUC,Credibility,LagGlobal,MAP
50Traced_NONETRACED_RFNONE_RAW_LSA_77_MEDIAN.csv,0.8832165802829068,0.8058834523809524,2.2936507936507935,0.8643813095591767
