Technique,AUC,Credibility,LagGlobal,MAP
50Traced_NONETRACED_RFUNDER_SINGLE_VSM_18_SUM.csv,0.9224570780693229,0.8431623404320141,2.2182539682539684,0.9042375818409946
