Technique,AUC,Credibility,LagGlobal,MAP
50Traced_NONETRACED_RFSMOTE_RAW_LSA_49_MAX.csv,0.8490848720440556,0.767494761904762,2.2222222222222223,0.7348533571223396
