Technique,AUC,Credibility,LagGlobal,MAP
50Traced_NONETRACED_SUM_MULTI_VSM_95_SUM.csv,0.9417078339272217,0.7203361269539053,1.2619047619047619,0.8739138181666335
