Technique,AUC,Credibility,LagGlobal,MAP
50Traced_NONETRACED_RFSMOTE_SINGLE_LSA_27_SUM.csv,0.8313728269085412,0.7412469001736856,2.2936507936507935,0.7596272810331811
