Technique,AUC,Credibility,LagGlobal,MAP
50Traced_NONETRACED_MAX_MULTI_LSA_38_MAX.csv,0.9733357628765792,0.7580747619047619,1.4246031746031746,0.9603681120281972
