Technique,AUC,Credibility,LagGlobal,MAP
50Traced_NONETRACED_RFNONE_RAW_LSA_42_MAX.csv,0.8746726865349314,0.7912459523809524,2.2182539682539684,0.8518166082658071
