Technique,AUC,Credibility,LagGlobal,MAP
50Traced_NONETRACED_RFSMOTE_MULTI_LSA_93_MEDIAN.csv,0.8714366699060577,0.7860213095238096,2.2182539682539684,0.7676241905440404
