Technique,AUC,Credibility,LagGlobal,MAP
50Traced_NONETRACED_RFUNDER_MULTI_VSM_55_SUM.csv,0.9105050750458914,0.822597492611888,2.2936507936507935,0.8675250723600614
