Technique,AUC,Credibility,LagGlobal,MAP
50Traced_NONETRACED_SUM_RAW_LSA_21_MEDIAN.csv,0.9282373663751214,0.4531922619047619,2.3174603174603177,0.9017780462586386
