Technique,AUC,Credibility,LagGlobal,MAP
50Traced_NONETRACED_RFUNDER_MULTI_VSM_21_SUM.csv,0.9341863729618831,0.8378307132193888,2.123015873015873,0.8892100095997778
