Technique,AUC,Credibility,LagGlobal,MAP
50Traced_NONETRACED_RFSMOTE_SINGLE_LSA_7_MEDIAN.csv,0.9105759367238959,0.8126622619047619,2.0476190476190474,0.8753395133716169
