Technique,AUC,Credibility,LagGlobal,MAP
50Traced_NONETRACED_RFNONE_SINGLE_LSA_62_MAX.csv,0.897442905733722,0.818724761904762,2.2182539682539684,0.8685163752171496
