Technique,AUC,Credibility,LagGlobal,MAP
50Traced_NONETRACED_RFUNDER_RAW_LSA_24_SUM.csv,0.8781651549508693,0.8005093227310118,2.2182539682539684,0.8551150663045979
