Technique,AUC,Credibility,LagGlobal,MAP
50Traced_NONETRACED_MEDIAN_SINGLE_LSA_15_MAX.csv,0.778202947845805,0.6757808333333334,2.2936507936507935,0.6795010911777982
