Technique,AUC,Credibility,LagGlobal,MAP
50Traced_NONETRACED_MAX_RAW_LSA_27_SUM.csv,0.9492225461613217,0.7754943793911007,2.0873015873015874,0.9409333350398701
