Technique,AUC,Credibility,LagGlobal,MAP
50Traced_NONETRACED_SUM_SINGLE_VSM_3_MAX.csv,0.9659121585141993,-0.2824820238095238,0.9325396825396826,0.9229103458823045
