Technique,AUC,Credibility,LagGlobal,MAP
50Traced_NONETRACED_RFSMOTE_SINGLE_VSM_18_MAX.csv,0.8786746841593781,0.7607745238095238,2.2222222222222223,0.819331341144706
