Technique,AUC,Credibility,LagGlobal,MAP
50Traced_NONETRACED_MAX_MULTI_VSM_45_MEDIAN.csv,0.9494081362703811,0.7360147619047619,1.8531746031746033,0.9280844261596709
