Technique,AUC,Credibility,LagGlobal,MAP
50Traced_NONETRACED_RFNONE_MULTI_VSM_63_MEDIAN.csv,0.9017924630169529,0.839957619047619,2.2182539682539684,0.8607791761952375
