Technique,AUC,Credibility,LagGlobal,MAP
50Traced_NONETRACED_RFSMOTE_MULTI_LSA_65_SUM.csv,0.8470838732318324,0.7550338917325888,2.2182539682539684,0.7557906514145087
