Technique,AUC,Credibility,LagGlobal,MAP
50Traced_NONETRACED_RFUNDER_MULTI_LSA_46_MAX.csv,0.8938255857898715,0.814337619047619,2.123015873015873,0.7627241592661294
