Technique,AUC,Credibility,LagGlobal,MAP
50Traced_NONETRACED_SUM_MULTI_LSA_96_MEDIAN.csv,0.9382761040924306,-0.2740320238095238,2.0198412698412698,0.9013481092290506
