Technique,AUC,Credibility,LagGlobal,MAP
50Traced_NONETRACED_MEDIAN_MULTI_LSA_65_SUM.csv,0.7813174873123854,0.668814086023918,2.2936507936507935,0.6872045565923143
