Technique,AUC,Credibility,LagGlobal,MAP
50Traced_NONETRACED_MAX_SINGLE_LSA_25_MEDIAN.csv,0.9812992657380413,0.7546761904761905,1.0912698412698412,0.965457614211375
