Technique,AUC,Credibility,LagGlobal,MAP
50Traced_NONETRACED_RFSMOTE_MULTI_LSA_31_MAX.csv,0.8975610085303963,0.798705,2.123015873015873,0.7655437452778899
