Technique,AUC,Credibility,LagGlobal,MAP
50Traced_NONETRACED_SUM_MULTI_VSM_71_MEDIAN.csv,0.9484396933376525,-0.16485488095238096,1.2380952380952381,0.910993147547583
