Technique,AUC,Credibility,LagGlobal,MAP
50Traced_NONETRACED_MAX_RAW_VSM_9_MEDIAN.csv,0.9549522189828312,0.7931085714285714,2.1547619047619047,0.9370466074191458
