Technique,AUC,Credibility,LagGlobal,MAP
50Traced_NONETRACED_RFUNDER_SINGLE_LSA_87_MAX.csv,0.8963968523917503,0.834205,2.2936507936507935,0.8897887062989557
