Technique,AUC,Credibility,LagGlobal,MAP
50Traced_NONETRACED_MEDIAN_MULTI_VSM_15_SUM.csv,0.7810239175035093,0.6648064310174705,2.3015873015873014,0.6912125128823783
