Technique,AUC,Credibility,LagGlobal,MAP
50Traced_NONETRACED_RFNONE_RAW_VSM_30_MAX.csv,0.8996497408487204,0.8075414285714285,2.2182539682539684,0.8814929392077037
