Technique,AUC,Credibility,LagGlobal,MAP
50Traced_NONETRACED_RFNONE_RAW_LSA_97_SUM.csv,0.8775206511175899,0.7968633533632231,2.2936507936507935,0.8551782578481182
