Technique,AUC,Credibility,LagGlobal,MAP
50Traced_NONETRACED_MAX_RAW_LSA_46_MEDIAN.csv,0.9462767249757046,0.7860740476190476,2.3055555555555554,0.9266524238289368
