Technique,AUC,Credibility,LagGlobal,MAP
50Traced_NONETRACED_RFSMOTE_RAW_VSM_25_SUM.csv,0.8675966418313357,0.7761628056194518,2.2182539682539684,0.8344246495381141
