Technique,AUC,Credibility,LagGlobal,MAP
50Traced_NONETRACED_RFNONE_MULTI_VSM_46_SUM.csv,0.9057573426195875,0.8233591536422631,2.1587301587301586,0.8889440888974283
