Technique,AUC,Credibility,LagGlobal,MAP
50Traced_NONETRACED_MAX_RAW_LSA_87_SUM.csv,0.9613533905625742,0.7746267769129764,1.8412698412698412,0.9407050484234949
