Technique,AUC,Credibility,LagGlobal,MAP
50Traced_NONETRACED_RFUNDER_SINGLE_VSM_12_MAX.csv,0.8964643397041356,0.8366525,2.2182539682539684,0.8781659647086526
