Technique,AUC,Credibility,LagGlobal,MAP
50Traced_NONETRACED_MAX_RAW_LSA_76_MEDIAN.csv,0.9425851689882303,0.7869451190476191,2.0714285714285716,0.9298046434914747
