Technique,AUC,Credibility,LagGlobal,MAP
50Traced_NONETRACED_RFSMOTE_MULTI_LSA_76_MAX.csv,0.8240032123960696,0.7506746428571428,2.2936507936507935,0.7072186981239427
