Technique,AUC,Credibility,LagGlobal,MAP
50Traced_NONETRACED_SUM_MULTI_LSA_16_SUM.csv,0.9249844779181513,0.7263105481910828,2.0277777777777777,0.8780816875544164
