Technique,AUC,Credibility,LagGlobal,MAP
50Traced_NONETRACED_SUM_MULTI_LSA_20_SUM.csv,0.9483654572940288,0.724693530599666,1.4523809523809523,0.9088041014799475
