Technique,AUC,Credibility,LagGlobal,MAP
50Traced_NONETRACED_SUM_SINGLE_VSM_69_SUM.csv,0.9431351905841702,0.7329863947421738,1.1746031746031746,0.8843084437964639
