Technique,AUC,Credibility,LagGlobal,MAP
50Traced_NONETRACED_SUM_RAW_VSM_89_SUM.csv,0.9456895853579528,0.7481210937667563,1.757936507936508,0.9170881829427073
