Technique,AUC,Credibility,LagGlobal,MAP
50Traced_NONETRACED_RFUNDER_MULTI_VSM_9_MAX.csv,0.8949526239067055,0.8268604761904762,2.2182539682539684,0.8047324169003115
