Technique,AUC,Credibility,LagGlobal,MAP
50Traced_NONETRACED_RFUNDER_RAW_LSA_86_MEDIAN.csv,0.8783439963286902,0.8048376190476191,2.2936507936507935,0.8579611485634163
