Technique,AUC,Credibility,LagGlobal,MAP
50Traced_NONETRACED_RFNONE_MULTI_LSA_12_MEDIAN.csv,0.8806655598747435,0.8023439285714286,2.2936507936507935,0.8564621100496296
