Technique,AUC,Credibility,LagGlobal,MAP
50Traced_NONETRACED_MEDIAN_MULTI_LSA_93_SUM.csv,0.7852553719900659,0.6652796694242669,2.2976190476190474,0.6962924091568953
