Technique,AUC,Credibility,LagGlobal,MAP
50Traced_NONETRACED_RFNONE_RAW_VSM_67_MEDIAN.csv,0.8592619587517547,0.7893361904761905,2.2936507936507935,0.8368962018764093
