Technique,AUC,Credibility,LagGlobal,MAP
50Traced_NONETRACED_SUM_SINGLE_VSM_9_MAX.csv,0.9649875823345211,-0.21171416666666665,1.7896825396825398,0.9331141570561341
