Technique,AUC,Credibility,LagGlobal,MAP
50Traced_NONETRACED_MAX_SINGLE_LSA_78_SUM.csv,0.9703696954972466,0.7392191418640911,1.1507936507936507,0.9469241507684879
