Technique,AUC,Credibility,LagGlobal,MAP
50Traced_NONETRACED_MAX_RAW_VSM_9_SUM.csv,0.9492124230644639,0.7711555035128805,2.1507936507936507,0.9268560220038264
