Technique,AUC,Credibility,LagGlobal,MAP
50Traced_NONETRACED_RFUNDER_MULTI_VSM_6_MEDIAN.csv,0.8910451085195984,0.8208817857142857,2.2182539682539684,0.7951969095358036
