Technique,AUC,Credibility,LagGlobal,MAP
50Traced_NONETRACED_SUM_RAW_VSM_10_MEDIAN.csv,0.9412050534499514,0.44445035714285713,2.257936507936508,0.9159406715074674
