Technique,AUC,Credibility,LagGlobal,MAP
50Traced_NONETRACED_MAX_RAW_LSA_28_SUM.csv,0.9419575369830472,0.7766824575036122,2.1547619047619047,0.9269278256723441
