Technique,AUC,Credibility,LagGlobal,MAP
50Traced_NONETRACED_MAX_SINGLE_LSA_66_MAX.csv,0.9718409189072454,0.7426034523809524,1.0357142857142858,0.9526351029595165
