Technique,AUC,Credibility,LagGlobal,MAP
50Traced_NONETRACED_RFUNDER_MULTI_LSA_83_SUM.csv,0.914328231292517,0.8073642720043872,2.123015873015873,0.8309591191058742
