Technique,AUC,Credibility,LagGlobal,MAP
50Traced_NONETRACED_RFNONE_RAW_LSA_23_MAX.csv,0.8637363675628982,0.7906494047619047,2.2182539682539684,0.8337668971952344
