Technique,AUC,Credibility,LagGlobal,MAP
50Traced_NONETRACED_SUM_SINGLE_VSM_16_SUM.csv,0.9387890076665587,0.7472374198895722,1.5436507936507937,0.8744879289661329
