Technique,AUC,Credibility,LagGlobal,MAP
50Traced_NONETRACED_MEDIAN_SINGLE_LSA_13_SUM.csv,0.7884778911564626,0.6651264484479404,2.2936507936507935,0.6905135204755894
