Technique,AUC,Credibility,LagGlobal,MAP
50Traced_NONETRACED_MEDIAN_MULTI_VSM_91_SUM.csv,0.7866253644314869,0.6670444989350749,2.2936507936507935,0.6932465631282645
