Technique,AUC,Credibility,LagGlobal,MAP
50Traced_NONETRACED_SUM_SINGLE_VSM_86_SUM.csv,0.9564301911240687,0.7507921129139256,1.2023809523809523,0.9187215765712937
