Technique,AUC,Credibility,LagGlobal,MAP
50Traced_NONETRACED_MAX_MULTI_LSA_72_SUM.csv,0.9653081470683512,0.7477392383786081,2.253968253968254,0.9441867585978331
