Technique,AUC,Credibility,LagGlobal,MAP
50Traced_NONETRACED_MEDIAN_MULTI_LSA_76_SUM.csv,0.7912651171579744,0.66797297754329,2.2936507936507935,0.6911717840069651
