Technique,AUC,Credibility,LagGlobal,MAP
50Traced_NONETRACED_RFUNDER_MULTI_LSA_85_SUM.csv,0.9301168880250513,0.8302141029156385,2.2182539682539684,0.8772259763397643
