Technique,AUC,Credibility,LagGlobal,MAP
50Traced_NONETRACED_MEDIAN_RAW_VSM_51_SUM.csv,0.7841283338732318,0.6645028757506555,2.2936507936507935,0.6861851084702335
