Technique,AUC,Credibility,LagGlobal,MAP
50Traced_NONETRACED_RFUNDER_MULTI_VSM_52_MAX.csv,0.9165080714825612,0.8399730952380953,2.2182539682539684,0.824472140321093
