Technique,AUC,Credibility,LagGlobal,MAP
50Traced_NONETRACED_RFUNDER_RAW_VSM_33_SUM.csv,0.8909033851635892,0.8058409499436371,2.2936507936507935,0.8450204598360045
