Technique,AUC,Credibility,LagGlobal,MAP
50Traced_NONETRACED_RFNONE_MULTI_LSA_35_MAX.csv,0.8667834197170932,0.7893880952380953,2.2936507936507935,0.7378022326103835
