Technique,AUC,Credibility,LagGlobal,MAP
50Traced_NONETRACED_RFSMOTE_SINGLE_VSM_13_MAX.csv,0.8992448169744088,0.7901919047619047,2.1547619047619047,0.8543602637057313
