Technique,AUC,Credibility,LagGlobal,MAP
50Traced_NONETRACED_RFNONE_RAW_LSA_83_SUM.csv,0.8749392614188533,0.7968633533632231,2.2936507936507935,0.8573271491444656
