Technique,AUC,Credibility,LagGlobal,MAP
50Traced_NONETRACED_MAX_RAW_LSA_59_SUM.csv,0.9133969063816003,0.7536432266574367,2.1547619047619047,0.8879953777139334
