Technique,AUC,Credibility,LagGlobal,MAP
50Traced_NONETRACED_SUM_RAW_VSM_36_SUM.csv,0.9597978080120937,0.7430950120465133,2.0396825396825395,0.9351332578055822
