Technique,AUC,Credibility,LagGlobal,MAP
50Traced_NONETRACED_RFSMOTE_MULTI_VSM_1_SUM.csv,0.8231258773350612,0.7302161470451373,2.2182539682539684,0.7322136431723366
