Technique,AUC,Credibility,LagGlobal,MAP
50Traced_NONETRACED_MAX_RAW_LSA_76_SUM.csv,0.940790006478782,0.7638599604601566,2.126984126984127,0.9222374945958152
