Technique,AUC,Credibility,LagGlobal,MAP
50Traced_NONETRACED_RFNONE_MULTI_LSA_24_MEDIAN.csv,0.9118784418529317,0.8104307142857143,2.0198412698412698,0.856423379639297
