Technique,AUC,Credibility,LagGlobal,MAP
50Traced_NONETRACED_MEDIAN_RAW_LSA_79_SUM.csv,0.7821509556203434,0.6645393704772026,2.2936507936507935,0.6866674963487569
