Technique,AUC,Credibility,LagGlobal,MAP
50Traced_NONETRACED_RFUNDER_SINGLE_VSM_75_SUM.csv,0.9112845535039412,0.8378307132193888,2.2182539682539684,0.9037411134023297
