Technique,AUC,Credibility,LagGlobal,MAP
50Traced_NONETRACED_RFUNDER_SINGLE_VSM_2_MAX.csv,0.8956106252024618,0.846960119047619,2.2182539682539684,0.8750887460346382
