Technique,AUC,Credibility,LagGlobal,MAP
50Traced_NONETRACED_MAX_RAW_VSM_14_SUM.csv,0.956113000755858,0.7649725037606964,1.7658730158730158,0.9345909190785738
