Technique,AUC,Credibility,LagGlobal,MAP
50Traced_NONETRACED_RFSMOTE_SINGLE_VSM_51_SUM.csv,0.851598774430407,0.7548096609085093,2.2182539682539684,0.7905106607664271
