Technique,AUC,Credibility,LagGlobal,MAP
50Traced_NONETRACED_SUM_SINGLE_LSA_4_MAX.csv,0.9643059604794298,-0.24976119047619047,1.1428571428571428,0.9217476546320504
