Technique,AUC,Credibility,LagGlobal,MAP
50Traced_NONETRACED_RFUNDER_MULTI_VSM_20_MAX.csv,0.9099314328906166,0.8352427380952381,2.2182539682539684,0.8279393794424885
