Technique,AUC,Credibility,LagGlobal,MAP
50Traced_NONETRACED_RFNONE_MULTI_VSM_42_MEDIAN.csv,0.9086727945146312,0.8362123809523809,2.2182539682539684,0.8174573626039572
