Technique,AUC,Credibility,LagGlobal,MAP
50Traced_NONETRACED_SUM_SINGLE_LSA_87_SUM.csv,0.9722289709534607,0.7470876499638966,0.9047619047619048,0.9447010374028011
