Technique,AUC,Credibility,LagGlobal,MAP
50Traced_NONETRACED_RFNONE_SINGLE_VSM_40_SUM.csv,0.8754420418961236,0.8134575602473875,2.2182539682539684,0.862304618850966
