Technique,AUC,Credibility,LagGlobal,MAP
50Traced_NONETRACED_MEDIAN_MULTI_LSA_47_SUM.csv,0.7955708076881545,0.6672948913135414,2.2976190476190474,0.7084379461772882
