Technique,AUC,Credibility,LagGlobal,MAP
50Traced_NONETRACED_RFNONE_RAW_VSM_44_SUM.csv,0.8840129305690531,0.8038397081713269,2.2182539682539684,0.8663928150485514
