Technique,AUC,Credibility,LagGlobal,MAP
50Traced_NONETRACED_RFSMOTE_SINGLE_LSA_68_SUM.csv,0.8309544055717526,0.7342448130883832,2.2182539682539684,0.7735485945091709
