Technique,AUC,Credibility,LagGlobal,MAP
50Traced_NONETRACED_MAX_MULTI_VSM_28_SUM.csv,0.9747125040492387,0.7485292042323766,1.2738095238095237,0.9592720046952415
