Technique,AUC,Credibility,LagGlobal,MAP
50Traced_NONETRACED_MAX_MULTI_VSM_54_MAX.csv,0.9779991361624014,0.7615913095238095,1.746031746031746,0.9671541183064034
