Technique,AUC,Credibility,LagGlobal,MAP
50Traced_NONETRACED_RFSMOTE_RAW_LSA_18_MEDIAN.csv,0.8542881438289601,0.7636636904761904,2.2182539682539684,0.800866584247963
