Technique,AUC,Credibility,LagGlobal,MAP
50Traced_NONETRACED_RFSMOTE_MULTI_VSM_98_MAX.csv,0.8527393100097183,0.7607977380952381,2.2182539682539684,0.7803314835655233
