Technique,AUC,Credibility,LagGlobal,MAP
50Traced_NONETRACED_RFUNDER_MULTI_LSA_80_SUM.csv,0.924775267249757,0.8279291198245133,2.2182539682539684,0.8642239851455318
