Technique,AUC,Credibility,LagGlobal,MAP
50Traced_NONETRACED_MAX_SINGLE_VSM_61_SUM.csv,0.9762815840621963,0.7387839807212391,1.3650793650793651,0.9577001812483221
