Technique,AUC,Credibility,LagGlobal,MAP
50Traced_NONETRACED_MAX_SINGLE_LSA_0_MEDIAN.csv,0.9844036821077637,0.7535795238095238,1.0833333333333333,0.974872317580202
