Technique,AUC,Credibility,LagGlobal,MAP
50Traced_NONETRACED_RFUNDER_MULTI_LSA_9_SUM.csv,0.9089967336140805,0.7928927124272613,2.2182539682539684,0.8243965459725677
