Technique,AUC,Credibility,LagGlobal,MAP
50Traced_NONETRACED_MEDIAN_MULTI_VSM_42_SUM.csv,0.7809260609005507,0.6647215774335167,2.2976190476190474,0.6878647525761834
