Technique,AUC,Credibility,LagGlobal,MAP
50Traced_NONETRACED_MAX_RAW_VSM_36_MEDIAN.csv,0.9468031260123098,0.7914645238095238,1.8531746031746033,0.9248256958473946
