Technique,AUC,Credibility,LagGlobal,MAP
50Traced_NONETRACED_RFSMOTE_RAW_VSM_5_SUM.csv,0.8609052748083361,0.7768978307893855,2.2976190476190474,0.8256207548754424
