Technique,AUC,Credibility,LagGlobal,MAP
50Traced_NONETRACED_SUM_RAW_LSA_12_SUM.csv,0.9370073426195875,0.749371879249928,1.9682539682539681,0.9097176554868242
