Technique,AUC,Credibility,LagGlobal,MAP
50Traced_NONETRACED_RFSMOTE_RAW_LSA_96_SUM.csv,0.8540114458481807,0.7647112543033848,2.2976190476190474,0.7877356931324149
