Technique,AUC,Credibility,LagGlobal,MAP
50Traced_NONETRACED_RFSMOTE_MULTI_VSM_25_MAX.csv,0.8702151495518843,0.8121614285714286,2.2222222222222223,0.8381663554342174
