Technique,AUC,Credibility,LagGlobal,MAP
50Traced_NONETRACED_RFUNDER_MULTI_VSM_53_MAX.csv,0.9141358924522192,0.8437378571428571,2.2936507936507935,0.8801425240870357
