Technique,AUC,Credibility,LagGlobal,MAP
50Traced_NONETRACED_RFUNDER_SINGLE_VSM_81_SUM.csv,0.9094455242414428,0.8378307132193888,2.2936507936507935,0.9025161883534928
