Technique,AUC,Credibility,LagGlobal,MAP
50Traced_NONETRACED_SUM_SINGLE_VSM_31_SUM.csv,0.9612487852283771,0.7469275591461182,1.1706349206349207,0.9233813291132787
