Technique,AUC,Credibility,LagGlobal,MAP
50Traced_NONETRACED_RFNONE_RAW_VSM_48_SUM.csv,0.8637667368534714,0.7928927124272613,2.2182539682539684,0.8380500842064262
