Technique,AUC,Credibility,LagGlobal,MAP
50Traced_NONETRACED_RFNONE_RAW_LSA_17_SUM.csv,0.8631863459669582,0.7867863964181844,2.2936507936507935,0.8380858737943839
