Technique,AUC,Credibility,LagGlobal,MAP
50Traced_NONETRACED_RFNONE_RAW_VSM_37_SUM.csv,0.9081295216499299,0.8104109161258873,2.2936507936507935,0.8940741895907813
