Technique,AUC,Credibility,LagGlobal,MAP
50Traced_NONETRACED_MEDIAN_RAW_VSM_41_SUM.csv,0.7849854227405249,0.6650613211536835,2.2936507936507935,0.6893545996230734
