Technique,AUC,Credibility,LagGlobal,MAP
50Traced_NONETRACED_RFNONE_SINGLE_LSA_83_SUM.csv,0.9351345697008961,0.8030645576370932,2.1547619047619047,0.9120570912417078
