Technique,AUC,Credibility,LagGlobal,MAP
50Traced_NONETRACED_RFUNDER_RAW_VSM_78_SUM.csv,0.8762012741604578,0.803555966852512,2.2182539682539684,0.8557633192740305
