Technique,AUC,Credibility,LagGlobal,MAP
50Traced_NONETRACED_RFNONE_RAW_LSA_56_MEDIAN.csv,0.881607007882518,0.802342380952381,2.1785714285714284,0.8530563939002104
