Technique,AUC,Credibility,LagGlobal,MAP
50Traced_NONETRACED_SUM_SINGLE_LSA_40_MAX.csv,0.9417010851959831,-0.34251988095238095,1.7222222222222223,0.8933663353321453
