Technique,AUC,Credibility,LagGlobal,MAP
50Traced_NONETRACED_RFUNDER_RAW_LSA_12_SUM.csv,0.8781955242414425,0.8007391060343919,2.2936507936507935,0.8474007882732811
