Technique,AUC,Credibility,LagGlobal,MAP
50Traced_NONETRACED_MAX_MULTI_LSA_20_MAX.csv,0.9575133624878522,0.7394565476190477,2.115079365079365,0.940760066610408
