Technique,AUC,Credibility,LagGlobal,MAP
50Traced_NONETRACED_RFSMOTE_MULTI_LSA_76_SUM.csv,0.8273337112622827,0.7540479998781342,2.2936507936507935,0.7479925184463239
