Technique,AUC,Credibility,LagGlobal,MAP
50Traced_NONETRACED_RFSMOTE_RAW_VSM_59_SUM.csv,0.8708697764820215,0.7814677969716357,2.2976190476190474,0.8190070764573473
