Technique,AUC,Credibility,LagGlobal,MAP
50Traced_NONETRACED_RFNONE_SINGLE_LSA_50_MEDIAN.csv,0.8934881492279452,0.8317705952380953,2.2936507936507935,0.880527674816016
