Technique,AUC,Credibility,LagGlobal,MAP
50Traced_NONETRACED_RFNONE_SINGLE_LSA_73_SUM.csv,0.878317001403736,0.7685195594552601,2.2182539682539684,0.8424381912525936
