Technique,AUC,Credibility,LagGlobal,MAP
50Traced_NONETRACED_RFSMOTE_SINGLE_VSM_91_SUM.csv,0.8573790627362056,0.7519046223776658,2.2936507936507935,0.7870151052253993
