Technique,AUC,Credibility,LagGlobal,MAP
50Traced_NONETRACED_SUM_RAW_VSM_55_MEDIAN.csv,0.9508253698304718,0.49319666666666667,1.5396825396825398,0.9259427944407875
