Technique,AUC,Credibility,LagGlobal,MAP
50Traced_NONETRACED_MEDIAN_RAW_VSM_10_SUM.csv,0.7858560090702948,0.6644891313541402,2.2936507936507935,0.6860944877023253
