Technique,AUC,Credibility,LagGlobal,MAP
50Traced_NONETRACED_MAX_MULTI_VSM_26_MEDIAN.csv,0.9519760285066409,0.7400561904761904,2.0992063492063493,0.9332772250813123
