Technique,AUC,Credibility,LagGlobal,MAP
50Traced_NONETRACED_RFNONE_MULTI_VSM_89_MAX.csv,0.8941731454486557,0.8122004761904762,2.2182539682539684,0.8160057620795255
