Technique,AUC,Credibility,LagGlobal,MAP
50Traced_NONETRACED_SUM_RAW_LSA_13_MAX.csv,0.9540613864593457,0.45221119047619046,2.107142857142857,0.9305294915409889
