Technique,AUC,Credibility,LagGlobal,MAP
50Traced_NONETRACED_MAX_MULTI_LSA_12_MAX.csv,0.9541524943310657,0.7352946428571429,1.496031746031746,0.9307538664296872
