Technique,AUC,Credibility,LagGlobal,MAP
50Traced_NONETRACED_RFSMOTE_RAW_LSA_82_SUM.csv,0.8685515873015873,0.7883227462450111,2.2182539682539684,0.8375715512777825
