Technique,AUC,Credibility,LagGlobal,MAP
50Traced_NONETRACED_MAX_RAW_VSM_53_SUM.csv,0.9592140427599611,0.7720603011889705,1.4444444444444444,0.9346256141601803
