Technique,AUC,Credibility,LagGlobal,MAP
50Traced_NONETRACED_MAX_SINGLE_LSA_48_SUM.csv,0.9689119695497247,0.7346723515293326,1.5833333333333333,0.9522133796205233
