Technique,AUC,Credibility,LagGlobal,MAP
50Traced_NONETRACED_RFUNDER_SINGLE_VSM_30_SUM.csv,0.9056021218011014,0.8347840690978887,2.2182539682539684,0.8956292249968939
