Technique,AUC,Credibility,LagGlobal,MAP
50Traced_NONETRACED_MAX_MULTI_VSM_13_MEDIAN.csv,0.9748204837490551,0.7474803571428571,1.3849206349206349,0.9534461211588949
