Technique,AUC,Credibility,LagGlobal,MAP
50Traced_NONETRACED_MEDIAN_MULTI_LSA_41_MAX.csv,0.7781422092646583,0.6757358333333333,2.2936507936507935,0.679486422484353
