Technique,AUC,Credibility,LagGlobal,MAP
50Traced_NONETRACED_RFNONE_MULTI_LSA_66_SUM.csv,0.8957118561710399,0.8256441367333882,2.2936507936507935,0.8585373511371293
