Technique,AUC,Credibility,LagGlobal,MAP
50Traced_NONETRACED_RFSMOTE_MULTI_VSM_37_MAX.csv,0.8238108735557716,0.7413483333333334,2.2936507936507935,0.7015400167648294
