Technique,AUC,Credibility,LagGlobal,MAP
50Traced_NONETRACED_MAX_SINGLE_VSM_84_MAX.csv,0.9643734477918151,0.7393602380952381,1.0952380952380953,0.9380753419119363
