Technique,AUC,Credibility,LagGlobal,MAP
50Traced_NONETRACED_RFNONE_RAW_LSA_93_MEDIAN.csv,0.9094050318540114,0.8184532142857143,2.2936507936507935,0.8868524459366925
