Technique,AUC,Credibility,LagGlobal,MAP
50Traced_NONETRACED_RFNONE_RAW_LSA_87_SUM.csv,0.9003549832631466,0.8111725771562623,2.1547619047619047,0.8826520647106054
