Technique,AUC,Credibility,LagGlobal,MAP
50Traced_NONETRACED_MAX_RAW_LSA_34_MEDIAN.csv,0.93956173739337,0.7818692857142857,2.0396825396825395,0.9160661528404068
