Technique,AUC,Credibility,LagGlobal,MAP
50Traced_NONETRACED_RFSMOTE_MULTI_VSM_92_MAX.csv,0.8138160025915129,0.7275466666666667,2.2936507936507935,0.7137940862519815
