Technique,AUC,Credibility,LagGlobal,MAP
50Traced_NONETRACED_MEDIAN_SINGLE_VSM_21_SUM.csv,0.7785403844077313,0.6639915792496495,2.2936507936507935,0.6790869150512262
