Technique,AUC,Credibility,LagGlobal,MAP
50Traced_NONETRACED_RFSMOTE_RAW_LSA_35_SUM.csv,0.8631593510420041,0.7982243396398867,2.2936507936507935,0.8379860216095691
