Technique,AUC,Credibility,LagGlobal,MAP
50Traced_NONETRACED_RFNONE_MULTI_LSA_41_MAX.csv,0.9142337490551777,0.840179761904762,2.2182539682539684,0.8868555290451517
