Technique,AUC,Credibility,LagGlobal,MAP
50Traced_NONETRACED_RFUNDER_MULTI_VSM_10_SUM.csv,0.8979355631141347,0.7997476617006367,2.0515873015873014,0.8136328887771893
