Technique,AUC,Credibility,LagGlobal,MAP
50Traced_NONETRACED_RFSMOTE_SINGLE_VSM_42_MAX.csv,0.8782731346506858,0.7677525,2.2182539682539684,0.8271298551008684
