Technique,AUC,Credibility,LagGlobal,MAP
50Traced_NONETRACED_MAX_MULTI_LSA_77_MAX.csv,0.9689220926465825,0.7486209523809524,1.6349206349206349,0.9564675280294503
