Technique,AUC,Credibility,LagGlobal,MAP
50Traced_NONETRACED_SUM_RAW_LSA_87_SUM.csv,0.9649639617751863,0.7546345914758278,1.5912698412698412,0.9466564696285991
