Technique,AUC,Credibility,LagGlobal,MAP
50Traced_NONETRACED_MAX_MULTI_LSA_40_SUM.csv,0.9322528614620452,0.74520264681555,2.2817460317460316,0.9081986993237017
