Technique,AUC,Credibility,LagGlobal,MAP
50Traced_NONETRACED_MAX_SINGLE_LSA_33_MAX.csv,0.9859390184645287,0.7585684523809524,0.9206349206349206,0.9738624016810342
