Technique,AUC,Credibility,LagGlobal,MAP
50Traced_NONETRACED_MAX_SINGLE_LSA_84_MEDIAN.csv,0.977007072670338,0.7456965476190476,0.7182539682539683,0.9574258468153671
