Technique,AUC,Credibility,LagGlobal,MAP
50Traced_NONETRACED_RFUNDER_MULTI_VSM_63_SUM.csv,0.8961437749703055,0.804317627882887,2.123015873015873,0.8187599213760137
