Technique,AUC,Credibility,LagGlobal,MAP
50Traced_NONETRACED_SUM_RAW_VSM_17_SUM.csv,0.9524450653277183,0.7390788938802184,1.6071428571428572,0.9263837991864238
