Technique,AUC,Credibility,LagGlobal,MAP
50Traced_NONETRACED_SUM_RAW_VSM_63_SUM.csv,0.9341998704243601,0.7414655023577525,1.8611111111111112,0.899520805259095
