Technique,AUC,Credibility,LagGlobal,MAP
50Traced_NONETRACED_MEDIAN_SINGLE_LSA_94_SUM.csv,0.7804873933700465,0.6638858580732471,2.2976190476190474,0.6835958885025412
