Technique,AUC,Credibility,LagGlobal,MAP
50Traced_NONETRACED_MAX_MULTI_LSA_84_MEDIAN.csv,0.9689085951841053,0.7498527380952381,1.869047619047619,0.9505866838985226
