Technique,AUC,Credibility,LagGlobal,MAP
50Traced_NONETRACED_RFUNDER_RAW_LSA_1_SUM.csv,0.8932620667314544,0.8073642720043872,2.2222222222222223,0.837652974572759
