Technique,AUC,Credibility,LagGlobal,MAP
50Traced_NONETRACED_RFSMOTE_MULTI_LSA_66_SUM.csv,0.9272554259799158,0.8195508484903878,2.123015873015873,0.8722904037709085
