Technique,AUC,Credibility,LagGlobal,MAP
50Traced_NONETRACED_MAX_RAW_LSA_32_SUM.csv,0.9471844293272864,0.7783569747824542,1.8373015873015872,0.9220841658933894
