Technique,AUC,Credibility,LagGlobal,MAP
50Traced_NONETRACED_MAX_RAW_VSM_69_MAX.csv,0.9264759475218659,0.775004880952381,2.3134920634920637,0.910765490911355
