Technique,AUC,Credibility,LagGlobal,MAP
50Traced_NONETRACED_MAX_MULTI_LSA_88_MEDIAN.csv,0.9646771406975488,0.7451071428571429,1.6984126984126984,0.9445780687489069
