Technique,AUC,Credibility,LagGlobal,MAP
50Traced_NONETRACED_MEDIAN_SINGLE_VSM_14_SUM.csv,0.7839123744735988,0.6650054977586061,2.2936507936507935,0.6863759971916854
