Technique,AUC,Credibility,LagGlobal,MAP
50Traced_NONETRACED_MAX_MULTI_LSA_10_MEDIAN.csv,0.9648526077097506,0.7411728571428572,1.5396825396825398,0.9488058070816319
