Technique,AUC,Credibility,LagGlobal,MAP
50Traced_NONETRACED_MEDIAN_SINGLE_LSA_50_MEDIAN.csv,0.7791005291005292,0.6758408333333333,2.2936507936507935,0.6798082797881057
