Technique,AUC,Credibility,LagGlobal,MAP
50Traced_NONETRACED_MAX_SINGLE_LSA_28_SUM.csv,0.9592174171255804,0.7224982450175813,1.4841269841269842,0.9327308425726899
