Technique,AUC,Credibility,LagGlobal,MAP
50Traced_NONETRACED_RFSMOTE_MULTI_VSM_52_MEDIAN.csv,0.8585634650685672,0.7835216666666667,2.2182539682539684,0.7383701703255823
