Technique,AUC,Credibility,LagGlobal,MAP
50Traced_NONETRACED_RFNONE_SINGLE_LSA_12_SUM.csv,0.8932958103876472,0.8165042043688877,2.2182539682539684,0.8771122951457512
