Technique,AUC,Credibility,LagGlobal,MAP
50Traced_NONETRACED_SUM_MULTI_VSM_5_MAX.csv,0.9452812871180218,-0.20063785714285715,1.2301587301587302,0.8936810427021141
