Technique,AUC,Credibility,LagGlobal,MAP
50Traced_NONETRACED_RFNONE_MULTI_VSM_65_MAX.csv,0.9299886621315192,0.8571055952380953,2.2182539682539684,0.9260332400885223
