Technique,AUC,Credibility,LagGlobal,MAP
50Traced_NONETRACED_RFUNDER_SINGLE_LSA_48_SUM.csv,0.9036044973544973,0.8332607470371386,2.2182539682539684,0.8928043150607169
