Technique,AUC,Credibility,LagGlobal,MAP
50Traced_NONETRACED_MAX_MULTI_VSM_99_SUM.csv,0.971513605442177,0.7430115063788805,1.5317460317460319,0.9535681884149895
