Technique,AUC,Credibility,LagGlobal,MAP
50Traced_NONETRACED_MAX_MULTI_VSM_92_SUM.csv,0.9505722924090271,0.7335351369185087,2.0555555555555554,0.9366403516205192
