Technique,AUC,Credibility,LagGlobal,MAP
50Traced_NONETRACED_MAX_SINGLE_LSA_17_MAX.csv,0.968942338840298,0.7442157142857143,1.6428571428571428,0.9493453783548174
