Technique,AUC,Credibility,LagGlobal,MAP
50Traced_NONETRACED_SUM_RAW_VSM_70_MAX.csv,0.94185293164885,0.4607620238095238,1.6349206349206349,0.9107173328170094
