Technique,AUC,Credibility,LagGlobal,MAP
50Traced_NONETRACED_RFSMOTE_RAW_LSA_89_MAX.csv,0.8654842889536767,0.7908604761904762,2.2936507936507935,0.8232838979137926
