Technique,AUC,Credibility,LagGlobal,MAP
50Traced_NONETRACED_RFNONE_SINGLE_LSA_96_SUM.csv,0.8911767087787495,0.8149808823081376,2.2182539682539684,0.8744354285186335
