Technique,AUC,Credibility,LagGlobal,MAP
50Traced_NONETRACED_MAX_SINGLE_LSA_54_SUM.csv,0.9675014847208725,0.7355536885142149,1.7976190476190477,0.9474519666494023
