Technique,AUC,Credibility,LagGlobal,MAP
50Traced_NONETRACED_RFNONE_SINGLE_LSA_17_SUM.csv,0.883142344239283,0.8195508484903878,2.2182539682539684,0.8698924205925528
