Technique,AUC,Credibility,LagGlobal,MAP
50Traced_NONETRACED_SUM_SINGLE_VSM_23_SUM.csv,0.9493710182485693,0.7464304171556069,1.0674603174603174,0.9103437510427091
