Technique,AUC,Credibility,LagGlobal,MAP
50Traced_NONETRACED_RFSMOTE_MULTI_LSA_85_SUM.csv,0.8981413994169096,0.7833812154518885,2.2182539682539684,0.8533907033605501
