Technique,AUC,Credibility,LagGlobal,MAP
50Traced_NONETRACED_RFUNDER_SINGLE_LSA_69_SUM.csv,0.9242724867724867,0.840115696310514,2.126984126984127,0.9058290794354086
