Technique,AUC,Credibility,LagGlobal,MAP
50Traced_NONETRACED_RFNONE_RAW_LSA_1_SUM.csv,0.893626498218335,0.7921310513968863,2.123015873015873,0.8683918669405145
