Technique,AUC,Credibility,LagGlobal,MAP
50Traced_NONETRACED_RFUNDER_RAW_VSM_47_MEDIAN.csv,0.8798557121261202,0.8015571428571429,2.2182539682539684,0.8369089080039964
