Technique,AUC,Credibility,LagGlobal,MAP
50Traced_NONETRACED_SUM_RAW_VSM_1_SUM.csv,0.9329142371234207,0.7433193829264854,2.0873015873015874,0.8962258923980012
