Technique,AUC,Credibility,LagGlobal,MAP
50Traced_NONETRACED_SUM_RAW_VSM_51_SUM.csv,0.9544798077961343,0.7423425158136316,1.7380952380952381,0.925074483142433
