Technique,AUC,Credibility,LagGlobal,MAP
50Traced_NONETRACED_RFUNDER_SINGLE_LSA_90_MAX.csv,0.9119391804340785,0.8390096428571429,2.2182539682539684,0.8853038843503958
