Technique,AUC,Credibility,LagGlobal,MAP
50Traced_NONETRACED_RFNONE_SINGLE_LSA_98_MEDIAN.csv,0.8968861354065436,0.8175953571428571,2.2182539682539684,0.8803371741940992
