Technique,AUC,Credibility,LagGlobal,MAP
50Traced_NONETRACED_RFUNDER_RAW_VSM_57_MAX.csv,0.8664831011769787,0.8047245238095239,2.2936507936507935,0.8144732969322724
