Technique,AUC,Credibility,LagGlobal,MAP
50Traced_NONETRACED_RFUNDER_MULTI_VSM_99_MAX.csv,0.8564814814814815,0.7881539285714285,2.2182539682539684,0.6971889806267817
