Technique,AUC,Credibility,LagGlobal,MAP
50Traced_NONETRACED_SUM_SINGLE_VSM_44_MAX.csv,0.9618797915991794,-0.3138252380952381,1.1349206349206349,0.9235219941794275
