Technique,AUC,Credibility,LagGlobal,MAP
50Traced_NONETRACED_SUM_SINGLE_VSM_21_SUM.csv,0.9689760824964906,0.7549621158540345,0.9047619047619048,0.9433845749865271
