Technique,AUC,Credibility,LagGlobal,MAP
50Traced_NONETRACED_MEDIAN_MULTI_VSM_35_SUM.csv,0.7898310117697873,0.6667028288705886,2.2936507936507935,0.6908740413422532
