Technique,AUC,Credibility,LagGlobal,MAP
50Traced_NONETRACED_MAX_RAW_LSA_71_SUM.csv,0.9339332955404384,0.7652386864698176,2.3095238095238093,0.9104512014936443
