Technique,AUC,Credibility,LagGlobal,MAP
50Traced_NONETRACED_MEDIAN_RAW_VSM_9_SUM.csv,0.7793198628657814,0.6642649919648144,2.2936507936507935,0.6821198015673244
