Technique,AUC,Credibility,LagGlobal,MAP
50Traced_NONETRACED_SUM_RAW_VSM_89_MAX.csv,0.9456963340891912,0.5041659523809524,1.8055555555555556,0.9170444423575638
