Technique,AUC,Credibility,LagGlobal,MAP
50Traced_NONETRACED_SUM_RAW_LSA_13_SUM.csv,0.9552896555447575,0.7490229236560474,1.9841269841269842,0.9307379707802362
