Technique,AUC,Credibility,LagGlobal,MAP
50Traced_NONETRACED_RFUNDER_RAW_LSA_42_SUM.csv,0.8987892776158082,0.8165042043688877,2.2936507936507935,0.8829047524812761
