Technique,AUC,Credibility,LagGlobal,MAP
50Traced_NONETRACED_MAX_MULTI_VSM_76_SUM.csv,0.9711997894395854,0.738384360484876,1.4801587301587302,0.9554415116555952
