Technique,AUC,Credibility,LagGlobal,MAP
50Traced_NONETRACED_SUM_MULTI_VSM_79_SUM.csv,0.9424704405571753,0.7260631226556812,1.4761904761904763,0.8802904147579951
