Technique,AUC,Credibility,LagGlobal,MAP
50Traced_NONETRACED_RFSMOTE_SINGLE_VSM_52_MEDIAN.csv,0.8665775834143181,0.7664788095238095,2.2182539682539684,0.7658681999034757
