Technique,AUC,Credibility,LagGlobal,MAP
50Traced_NONETRACED_RFSMOTE_RAW_VSM_65_SUM.csv,0.8637937317784257,0.7747131401632096,2.2936507936507935,0.8302134109869561
