Technique,AUC,Credibility,LagGlobal,MAP
50Traced_NONETRACED_RFSMOTE_MULTI_VSM_74_MEDIAN.csv,0.8576760069107008,0.7523398809523809,2.126984126984127,0.751052027469606
