Technique,AUC,Credibility,LagGlobal,MAP
50Traced_NONETRACED_RFUNDER_RAW_LSA_84_SUM.csv,0.8889462531044163,0.8187891874600128,2.2936507936507935,0.876863992612186
