Technique,AUC,Credibility,LagGlobal,MAP
50Traced_NONETRACED_RFNONE_MULTI_VSM_49_SUM.csv,0.9228215095562035,0.8324990860067636,2.2182539682539684,0.8973704333808259
