Technique,AUC,Credibility,LagGlobal,MAP
50Traced_NONETRACED_MAX_RAW_VSM_72_MEDIAN.csv,0.9475083684267358,0.7791627380952381,2.2222222222222223,0.9276526994787907
