Technique,AUC,Credibility,LagGlobal,MAP
50Traced_NONETRACED_MAX_SINGLE_LSA_11_SUM.csv,0.9609619641507396,0.734510073567228,1.123015873015873,0.9355817090162933
