Technique,AUC,Credibility,LagGlobal,MAP
50Traced_NONETRACED_RFSMOTE_RAW_LSA_28_SUM.csv,0.8809894989741929,0.7767094394731457,2.2182539682539684,0.8257599809689509
