Technique,AUC,Credibility,LagGlobal,MAP
50Traced_NONETRACED_MEDIAN_RAW_VSM_52_SUM.csv,0.7829203109815355,0.6643992641461558,2.2936507936507935,0.6855825523866446
