Technique,AUC,Credibility,LagGlobal,MAP
50Traced_NONETRACED_MAX_RAW_VSM_45_MAX.csv,0.9167544001727675,0.7702833333333333,2.1865079365079363,0.8995498771498743
