Technique,AUC,Credibility,LagGlobal,MAP
50Traced_NONETRACED_RFNONE_MULTI_VSM_33_SUM.csv,0.9173415397905194,0.8347840690978887,2.2936507936507935,0.9086260190949889
