Technique,AUC,Credibility,LagGlobal,MAP
50Traced_NONETRACED_RFUNDER_SINGLE_LSA_24_SUM.csv,0.9217079689018465,0.8378307132193888,2.123015873015873,0.9101875127495197
