Technique,AUC,Credibility,LagGlobal,MAP
50Traced_NONETRACED_RFUNDER_RAW_LSA_40_SUM.csv,0.8696921228808984,0.7883366974866519,2.2936507936507935,0.8404505791894807
