Technique,AUC,Credibility,LagGlobal,MAP
50Traced_NONETRACED_RFNONE_MULTI_LSA_9_MEDIAN.csv,0.874665937803693,0.8251157142857143,2.2936507936507935,0.8261887631016603
