Technique,AUC,Credibility,LagGlobal,MAP
50Traced_NONETRACED_RFNONE_RAW_VSM_49_SUM.csv,0.9017013551452326,0.8066026109740121,2.2936507936507935,0.8823710068286564
