Technique,AUC,Credibility,LagGlobal,MAP
50Traced_NONETRACED_RFNONE_SINGLE_VSM_3_MEDIAN.csv,0.8806959291653169,0.8152167857142857,2.1547619047619047,0.8608868658548441
