Technique,AUC,Credibility,LagGlobal,MAP
50Traced_NONETRACED_SUM_SINGLE_VSM_36_SUM.csv,0.9609045999352122,0.7522960948607204,1.9404761904761905,0.9346850411265665
