Technique,AUC,Credibility,LagGlobal,MAP
50Traced_NONETRACED_RFSMOTE_SINGLE_VSM_24_SUM.csv,0.8857810981535472,0.7656672940975507,2.0515873015873014,0.8254568202781318
