Technique,AUC,Credibility,LagGlobal,MAP
50Traced_NONETRACED_RFSMOTE_SINGLE_VSM_68_SUM.csv,0.8804563492063492,0.7883827361563518,2.2182539682539684,0.8461630030201494
