Technique,AUC,Credibility,LagGlobal,MAP
50Traced_NONETRACED_RFNONE_MULTI_LSA_97_MAX.csv,0.8939943040708347,0.7944046428571429,2.2182539682539684,0.864530180408164
