Technique,AUC,Credibility,LagGlobal,MAP
50Traced_NONETRACED_RFSMOTE_RAW_LSA_2_MAX.csv,0.8455080444876363,0.7633163095238096,2.2261904761904763,0.7453663039741331
