Technique,AUC,Credibility,LagGlobal,MAP
50Traced_NONETRACED_RFSMOTE_MULTI_VSM_63_SUM.csv,0.851598774430407,0.7272473637743411,2.0317460317460316,0.7411790653884555
