Technique,AUC,Credibility,LagGlobal,MAP
50Traced_NONETRACED_MAX_MULTI_LSA_67_MEDIAN.csv,0.9669413400280747,0.747784761904762,2.0238095238095237,0.9494090746360057
