Technique,AUC,Credibility,LagGlobal,MAP
50Traced_NONETRACED_MAX_MULTI_LSA_93_SUM.csv,0.9432836626714177,0.7357959842807822,1.503968253968254,0.9187634273960802
