Technique,AUC,Credibility,LagGlobal,MAP
50Traced_NONETRACED_MAX_SINGLE_LSA_69_SUM.csv,0.9625614134542706,0.7229644836853165,1.2301587301587302,0.938668706515371
