Technique,AUC,Credibility,LagGlobal,MAP
50Traced_NONETRACED_RFSMOTE_MULTI_LSA_80_SUM.csv,0.9068236421552747,0.8142192212777626,2.1547619047619047,0.8523959848349154
