Technique,AUC,Credibility,LagGlobal,MAP
50Traced_NONETRACED_MAX_SINGLE_LSA_74_MAX.csv,0.9726271460965339,0.7470833333333333,1.003968253968254,0.9551872334063256
