Technique,AUC,Credibility,LagGlobal,MAP
50Traced_NONETRACED_RFSMOTE_SINGLE_VSM_87_MEDIAN.csv,0.8753408109275456,0.7812480952380952,2.2222222222222223,0.8181488557396718
