Technique,AUC,Credibility,LagGlobal,MAP
50Traced_NONETRACED_MEDIAN_SINGLE_LSA_92_MAX.csv,0.7788339542166073,0.6757972619047619,2.2936507936507935,0.6796834161388476
