Technique,AUC,Credibility,LagGlobal,MAP
50Traced_NONETRACED_RFSMOTE_SINGLE_VSM_98_MEDIAN.csv,0.8903466148364108,0.7607445238095238,2.1547619047619047,0.8056590864101534
