Technique,AUC,Credibility,LagGlobal,MAP
50Traced_NONETRACED_MEDIAN_RAW_VSM_55_SUM.csv,0.780956430191124,0.6650759715965489,2.2936507936507935,0.6822869624886357
