Technique,AUC,Credibility,LagGlobal,MAP
50Traced_NONETRACED_RFSMOTE_RAW_VSM_94_MAX.csv,0.8875020246193717,0.7772570238095238,1.876984126984127,0.8069233480981091
