Technique,AUC,Credibility,LagGlobal,MAP
50Traced_NONETRACED_MEDIAN_SINGLE_VSM_53_SUM.csv,0.781914750026995,0.6645952803856889,2.2936507936507935,0.6836776877427635
