Technique,AUC,Credibility,LagGlobal,MAP
50Traced_NONETRACED_RFSMOTE_MULTI_LSA_5_SUM.csv,0.8767546701220171,0.7976893904141461,2.2936507936507935,0.8519389223391953
