Technique,AUC,Credibility,LagGlobal,MAP
50Traced_NONETRACED_SUM_RAW_LSA_10_MEDIAN.csv,0.9305555555555556,0.41315619047619045,1.9563492063492063,0.9048173117549869
