Technique,AUC,Credibility,LagGlobal,MAP
50Traced_NONETRACED_MAX_RAW_VSM_24_SUM.csv,0.952107628765792,0.7615790466296894,1.8412698412698412,0.9271338875782945
