Technique,AUC,Credibility,LagGlobal,MAP
50Traced_NONETRACED_RFNONE_SINGLE_LSA_49_SUM.csv,0.9011243386243386,0.8073642720043872,2.1785714285714284,0.8801533443597694
