Technique,AUC,Credibility,LagGlobal,MAP
50Traced_NONETRACED_RFNONE_MULTI_LSA_75_MEDIAN.csv,0.8896953622718928,0.8282771428571428,2.2936507936507935,0.81535228595366
