Technique,AUC,Credibility,LagGlobal,MAP
50Traced_NONETRACED_MAX_SINGLE_LSA_45_SUM.csv,0.9597910592808552,0.7328503401360544,1.2341269841269842,0.9376491263744263
