Technique,AUC,Credibility,LagGlobal,MAP
50Traced_NONETRACED_RFSMOTE_RAW_LSA_46_MEDIAN.csv,0.8507011931756829,0.7820682142857143,2.2976190476190474,0.7617224736690323
