Technique,AUC,Credibility,LagGlobal,MAP
50Traced_NONETRACED_RFUNDER_SINGLE_VSM_77_MEDIAN.csv,0.9089022513767413,0.8402473809523809,2.1547619047619047,0.890443765258005
