Technique,AUC,Credibility,LagGlobal,MAP
50Traced_NONETRACED_RFUNDER_MULTI_VSM_69_SUM.csv,0.9024403412158515,0.7875610852146361,2.2222222222222223,0.8131396501867237
