Technique,AUC,Credibility,LagGlobal,MAP
50Traced_NONETRACED_RFNONE_MULTI_VSM_91_MEDIAN.csv,0.9092633084980024,0.8137314285714286,2.2182539682539684,0.7910157180596266
