Technique,AUC,Credibility,LagGlobal,MAP
50Traced_NONETRACED_SUM_MULTI_VSM_19_MEDIAN.csv,0.9362616078177304,-0.19831130952380951,1.996031746031746,0.8897778056090048
