Technique,AUC,Credibility,LagGlobal,MAP
50Traced_NONETRACED_RFNONE_RAW_LSA_43_SUM.csv,0.8714771622934888,0.7951776955183865,2.2936507936507935,0.8518748486933398
