Technique,AUC,Credibility,LagGlobal,MAP
50Traced_NONETRACED_SUM_MULTI_VSM_77_SUM.csv,0.933632977000324,0.7250769717169568,1.507936507936508,0.882825370643809
