Technique,AUC,Credibility,LagGlobal,MAP
50Traced_NONETRACED_MAX_MULTI_LSA_90_SUM.csv,0.9633273944498435,0.7466623646142493,1.8214285714285714,0.9492606628014534
