Technique,AUC,Credibility,LagGlobal,MAP
50Traced_NONETRACED_RFSMOTE_MULTI_LSA_35_SUM.csv,0.866537091026887,0.749478033695884,2.2936507936507935,0.7910677835385341
