Technique,AUC,Credibility,LagGlobal,MAP
50Traced_NONETRACED_SUM_RAW_LSA_0_SUM.csv,0.9374696307094268,0.7406824152281868,1.9682539682539681,0.9095025846366553
