Technique,AUC,Credibility,LagGlobal,MAP
50Traced_NONETRACED_RFNONE_RAW_LSA_7_MEDIAN.csv,0.8841107871720116,0.801130119047619,2.2936507936507935,0.8623264735287011
