Technique,AUC,Credibility,LagGlobal,MAP
50Traced_NONETRACED_RFUNDER_RAW_LSA_94_SUM.csv,0.8714467930029155,0.8066026109740121,2.2182539682539684,0.8535809964792984
