Technique,AUC,Credibility,LagGlobal,MAP
50Traced_NONETRACED_MAX_SINGLE_LSA_29_SUM.csv,0.9697218172983479,0.7343506135500842,0.9642857142857143,0.9470365775144689
