Technique,AUC,Credibility,LagGlobal,MAP
50Traced_NONETRACED_SUM_MULTI_VSM_27_SUM.csv,0.9513045297484072,0.7362756748493368,2.2063492063492065,0.9120150558429421
