Technique,AUC,Credibility,LagGlobal,MAP
50Traced_NONETRACED_RFNONE_SINGLE_LSA_79_MEDIAN.csv,0.8940145502645502,0.8284788095238095,2.2182539682539684,0.8807437022989644
