Technique,AUC,Credibility,LagGlobal,MAP
50Traced_NONETRACED_SUM_MULTI_VSM_58_SUM.csv,0.9511391858330633,0.7351999064128932,1.8333333333333333,0.916154908162152
