Technique,AUC,Credibility,LagGlobal,MAP
50Traced_NONETRACED_RFSMOTE_SINGLE_LSA_75_SUM.csv,0.9113689126444229,0.8162421167190669,2.2182539682539684,0.890488253787379
