Technique,AUC,Credibility,LagGlobal,MAP
50Traced_NONETRACED_RFSMOTE_RAW_LSA_93_MEDIAN.csv,0.8572609599395313,0.779600238095238,2.1547619047619047,0.8187386904677901
