Technique,AUC,Credibility,LagGlobal,MAP
50Traced_NONETRACED_RFSMOTE_SINGLE_LSA_73_MAX.csv,0.9005776913940179,0.8016988095238096,2.2182539682539684,0.8587951316092858
