Technique,AUC,Credibility,LagGlobal,MAP
50Traced_NONETRACED_SUM_MULTI_VSM_70_MAX.csv,0.9423422146636432,-0.12455797619047619,1.6865079365079365,0.9049849978979108
