Technique,AUC,Credibility,LagGlobal,MAP
50Traced_NONETRACED_RFNONE_SINGLE_VSM_51_SUM.csv,0.9255884893639996,0.8324990860067636,2.2182539682539684,0.9155320640246667
