Technique,AUC,Credibility,LagGlobal,MAP
50Traced_NONETRACED_RFUNDER_SINGLE_LSA_89_SUM.csv,0.8869081362703811,0.8203125095207628,2.2182539682539684,0.8641541027535018
