Technique,AUC,Credibility,LagGlobal,MAP
50Traced_NONETRACED_MEDIAN_RAW_LSA_94_SUM.csv,0.7844961397257315,0.6649450224139389,2.2936507936507935,0.6881140555153515
