Technique,AUC,Credibility,LagGlobal,MAP
50Traced_NONETRACED_SUM_RAW_VSM_79_MEDIAN.csv,0.9602196037145015,0.5004380952380952,1.2698412698412698,0.9282982945844807
