Technique,AUC,Credibility,LagGlobal,MAP
50Traced_NONETRACED_MAX_MULTI_LSA_45_SUM.csv,0.9650516952812871,0.74994141163496,1.5396825396825398,0.9451401331780434
