Technique,AUC,Credibility,LagGlobal,MAP
50Traced_NONETRACED_SUM_RAW_LSA_45_MAX.csv,0.9589845858978512,0.38550619047619045,1.9166666666666667,0.9403304350934688
