Technique,AUC,Credibility,LagGlobal,MAP
50Traced_NONETRACED_SUM_MULTI_VSM_46_MAX.csv,0.9483620829284094,-0.1583207142857143,1.3095238095238095,0.9072707235062732
