Technique,AUC,Credibility,LagGlobal,MAP
50Traced_NONETRACED_RFSMOTE_SINGLE_VSM_18_SUM.csv,0.8790931054961666,0.7581361098185202,2.2222222222222223,0.8277707523732942
