Technique,AUC,Credibility,LagGlobal,MAP
50Traced_NONETRACED_RFSMOTE_SINGLE_VSM_55_SUM.csv,0.8938087139617752,0.7960882028289894,2.2182539682539684,0.8555952918687271
