Technique,AUC,Credibility,LagGlobal,MAP
50Traced_NONETRACED_SUM_RAW_LSA_67_SUM.csv,0.9195753698304718,0.7403451371932748,1.9206349206349207,0.8865674658279767
