Technique,AUC,Credibility,LagGlobal,MAP
50Traced_NONETRACED_RFNONE_RAW_VSM_29_MEDIAN.csv,0.8619918205377388,0.7953290476190477,2.2182539682539684,0.8364824616143436
