Technique,AUC,Credibility,LagGlobal,MAP
50Traced_NONETRACED_SUM_SINGLE_VSM_55_MAX.csv,0.9568486124608574,-0.20528559523809523,0.9523809523809523,0.9055754480207562
