Technique,AUC,Credibility,LagGlobal,MAP
50Traced_NONETRACED_MAX_MULTI_VSM_12_SUM.csv,0.9528297430083145,0.7373098743091896,1.6150793650793651,0.9301262716685952
