Technique,AUC,Credibility,LagGlobal,MAP
50Traced_NONETRACED_MAX_SINGLE_VSM_2_SUM.csv,0.9666241496598639,0.7360405235153422,1.2817460317460319,0.9440238712275875
