Technique,AUC,Credibility,LagGlobal,MAP
50Traced_NONETRACED_RFUNDER_MULTI_VSM_40_MEDIAN.csv,0.8960762876579202,0.8285767857142857,2.2182539682539684,0.8161281146268046
