Technique,AUC,Credibility,LagGlobal,MAP
50Traced_NONETRACED_RFSMOTE_MULTI_VSM_97_MEDIAN.csv,0.8370248893208078,0.7670579761904762,2.2936507936507935,0.771129940345199
