Technique,AUC,Credibility,LagGlobal,MAP
50Traced_NONETRACED_RFSMOTE_RAW_LSA_79_SUM.csv,0.8776488770111218,0.7906077293361362,2.1785714285714284,0.8328755608619994
