Technique,AUC,Credibility,LagGlobal,MAP
50Traced_NONETRACED_MAX_SINGLE_LSA_9_MAX.csv,0.9775975866537091,0.7398163095238095,0.9047619047619048,0.9605516248072358
