Technique,AUC,Credibility,LagGlobal,MAP
50Traced_NONETRACED_MEDIAN_SINGLE_VSM_66_MEDIAN.csv,0.7787630925386028,0.6758234523809524,2.2936507936507935,0.6796588267626342
