Technique,AUC,Credibility,LagGlobal,MAP
50Traced_NONETRACED_RFSMOTE_SINGLE_LSA_57_SUM.csv,0.8094495734801856,0.72745012594142,2.2936507936507935,0.7521939019369982
