Technique,AUC,Credibility,LagGlobal,MAP
50Traced_NONETRACED_MAX_RAW_LSA_5_SUM.csv,0.944478188100637,0.7703997870134413,1.9206349206349207,0.9203570852045846
