Technique,AUC,Credibility,LagGlobal,MAP
50Traced_NONETRACED_RFNONE_RAW_VSM_27_SUM.csv,0.9272520516142965,0.8233591536422631,2.1547619047619047,0.9124064602047036
