Technique,AUC,Credibility,LagGlobal,MAP
50Traced_NONETRACED_RFSMOTE_SINGLE_VSM_49_SUM.csv,0.8738662131519276,0.7959393565487616,2.2936507936507935,0.8457854544375053
