Technique,AUC,Credibility,LagGlobal,MAP
50Traced_NONETRACED_SUM_SINGLE_LSA_26_SUM.csv,0.9677883057985099,0.7574436790366443,0.6309523809523809,0.9280041774415494
