Technique,AUC,Credibility,LagGlobal,MAP
50Traced_NONETRACED_RFSMOTE_RAW_LSA_65_SUM.csv,0.8648161645610625,0.7944160344880115,2.2936507936507935,0.8336651583950156
