Technique,AUC,Credibility,LagGlobal,MAP
50Traced_NONETRACED_RFSMOTE_RAW_LSA_91_SUM.csv,0.8918785768275566,0.7928927124272613,2.2936507936507935,0.8515504916452494
