Technique,AUC,Credibility,LagGlobal,MAP
50Traced_NONETRACED_SUM_SINGLE_VSM_39_MAX.csv,0.9588597343699384,-0.26133285714285714,1.6865079365079365,0.9243489212993411
