Technique,AUC,Credibility,LagGlobal,MAP
50Traced_NONETRACED_RFUNDER_SINGLE_VSM_49_SUM.csv,0.8954554043839759,0.821074170551138,2.2936507936507935,0.8702353005243795
