Technique,AUC,Credibility,LagGlobal,MAP
50Traced_NONETRACED_RFUNDER_RAW_LSA_2_SUM.csv,0.8910687290789332,0.8058409499436371,2.2182539682539684,0.8622057606600322
