Technique,AUC,Credibility,LagGlobal,MAP
50Traced_NONETRACED_RFSMOTE_MULTI_VSM_36_SUM.csv,0.8805778263686426,0.7968633533632231,2.2182539682539684,0.8383049192797003
