Technique,AUC,Credibility,LagGlobal,MAP
50Traced_NONETRACED_RFSMOTE_MULTI_LSA_80_MEDIAN.csv,0.8947771568945038,0.8181819047619048,2.1547619047619047,0.7749523030759058
