Technique,AUC,Credibility,LagGlobal,MAP
50Traced_NONETRACED_RFUNDER_SINGLE_VSM_57_SUM.csv,0.8918077151495519,0.8279291198245133,2.2182539682539684,0.8774744320347965
