Technique,AUC,Credibility,LagGlobal,MAP
50Traced_NONETRACED_MAX_MULTI_LSA_74_SUM.csv,0.9709939531368104,0.7469403649310191,1.130952380952381,0.9496809525490717
