Technique,AUC,Credibility,LagGlobal,MAP
50Traced_NONETRACED_RFSMOTE_RAW_VSM_9_SUM.csv,0.9148343861354065,0.8104109161258873,2.0595238095238093,0.8830298384231302
