Technique,AUC,Credibility,LagGlobal,MAP
50Traced_NONETRACED_RFUNDER_MULTI_LSA_91_MEDIAN.csv,0.8979693067703272,0.8231319047619048,2.2182539682539684,0.7870627329760226
