Technique,AUC,Credibility,LagGlobal,MAP
50Traced_NONETRACED_RFNONE_MULTI_VSM_35_SUM.csv,0.8921215311521434,0.8142192212777626,2.2182539682539684,0.8313462336234669
