Technique,AUC,Credibility,LagGlobal,MAP
50Traced_NONETRACED_MAX_MULTI_VSM_63_SUM.csv,0.9636817028398662,0.7577565573446216,2.130952380952381,0.9538632271394342
