Technique,AUC,Credibility,LagGlobal,MAP
50Traced_NONETRACED_RFUNDER_MULTI_LSA_28_MAX.csv,0.8947501619695498,0.8116802380952381,2.2222222222222223,0.7505953593738746
