Technique,AUC,Credibility,LagGlobal,MAP
50Traced_NONETRACED_RFUNDER_RAW_VSM_51_SUM.csv,0.8598490983695065,0.7898460683057612,2.2936507936507935,0.8305936873193338
