Technique,AUC,Credibility,LagGlobal,MAP
50Traced_NONETRACED_RFUNDER_SINGLE_LSA_6_SUM.csv,0.9196934726271461,0.8378307132193888,2.2182539682539684,0.9074983486685255
