Technique,AUC,Credibility,LagGlobal,MAP
50Traced_NONETRACED_RFSMOTE_MULTI_VSM_21_SUM.csv,0.8036962800993412,0.7313759806785133,2.2936507936507935,0.713066703149503
