Technique,AUC,Credibility,LagGlobal,MAP
50Traced_NONETRACED_RFNONE_RAW_VSM_74_MAX.csv,0.9144227135298565,0.8275296428571428,2.123015873015873,0.9005609681650376
