Technique,AUC,Credibility,LagGlobal,MAP
50Traced_NONETRACED_SUM_MULTI_VSM_13_SUM.csv,0.9365146852391752,0.7290198231013567,2.0912698412698414,0.9028980494235872
