Technique,AUC,Credibility,LagGlobal,MAP
50Traced_NONETRACED_SUM_RAW_LSA_49_SUM.csv,0.9398283122772919,0.7389728425111789,2.134920634920635,0.9010411733750663
