Technique,AUC,Credibility,LagGlobal,MAP
50Traced_NONETRACED_RFSMOTE_RAW_LSA_13_MAX.csv,0.8712240848720441,0.783497619047619,2.1865079365079363,0.746498592269888
