Technique,AUC,Credibility,LagGlobal,MAP
50Traced_NONETRACED_RFSMOTE_SINGLE_LSA_49_MAX.csv,0.8379562142317245,0.7438364285714286,2.2936507936507935,0.7790567160619617
