Technique,AUC,Credibility,LagGlobal,MAP
50Traced_NONETRACED_MEDIAN_RAW_LSA_7_SUM.csv,0.7797450329338085,0.6642047938525693,2.2936507936507935,0.6833810401968305
