Technique,AUC,Credibility,LagGlobal,MAP
50Traced_NONETRACED_RFUNDER_MULTI_LSA_7_MEDIAN.csv,0.904201760069107,0.8185061904761904,2.2182539682539684,0.7657844824583468
