Technique,AUC,Credibility,LagGlobal,MAP
50Traced_NONETRACED_RFUNDER_RAW_VSM_82_SUM.csv,0.8851230968577908,0.803555966852512,2.1825396825396823,0.8645907272443965
