Technique,AUC,Credibility,LagGlobal,MAP
50Traced_NONETRACED_RFUNDER_RAW_LSA_71_SUM.csv,0.9053861624014685,0.8203125095207628,2.2182539682539684,0.8836651832066068
