Technique,AUC,Credibility,LagGlobal,MAP
50Traced_NONETRACED_RFSMOTE_RAW_LSA_44_SUM.csv,0.8817588543353849,0.804317627882887,2.2182539682539684,0.8603340384912136
