Technique,AUC,Credibility,LagGlobal,MAP
50Traced_NONETRACED_RFUNDER_MULTI_LSA_11_MEDIAN.csv,0.9008847586653709,0.8291694047619048,2.2936507936507935,0.8086623790205693
