Technique,AUC,Credibility,LagGlobal,MAP
50Traced_NONETRACED_RFUNDER_SINGLE_LSA_79_MAX.csv,0.9211478242090486,0.8543430952380953,2.2182539682539684,0.9039839041489882
