Technique,AUC,Credibility,LagGlobal,MAP
50Traced_NONETRACED_SUM_SINGLE_LSA_79_SUM.csv,0.9670324478997948,0.7519887462100945,1.007936507936508,0.9382655386393686
