Technique,AUC,Credibility,LagGlobal,MAP
50Traced_NONETRACED_MEDIAN_MULTI_LSA_61_MAX.csv,0.7781017168772272,0.6757302380952381,2.2936507936507935,0.679468377744116
