Technique,AUC,Credibility,LagGlobal,MAP
50Traced_NONETRACED_RFUNDER_MULTI_LSA_77_SUM.csv,0.9372671687722709,0.8446856624927642,2.0476190476190474,0.8979535337404803
