Technique,AUC,Credibility,LagGlobal,MAP
50Traced_NONETRACED_SUM_RAW_LSA_25_SUM.csv,0.9330120937263794,0.7405088278545189,1.9761904761904763,0.8934628902211496
