Technique,AUC,Credibility,LagGlobal,MAP
50Traced_NONETRACED_RFNONE_MULTI_VSM_40_MEDIAN.csv,0.894497084548105,0.8288010714285714,2.2182539682539684,0.8728572618982001
