Technique,AUC,Credibility,LagGlobal,MAP
50Traced_NONETRACED_RFNONE_SINGLE_LSA_12_MEDIAN.csv,0.893295810387647,0.8224983333333333,2.2182539682539684,0.8771122951457512
