Technique,AUC,Credibility,LagGlobal,MAP
50Traced_NONETRACED_RFNONE_MULTI_VSM_76_SUM.csv,0.8707449249541086,0.8050792889132621,2.2936507936507935,0.8403510102223524
