Technique,AUC,Credibility,LagGlobal,MAP
50Traced_NONETRACED_RFNONE_MULTI_VSM_23_SUM.csv,0.9054603984450924,0.8241208146726381,2.2182539682539684,0.8929603853697953
