Technique,AUC,Credibility,LagGlobal,MAP
50Traced_NONETRACED_RFNONE_RAW_VSM_84_MEDIAN.csv,0.8782360166288739,0.7992559523809524,2.2182539682539684,0.85454457539391
