Technique,AUC,Credibility,LagGlobal,MAP
50Traced_NONETRACED_RFUNDER_SINGLE_VSM_25_MEDIAN.csv,0.9175372529964366,0.8449372619047619,2.2182539682539684,0.8970411846117411
