Technique,AUC,Credibility,LagGlobal,MAP
50Traced_NONETRACED_MAX_RAW_LSA_65_MAX.csv,0.9288515009178275,0.7781564285714285,2.265873015873016,0.9107876404219863
