Technique,AUC,Credibility,LagGlobal,MAP
50Traced_NONETRACED_RFSMOTE_MULTI_VSM_24_MEDIAN.csv,0.8056972789115646,0.7034810714285714,2.2936507936507935,0.6524454911018548
